age,gender,height,weight,goal_weight,goal,activity,workout_days,sleep,water,target_calories,workout_intensity
49,male,167.7,87.1,84.2,fat loss,lightly active,1,7.1,3.25,1809,Moderate
60,female,169.3,60.6,66.0,muscle gain,moderately active,5,5.9,2.63,2006,Moderate
50,female,167.2,75.3,75.3,endurance,extremely active,1,7.3,2.89,2972,High
48,male,163.5,90.2,81.2,fat loss,moderately active,2,6.6,2.85,1989,Moderate
41,male,173.0,93.5,93.5,endurance,moderately active,5,7.8,2.17,2654,High
29,female,161.0,66.3,66.3,maintenance,extremely active,3,7.1,2.32,2664,High
31,male,178.2,65.9,65.9,maintenance,sedentary,5,9.1,1.86,1839,Low
56,female,160.8,82.7,82.7,endurance,sedentary,3,7.1,2.32,1618,Low
19,male,176.2,81.4,81.4,recomposition,extremely active,6,5.5,3.22,3079,High
20,male,192.1,81.3,81.3,recomposition,extremely active,3,6.7,3.09,3549,High
37,female,174.5,55.9,55.9,endurance,moderately active,1,7.0,2.89,2108,Moderate
57,female,177.1,87.7,87.7,maintenance,lightly active,5,5.9,3.17,1990,Moderate
51,female,169.1,58.7,58.7,endurance,sedentary,4,8.8,2.24,1591,Moderate
47,female,173.8,71.5,71.5,recomposition,sedentary,6,6.6,1.68,1522,Moderate
44,female,152.2,85.6,85.6,endurance,extremely active,1,6.2,2.39,2566,High
21,female,153.1,75.0,75.0,maintenance,very active,4,7.2,2.45,2290,High
33,female,160.7,58.2,58.2,recomposition,extremely active,5,5.9,2.97,2278,High
20,male,183.1,84.7,84.7,maintenance,moderately active,3,8.2,2.86,2801,Moderate
56,female,161.6,92.3,92.3,endurance,very active,2,7.9,3.21,2719,High
56,male,172.5,64.4,64.4,recomposition,extremely active,2,7.2,1.09,2786,High
29,female,171.1,60.8,53.4,fat loss,lightly active,1,7.7,1.94,1451,Moderate
31,male,174.6,101.6,101.6,maintenance,moderately active,4,6.4,2.44,3519,Moderate
33,male,180.5,52.5,49.9,fat loss,lightly active,5,5.2,2.84,1670,Low
64,female,170.6,75.5,75.5,recomposition,moderately active,3,6.6,3.97,1953,Moderate
42,female,164.6,48.9,48.9,recomposition,lightly active,1,6.4,1.82,1378,Low
57,female,157.1,65.3,65.3,endurance,lightly active,5,4.6,2.0,1681,Moderate
40,male,181.3,89.2,77.8,fat loss,lightly active,6,5.7,2.2,1983,Moderate
53,female,177.7,76.9,76.9,maintenance,extremely active,4,5.5,1.98,2888,High
44,female,160.5,60.6,67.1,muscle gain,lightly active,1,5.7,1.88,1824,Moderate
31,male,186.9,99.2,99.2,maintenance,very active,3,8.6,2.53,3557,High
63,male,189.0,63.2,63.2,endurance,moderately active,4,7.6,3.19,2453,High
54,male,183.3,64.0,64.0,maintenance,very active,6,8.2,2.58,2776,High
57,male,175.2,85.4,85.4,maintenance,sedentary,3,7.6,1.9,2129,Low
67,female,161.2,70.0,70.0,endurance,very active,1,8.3,2.36,2238,High
29,female,159.5,58.9,58.9,maintenance,very active,5,7.0,1.77,2309,High
20,male,186.7,86.0,86.0,maintenance,sedentary,5,8.8,3.19,2475,Moderate
47,female,170.7,59.8,59.8,maintenance,lightly active,2,5.5,3.53,1801,Low
33,female,157.4,47.7,47.7,endurance,extremely active,3,6.9,1.38,2302,High
39,male,175.4,71.3,71.3,maintenance,lightly active,1,5.8,2.66,2281,Low
28,female,163.7,57.6,57.6,recomposition,moderately active,1,8.5,1.96,2096,High
37,male,173.9,68.4,64.2,fat loss,extremely active,2,7.5,2.54,2434,High
37,female,165.2,75.0,72.1,fat loss,extremely active,1,8.4,2.44,2279,High
34,female,162.3,80.6,76.4,fat loss,lightly active,2,5.3,1.56,1572,Low
56,male,173.3,85.6,85.6,maintenance,very active,4,6.3,3.35,3129,High
48,male,175.4,55.1,55.1,recomposition,extremely active,3,4.9,2.39,2618,High
41,female,150.4,86.0,96.9,muscle gain,moderately active,1,7.4,2.17,2438,High
22,male,180.0,59.0,59.0,endurance,extremely active,4,6.5,2.58,3198,High
46,female,161.2,72.1,66.8,fat loss,very active,6,7.9,1.89,1822,High
25,female,151.9,60.8,60.8,recomposition,very active,4,7.0,2.37,2084,High
32,female,162.5,55.2,58.3,muscle gain,very active,2,4.4,1.21,2439,High
38,female,148.5,84.7,81.3,fat loss,sedentary,5,5.0,0.85,1351,Low
23,male,173.9,76.6,76.6,recomposition,sedentary,3,7.1,1.82,1798,Low
37,male,178.7,79.4,79.4,maintenance,extremely active,1,7.6,2.13,3639,High
30,male,177.2,103.0,103.0,recomposition,very active,4,4.3,1.27,3317,High
61,male,175.4,88.2,88.2,endurance,extremely active,5,6.9,2.15,3403,High
62,male,176.0,85.4,85.4,maintenance,moderately active,2,5.8,2.13,2549,Low
16,female,157.5,57.6,57.6,endurance,lightly active,3,5.7,2.46,2009,High
48,male,172.9,71.1,71.1,maintenance,extremely active,1,6.2,2.93,2966,High
50,female,163.4,88.4,92.8,muscle gain,extremely active,3,7.1,3.7,3120,High
36,female,156.7,53.6,59.3,muscle gain,extremely active,3,6.2,2.8,2462,High
41,female,164.9,58.2,60.2,muscle gain,extremely active,2,4.6,1.81,2852,High
58,female,164.8,105.7,105.7,endurance,sedentary,4,7.1,2.97,2086,Moderate
36,male,166.2,73.9,73.9,maintenance,extremely active,5,6.6,3.48,3039,High
19,female,179.9,58.5,58.5,endurance,sedentary,3,5.9,1.72,1783,Low
36,male,174.3,68.7,77.6,muscle gain,very active,5,6.6,1.75,3034,High
29,male,181.3,67.2,67.2,recomposition,sedentary,3,6.6,1.51,2021,Moderate
36,female,160.0,69.3,62.9,fat loss,sedentary,3,7.1,2.1,1227,Low
28,male,176.2,76.8,81.9,muscle gain,very active,4,6.7,2.76,3485,High
24,male,178.7,86.0,73.9,fat loss,lightly active,2,7.2,3.54,2135,Moderate
69,male,170.2,86.8,86.8,endurance,extremely active,6,6.9,3.12,3217,High
22,female,159.0,50.8,53.0,muscle gain,lightly active,4,8.0,2.77,1874,High
54,male,174.9,64.7,64.7,endurance,very active,3,8.9,2.53,2434,High
54,male,163.9,76.8,76.8,maintenance,very active,2,7.0,2.77,2740,High
49,male,166.9,69.1,64.9,fat loss,extremely active,5,6.3,2.82,2054,High
65,female,159.8,72.8,81.7,muscle gain,extremely active,1,5.3,3.41,2667,High
16,male,180.3,103.7,109.6,muscle gain,moderately active,1,7.8,2.49,3638,High
32,male,176.7,58.5,58.5,maintenance,lightly active,4,5.9,2.68,2207,Moderate
25,male,179.3,108.3,116.8,muscle gain,moderately active,3,9.8,2.21,3423,High
47,female,168.3,66.7,66.7,recomposition,very active,2,10.0,2.58,2045,High
50,female,166.7,64.5,64.5,recomposition,extremely active,3,6.7,2.32,2377,High
64,female,176.2,63.1,59.0,fat loss,sedentary,5,5.0,1.67,1189,Low
36,male,155.5,88.6,88.6,maintenance,sedentary,3,7.8,3.11,1775,Low
28,male,183.6,103.3,103.3,maintenance,moderately active,4,9.5,3.54,3169,High
65,female,162.9,86.1,92.9,muscle gain,moderately active,1,5.4,2.47,2681,Moderate
52,female,173.8,56.5,56.5,recomposition,extremely active,5,9.3,2.73,2294,High
57,female,163.0,64.4,72.7,muscle gain,lightly active,1,4.8,3.1,1741,Low
40,male,182.3,56.3,56.3,endurance,sedentary,2,5.3,2.4,1953,Low
40,male,197.5,70.7,70.7,maintenance,sedentary,2,7.4,2.63,2219,Low
37,female,157.3,56.9,60.4,muscle gain,extremely active,3,8.2,2.35,2301,High
56,female,166.7,80.7,80.7,recomposition,very active,2,6.9,2.12,2267,High
27,male,162.3,107.8,107.8,recomposition,extremely active,5,7.5,2.87,3818,High
68,female,161.7,65.9,65.9,maintenance,lightly active,3,8.3,2.86,1460,Low
25,female,167.0,89.4,89.4,recomposition,sedentary,1,8.5,3.15,1851,Low
40,male,175.9,106.7,118.0,muscle gain,moderately active,3,6.3,2.5,3378,Moderate
32,female,164.1,77.4,77.4,endurance,sedentary,1,6.0,1.66,1817,Low
50,male,180.5,84.6,84.6,recomposition,sedentary,2,8.3,3.28,2134,Low
52,male,164.9,83.2,95.7,muscle gain,extremely active,4,7.5,1.99,3672,High
65,female,164.1,66.5,66.5,endurance,lightly active,4,7.7,1.97,1708,Moderate
58,female,158.8,95.6,95.6,endurance,sedentary,4,6.2,2.13,1772,Low
29,male,165.2,82.1,78.3,fat loss,lightly active,3,7.8,1.28,2029,Low
27,female,172.1,70.7,70.7,recomposition,lightly active,6,5.7,2.35,2032,High
63,male,174.5,73.5,73.5,maintenance,extremely active,1,7.3,2.93,2877,High
42,female,157.5,70.0,70.0,recomposition,very active,3,7.1,2.2,2237,High
21,male,183.5,85.1,93.8,muscle gain,moderately active,2,7.1,3.44,3423,Moderate
60,female,167.5,64.4,67.4,muscle gain,moderately active,1,7.9,3.39,2023,Moderate
51,female,167.4,40.6,43.2,muscle gain,very active,4,5.8,3.12,1931,High
17,female,163.1,74.7,67.1,fat loss,sedentary,1,7.8,1.15,1460,Low
58,female,164.1,54.0,54.0,endurance,moderately active,4,7.0,3.5,1604,High
48,male,178.1,95.5,104.5,muscle gain,lightly active,6,6.1,2.33,2765,High
49,female,165.4,68.0,68.0,endurance,sedentary,5,5.4,3.67,1569,Low
62,male,173.6,96.2,102.9,muscle gain,moderately active,5,9.3,2.08,3055,High
42,female,170.7,55.7,60.8,muscle gain,very active,2,6.9,2.4,2257,High
40,female,163.4,61.0,61.0,endurance,very active,4,6.6,2.56,2360,High
49,male,175.0,82.2,90.0,muscle gain,sedentary,4,5.6,1.85,2282,Low
26,female,162.0,48.7,48.7,recomposition,lightly active,3,8.3,1.37,1569,Moderate
24,female,168.3,82.4,71.5,fat loss,lightly active,3,8.2,0.82,1804,Moderate
61,male,171.1,91.9,91.9,endurance,sedentary,1,8.0,4.57,2203,Low
27,male,165.2,93.9,93.9,recomposition,moderately active,6,6.9,1.33,2673,High
43,male,169.7,61.1,61.1,recomposition,moderately active,6,7.9,1.34,2157,High
30,male,185.5,58.7,50.6,fat loss,very active,5,6.0,2.9,2120,High
28,male,173.6,72.5,72.5,endurance,very active,4,7.3,1.5,2908,High
48,female,163.7,72.1,72.1,maintenance,extremely active,1,6.9,1.37,2794,High
59,female,160.2,62.8,70.2,muscle gain,moderately active,4,7.3,0.5,2012,High
39,male,179.0,69.2,61.6,fat loss,lightly active,6,4.8,2.7,1782,Moderate
23,female,165.1,77.5,73.3,fat loss,moderately active,1,9.2,1.75,1889,Moderate
29,female,153.9,55.7,55.7,recomposition,very active,3,8.9,2.95,2032,High
24,male,176.3,69.5,76.8,muscle gain,lightly active,6,5.6,2.45,2506,High
63,female,160.9,40.0,40.0,endurance,moderately active,6,7.7,2.56,1472,High
33,female,162.0,42.9,47.8,muscle gain,extremely active,3,5.2,2.18,2507,High
36,female,155.1,75.3,68.8,fat loss,very active,2,7.1,2.31,1736,High
19,female,168.5,62.6,62.6,endurance,very active,2,4.4,1.87,2607,High
40,female,160.1,56.9,56.9,recomposition,extremely active,3,6.6,1.94,2074,High
65,male,168.2,63.5,63.5,maintenance,sedentary,2,6.4,1.73,1442,Low
38,female,165.0,62.9,62.9,endurance,moderately active,4,8.4,3.56,2120,High
51,female,162.1,55.1,55.1,recomposition,lightly active,1,9.0,2.22,1396,Low
25,male,186.3,82.3,71.6,fat loss,lightly active,1,9.0,0.91,1890,Moderate
23,female,156.5,42.4,42.4,maintenance,very active,1,8.4,2.68,2245,High
55,male,165.3,81.8,81.8,endurance,very active,5,7.1,1.94,2957,High
19,male,176.6,88.9,88.9,recomposition,moderately active,6,7.5,2.47,2897,High
40,male,174.6,102.1,102.1,recomposition,moderately active,1,7.5,2.31,2814,Low
33,female,154.3,62.4,54.8,fat loss,moderately active,6,5.6,3.54,1453,High
16,male,179.2,72.4,72.4,maintenance,extremely active,1,8.4,2.23,3328,High
44,male,154.1,77.1,68.7,fat loss,sedentary,1,7.8,3.07,1427,Moderate
68,male,178.8,84.1,84.1,recomposition,moderately active,2,7.9,3.0,2115,Low
19,female,152.8,69.2,73.1,muscle gain,sedentary,2,4.3,1.54,2070,Low
60,female,169.8,62.2,67.2,muscle gain,extremely active,6,7.5,2.63,2587,High
45,male,173.7,64.2,64.2,maintenance,lightly active,1,8.2,1.97,1969,Low
55,male,177.9,85.6,77.7,fat loss,sedentary,6,7.0,1.65,1642,Moderate
21,female,163.2,88.7,88.7,recomposition,extremely active,6,6.4,1.66,2717,High
62,male,179.9,78.0,78.0,maintenance,very active,3,5.4,3.07,2604,Moderate
16,female,161.5,60.8,60.8,maintenance,extremely active,5,5.3,4.35,2856,High
64,male,175.3,60.4,60.4,recomposition,lightly active,4,7.2,1.94,1752,Moderate
51,female,155.0,60.8,60.8,recomposition,lightly active,6,6.7,2.65,1515,Moderate
34,male,168.1,62.2,62.2,endurance,very active,2,6.7,2.72,2748,High
16,male,182.2,82.1,78.1,fat loss,extremely active,6,8.8,2.13,2835,High
48,female,150.5,55.0,55.0,maintenance,extremely active,3,5.5,3.49,2003,High
20,male,182.5,82.4,79.8,fat loss,lightly active,6,6.6,4.04,2337,Moderate
48,female,155.1,68.6,77.5,muscle gain,very active,6,9.0,2.08,2316,High
57,female,164.6,40.0,40.0,maintenance,extremely active,6,6.6,3.71,1767,High
30,female,162.9,66.7,61.5,fat loss,very active,5,7.1,2.12,1952,High
28,female,168.2,55.7,55.7,maintenance,very active,3,6.8,1.82,2081,High
27,female,170.5,78.1,78.1,endurance,sedentary,5,7.8,2.4,2074,High
28,male,165.6,40.0,35.9,fat loss,very active,2,4.5,3.11,1772,High
22,male,178.5,78.9,88.4,muscle gain,sedentary,2,6.8,2.43,2437,Low
29,male,175.6,64.9,68.3,muscle gain,moderately active,5,7.1,3.02,2838,High
51,female,182.8,53.2,53.2,endurance,moderately active,5,5.8,2.66,2006,High
32,male,181.0,100.6,100.6,recomposition,sedentary,2,7.4,3.45,2384,Low
58,male,159.6,74.8,65.2,fat loss,moderately active,6,7.9,2.87,1882,Moderate
60,male,177.4,106.5,106.5,recomposition,lightly active,5,7.5,3.57,2530,Moderate
57,male,186.3,60.3,54.9,fat loss,sedentary,6,9.1,1.9,1298,Moderate
45,male,185.1,64.8,64.8,recomposition,very active,3,6.5,2.36,2543,High
33,male,177.7,90.7,94.1,muscle gain,very active,4,7.6,2.5,3565,High
66,female,148.4,44.8,44.8,recomposition,extremely active,4,7.6,1.9,1763,High
27,female,174.1,56.0,56.0,maintenance,very active,1,6.7,1.8,2135,Moderate
41,female,161.6,43.2,43.2,recomposition,sedentary,2,8.4,2.77,1180,Low
40,male,178.8,78.0,86.5,muscle gain,sedentary,6,7.3,2.97,2437,Moderate
56,female,148.8,65.9,65.9,maintenance,extremely active,5,5.6,2.58,2058,High
45,male,180.3,82.5,82.5,endurance,sedentary,4,7.9,3.24,2096,Moderate
59,female,159.1,68.8,68.8,endurance,lightly active,1,6.4,1.73,1948,Low
65,female,167.0,74.1,74.1,maintenance,lightly active,1,6.6,2.23,1825,Low
37,female,165.2,63.6,63.6,endurance,sedentary,4,6.7,1.67,1752,Moderate
63,male,165.6,74.5,68.8,fat loss,very active,1,7.9,2.6,2117,High
25,male,180.4,72.7,72.7,recomposition,very active,1,8.3,2.84,2862,High
65,female,162.6,73.3,73.3,recomposition,extremely active,4,6.8,3.44,2293,High
25,male,181.1,89.7,97.1,muscle gain,moderately active,6,6.7,1.68,3490,High
61,male,171.3,53.4,57.6,muscle gain,moderately active,6,4.5,2.76,2150,High
37,male,180.8,52.8,52.8,maintenance,lightly active,3,6.1,3.51,2244,Moderate
68,male,173.9,68.4,68.4,recomposition,sedentary,6,5.9,1.8,1584,Low
22,male,169.9,83.2,83.2,recomposition,extremely active,4,7.4,1.63,3427,High
41,male,172.2,79.5,79.5,recomposition,extremely active,6,6.9,1.47,3108,High
64,female,181.3,84.6,84.6,recomposition,extremely active,2,5.9,2.94,2615,High
18,female,174.5,63.9,63.9,endurance,sedentary,4,7.2,1.99,1917,Moderate
30,female,145.0,74.0,74.0,endurance,moderately active,6,6.9,2.83,2190,High
20,male,179.5,90.8,90.8,maintenance,very active,6,4.0,2.35,2984,High
33,female,169.5,48.3,43.0,fat loss,extremely active,6,8.3,3.76,1839,High
37,male,167.6,96.0,99.2,muscle gain,moderately active,1,8.2,3.05,2935,Moderate
49,male,173.4,56.9,50.6,fat loss,sedentary,4,6.7,1.94,1398,Low
29,male,182.7,78.8,78.8,maintenance,extremely active,1,7.4,2.29,3372,High
24,male,171.4,81.9,81.9,endurance,sedentary,3,6.6,3.05,2355,Moderate
25,female,155.0,54.3,54.3,maintenance,very active,1,5.1,1.75,2026,Moderate
66,male,176.1,56.0,56.0,endurance,lightly active,5,9.6,3.33,1778,Low
67,female,162.6,49.1,49.1,maintenance,sedentary,5,7.9,2.32,1135,Low
27,male,186.5,85.6,85.6,maintenance,moderately active,1,8.1,3.07,3287,Low
26,female,170.9,62.6,59.4,fat loss,lightly active,6,6.7,2.36,1824,Low
18,male,179.5,96.6,96.6,recomposition,moderately active,6,8.4,2.13,3303,High
67,male,180.0,90.7,97.5,muscle gain,sedentary,6,5.4,2.02,2076,Moderate
54,female,159.0,76.3,76.3,maintenance,very active,3,6.7,3.71,2098,High
57,female,178.0,67.7,67.7,endurance,lightly active,6,7.9,2.29,1816,High
31,male,167.4,77.2,81.2,muscle gain,sedentary,6,6.2,4.66,2346,High
50,female,147.9,56.6,56.6,endurance,lightly active,4,8.1,2.61,1755,Moderate
19,male,180.6,91.1,91.1,endurance,sedentary,3,7.4,1.9,2590,Low
52,female,166.2,73.3,68.1,fat loss,moderately active,5,7.3,1.39,1694,High
47,female,168.5,64.4,66.6,muscle gain,moderately active,1,6.1,3.36,2133,Moderate
33,male,156.9,93.5,93.5,endurance,very active,3,7.5,2.36,3125,High
54,female,172.8,65.9,65.9,maintenance,extremely active,1,9.3,3.08,2498,High
50,male,168.7,97.3,97.3,recomposition,sedentary,5,7.2,4.13,2140,Moderate
39,male,189.4,112.6,112.6,endurance,sedentary,1,7.7,2.97,2591,Low
26,male,164.9,89.8,81.2,fat loss,moderately active,5,7.8,2.74,2290,High
17,male,169.3,73.5,73.5,recomposition,sedentary,4,5.6,3.36,1985,Low
66,female,158.4,58.8,58.8,endurance,extremely active,3,6.8,3.06,2182,High
31,male,177.5,86.6,86.6,maintenance,extremely active,4,6.8,1.62,3386,High
32,male,167.3,88.6,88.6,endurance,moderately active,1,4.5,3.43,2912,High
52,female,159.7,80.0,80.0,recomposition,extremely active,5,7.9,2.47,2471,High
29,male,165.4,56.4,56.4,recomposition,moderately active,2,5.9,3.58,2046,Moderate
36,female,168.1,58.2,53.4,fat loss,moderately active,6,7.8,2.85,1687,High
54,male,180.0,105.9,105.9,recomposition,very active,6,6.1,3.33,3442,High
48,female,154.1,69.7,69.7,endurance,moderately active,4,9.5,2.34,2070,High
51,female,151.8,67.4,72.7,muscle gain,very active,4,6.7,1.44,2325,High
16,female,164.5,78.3,71.3,fat loss,lightly active,6,9.3,2.89,1806,High
40,male,166.0,80.1,80.1,maintenance,moderately active,3,6.8,3.18,2576,High
41,male,172.7,89.8,89.8,endurance,extremely active,3,6.9,2.11,3788,High
50,female,159.7,48.0,48.0,recomposition,extremely active,6,8.9,2.36,1938,High
24,male,178.3,90.1,90.1,endurance,sedentary,3,5.9,0.95,2479,Moderate
24,female,172.7,80.3,80.3,maintenance,sedentary,3,7.1,2.39,2122,Low
57,male,181.9,92.6,92.6,maintenance,moderately active,1,7.6,1.62,2974,Low
52,female,163.6,46.8,52.9,muscle gain,sedentary,2,7.5,2.86,1424,Low
59,female,169.7,78.5,78.5,endurance,very active,2,7.1,2.73,2680,High
30,male,174.7,91.7,91.7,recomposition,moderately active,5,6.9,2.51,2569,High
69,male,172.7,106.0,106.0,recomposition,extremely active,4,8.0,3.43,3209,High
30,female,162.7,67.8,67.8,endurance,sedentary,3,7.2,2.67,1831,Moderate
51,male,171.1,101.0,101.0,endurance,sedentary,6,8.2,2.64,2517,High
24,female,164.2,85.7,85.7,endurance,lightly active,3,7.5,2.73,2209,Low
65,male,177.2,79.6,79.6,maintenance,sedentary,3,7.8,2.09,1897,Low
33,female,166.9,86.6,75.5,fat loss,sedentary,5,8.4,3.19,1520,Low
59,female,154.7,59.7,59.7,maintenance,very active,2,6.6,1.86,1901,Moderate
33,male,192.1,103.0,103.0,maintenance,very active,3,8.3,2.8,3311,High
58,female,172.7,70.2,70.2,endurance,very active,5,6.8,3.35,2482,High
40,male,170.0,96.4,92.0,fat loss,moderately active,2,5.3,1.78,2097,Moderate
19,female,172.0,58.1,58.1,endurance,lightly active,3,6.6,1.56,2159,High
26,male,173.5,79.5,79.5,recomposition,extremely active,1,6.1,1.77,3423,High
52,male,176.0,81.8,70.4,fat loss,extremely active,5,7.5,3.77,2431,High
26,male,170.1,90.3,102.6,muscle gain,lightly active,6,6.7,2.07,2619,High
30,male,178.1,68.2,59.7,fat loss,extremely active,5,7.2,1.66,2503,High
45,male,185.2,81.5,81.5,endurance,very active,4,8.2,2.76,3075,High
29,female,151.0,81.4,81.4,recomposition,lightly active,6,8.8,0.59,1872,Moderate
22,male,167.1,73.0,73.0,recomposition,lightly active,6,7.4,1.83,2193,High
49,female,168.1,66.2,66.2,maintenance,moderately active,3,8.3,3.49,1912,Moderate
53,male,171.9,87.3,87.3,maintenance,sedentary,4,6.8,1.83,2226,Low
55,male,189.0,77.7,71.3,fat loss,lightly active,6,5.1,2.32,1786,Moderate
66,female,164.5,69.3,69.3,recomposition,very active,2,5.6,2.71,2129,Moderate
22,female,165.8,47.6,43.1,fat loss,moderately active,5,6.8,2.71,1457,Moderate
39,male,173.1,87.8,92.9,muscle gain,sedentary,3,8.0,2.13,2387,Moderate
28,male,173.0,89.9,89.9,endurance,sedentary,1,6.8,2.88,2388,Low
64,female,163.6,40.0,36.9,fat loss,very active,3,8.4,3.51,1310,Moderate
45,female,175.2,70.5,70.5,endurance,extremely active,4,9.2,1.76,2778,High
21,female,164.0,64.9,62.4,fat loss,very active,5,5.9,2.16,1886,High
53,male,184.0,104.8,104.8,maintenance,sedentary,1,9.5,2.43,2269,Low
18,male,173.5,81.9,81.9,maintenance,very active,4,5.0,2.99,3010,High
30,female,161.5,72.6,64.2,fat loss,lightly active,4,9.2,2.52,1598,Moderate
54,female,160.0,70.7,70.7,endurance,moderately active,4,7.0,2.41,2305,High
43,male,181.2,85.4,85.4,endurance,moderately active,5,6.7,1.42,2954,High
57,male,164.7,64.6,68.7,muscle gain,extremely active,5,7.0,1.71,3076,High
46,male,180.2,80.9,84.3,muscle gain,extremely active,3,6.0,2.63,3876,High
61,female,157.5,48.5,48.5,recomposition,sedentary,2,8.8,2.14,1113,Low
46,male,167.6,67.7,77.1,muscle gain,sedentary,6,6.2,2.26,1797,High
19,male,160.4,75.8,65.8,fat loss,extremely active,6,6.3,2.46,2540,High
19,male,174.0,47.9,47.9,recomposition,lightly active,1,5.3,4.14,2028,Moderate
57,female,148.9,71.7,74.4,muscle gain,sedentary,3,6.1,2.15,1810,Low
18,male,186.7,91.0,91.0,maintenance,sedentary,5,6.2,3.47,2250,Low
36,male,177.5,84.9,84.9,recomposition,moderately active,4,6.1,3.42,2799,High
16,male,188.7,65.0,65.0,maintenance,extremely active,6,6.8,3.06,3386,High
32,male,174.7,87.7,87.7,endurance,extremely active,2,5.7,1.91,3534,High
48,female,153.2,78.6,78.6,recomposition,very active,6,8.9,2.6,2062,High
25,male,171.8,90.1,90.1,endurance,lightly active,2,6.8,2.23,2584,Moderate
41,male,171.4,78.4,78.4,endurance,very active,1,7.4,3.91,3101,High
69,female,147.1,74.7,74.7,recomposition,extremely active,5,8.0,2.79,2248,High
19,male,160.6,78.7,78.7,maintenance,moderately active,6,9.4,2.35,2205,High
19,female,160.2,73.7,73.7,maintenance,moderately active,3,8.1,3.75,2368,Moderate
30,female,159.1,57.5,57.5,recomposition,moderately active,1,6.7,2.25,1789,Moderate
60,male,169.4,83.2,71.9,fat loss,extremely active,6,5.7,2.89,2356,High
37,female,162.1,60.9,60.9,maintenance,very active,1,7.4,2.99,2256,High
50,male,173.6,66.5,76.0,muscle gain,sedentary,4,8.3,2.74,2256,Low
17,female,150.0,73.2,73.2,maintenance,extremely active,1,7.2,2.43,2588,High
55,male,189.7,71.6,71.6,endurance,moderately active,4,7.1,3.09,2640,High
19,female,161.3,105.6,105.6,maintenance,moderately active,1,7.3,2.06,2538,Moderate
54,female,157.9,68.6,68.6,maintenance,sedentary,3,4.8,3.28,1529,Low
23,female,155.1,87.5,87.5,maintenance,very active,3,7.2,2.3,2593,High
62,male,181.9,92.8,102.7,muscle gain,sedentary,6,7.9,3.44,2589,Moderate
31,male,177.0,68.7,68.7,recomposition,sedentary,5,6.9,3.23,1914,Moderate
25,male,170.5,78.8,88.6,muscle gain,very active,6,8.3,2.88,3292,High
34,male,175.5,58.8,58.8,endurance,lightly active,4,8.4,2.44,2158,High
16,female,159.3,75.0,64.3,fat loss,very active,2,6.4,3.27,2122,High
24,male,186.3,83.2,87.9,muscle gain,lightly active,3,7.5,2.9,3017,High
48,female,158.7,51.5,51.5,recomposition,very active,4,7.1,0.5,1685,High
32,female,163.1,56.7,53.6,fat loss,very active,4,4.6,1.93,1731,High
35,male,156.3,77.3,77.3,maintenance,very active,6,6.8,2.62,2725,High
59,male,174.5,62.1,68.5,muscle gain,very active,6,5.8,2.7,2781,High
22,female,162.4,49.8,49.8,endurance,very active,1,7.2,3.0,2426,High
37,male,184.3,100.7,91.2,fat loss,lightly active,5,7.8,3.58,1991,Moderate
26,male,162.1,75.5,75.5,maintenance,moderately active,2,6.7,2.91,2693,Moderate
42,female,163.0,70.3,70.3,maintenance,sedentary,4,5.9,1.04,1656,Low
33,female,156.3,74.9,74.9,endurance,lightly active,6,7.3,2.64,1961,High
18,male,187.0,57.4,57.4,maintenance,moderately active,6,9.9,3.35,2694,High
19,male,176.7,61.9,54.5,fat loss,very active,3,4.4,2.58,2202,High
62,male,169.6,89.4,89.4,endurance,extremely active,1,7.3,2.64,2932,High
19,female,154.5,80.1,74.5,fat loss,very active,6,6.3,2.15,1655,High
58,female,172.3,60.9,60.9,recomposition,sedentary,6,6.5,3.16,1305,Low
65,female,169.4,62.9,65.6,muscle gain,lightly active,3,6.9,2.25,1790,Moderate
41,female,149.5,48.4,45.7,fat loss,moderately active,1,6.6,2.91,1318,Moderate
32,female,152.7,67.6,65.1,fat loss,moderately active,4,7.7,2.8,1682,High
57,male,161.4,66.9,66.9,endurance,extremely active,5,6.7,2.54,2745,High
69,male,172.3,91.8,91.8,endurance,sedentary,3,4.4,2.84,1909,Low
22,female,173.5,54.1,54.1,recomposition,moderately active,1,8.5,2.64,1949,Moderate
68,female,167.3,49.5,49.5,endurance,very active,3,8.4,3.39,1858,High
66,female,165.1,78.2,78.2,endurance,moderately active,4,6.3,2.97,2377,High
23,male,175.5,89.7,99.4,muscle gain,lightly active,6,7.1,3.23,2998,High
18,male,187.0,87.6,87.6,recomposition,sedentary,5,8.5,1.97,2012,Moderate
54,male,173.4,43.3,43.3,maintenance,very active,5,8.2,1.92,2118,High
20,male,173.8,83.6,75.0,fat loss,very active,3,8.6,2.54,2627,High
48,female,166.0,62.3,62.3,maintenance,very active,6,7.4,3.02,2175,High
19,female,157.2,72.5,67.6,fat loss,extremely active,2,7.9,2.87,1991,High
53,male,173.5,78.5,78.5,recomposition,extremely active,2,8.7,1.97,3048,High
28,male,171.8,75.1,82.7,muscle gain,sedentary,6,6.6,3.05,2321,Moderate
21,female,161.5,40.0,35.3,fat loss,moderately active,6,7.5,2.06,1404,High
19,male,180.9,90.1,90.1,recomposition,lightly active,5,4.4,2.97,2414,High
26,female,160.0,73.2,82.6,muscle gain,extremely active,5,5.1,2.7,3253,High
45,female,163.6,67.6,67.6,maintenance,sedentary,6,7.6,2.34,1404,Low
20,male,176.0,79.5,75.8,fat loss,very active,1,7.8,2.12,2252,High
59,male,185.4,58.4,56.0,fat loss,lightly active,5,6.5,2.59,1528,Moderate
48,female,163.3,56.6,56.6,endurance,sedentary,3,6.3,2.56,1521,Low
32,female,175.6,52.2,52.2,maintenance,moderately active,4,6.6,1.77,1848,High
69,male,173.6,58.9,58.9,maintenance,lightly active,2,7.2,2.92,1774,Low
51,female,161.0,61.0,61.0,recomposition,very active,3,4.2,3.31,1927,High
52,female,172.0,61.9,61.9,recomposition,lightly active,2,7.6,3.1,1697,Moderate
25,female,161.3,77.6,71.8,fat loss,sedentary,4,7.0,2.72,1414,Moderate
54,male,169.6,72.5,72.5,endurance,sedentary,6,7.3,2.19,1884,Moderate
46,female,157.2,61.6,61.6,recomposition,sedentary,1,6.9,2.59,1318,Low
69,female,156.5,59.9,66.3,muscle gain,moderately active,6,5.3,2.41,1981,High
41,male,170.6,80.1,91.9,muscle gain,lightly active,4,5.7,2.59,2669,Moderate
52,male,183.5,83.8,77.8,fat loss,sedentary,1,8.8,3.16,1723,Low
34,female,156.1,75.6,82.3,muscle gain,lightly active,4,6.2,2.42,2056,High
18,male,176.5,93.8,102.9,muscle gain,extremely active,1,8.0,1.21,4035,High
22,male,180.3,83.8,87.1,muscle gain,extremely active,5,5.7,3.06,4071,High
62,male,173.0,91.9,91.9,recomposition,lightly active,2,7.0,2.78,2136,Moderate
55,female,159.8,40.0,41.7,muscle gain,moderately active,1,6.5,2.6,1578,Low
35,female,162.7,69.1,69.1,maintenance,sedentary,6,6.7,1.68,1675,Low
53,male,181.3,77.0,77.0,maintenance,moderately active,4,6.6,1.92,2347,Moderate
16,female,155.6,73.1,67.9,fat loss,very active,4,8.7,2.0,1993,High
18,male,185.4,81.6,75.2,fat loss,sedentary,5,9.3,2.09,1911,Moderate
43,female,170.5,67.2,60.7,fat loss,extremely active,4,7.3,2.16,2088,High
49,female,163.9,70.3,70.3,recomposition,extremely active,5,6.5,1.67,2235,High
66,female,158.7,78.0,78.0,recomposition,extremely active,4,5.4,4.01,2378,High
57,male,175.2,83.3,78.2,fat loss,lightly active,1,5.3,3.55,1747,Low
29,female,148.6,60.1,60.1,recomposition,extremely active,6,8.7,2.69,2321,High
60,male,174.8,70.4,70.4,endurance,sedentary,6,5.2,2.48,1950,Moderate
42,female,160.2,68.4,66.2,fat loss,extremely active,2,6.5,3.78,1956,High
60,male,170.4,82.6,77.6,fat loss,sedentary,4,7.2,3.64,1463,Low
25,male,174.1,85.0,85.0,recomposition,lightly active,1,3.9,1.98,2254,Low
17,male,175.1,56.1,58.9,muscle gain,extremely active,2,5.5,2.67,3873,High
19,female,169.9,52.4,54.8,muscle gain,moderately active,4,5.4,2.37,1991,High
69,male,174.3,60.9,60.9,maintenance,lightly active,3,6.2,2.31,1670,Low
20,female,156.5,82.3,73.0,fat loss,lightly active,6,7.3,2.38,1806,High
66,male,173.9,67.4,67.4,maintenance,lightly active,1,8.2,2.44,2079,Low
55,male,173.3,73.1,76.4,muscle gain,extremely active,5,6.2,2.65,3357,High
23,female,168.7,67.5,67.5,endurance,moderately active,4,6.4,2.65,2083,High
62,male,165.8,74.4,74.4,recomposition,sedentary,6,6.9,3.51,1736,Moderate
23,female,163.6,58.7,62.3,muscle gain,sedentary,5,6.0,1.94,1687,Moderate
23,female,166.8,40.0,40.0,recomposition,moderately active,6,7.5,3.18,1707,High
47,male,183.0,86.7,86.7,maintenance,sedentary,5,7.5,1.75,2189,Low
31,male,174.8,82.1,82.1,maintenance,lightly active,2,3.7,2.67,2499,Moderate
31,male,171.6,75.8,75.8,recomposition,very active,3,7.8,3.23,2646,High
26,female,157.0,43.5,46.3,muscle gain,extremely active,5,7.2,2.9,2579,High
48,female,161.4,58.4,58.4,maintenance,sedentary,6,7.3,2.28,1500,Moderate
17,male,183.8,69.3,69.3,maintenance,lightly active,6,8.4,2.7,2283,Moderate
29,male,169.0,83.5,83.5,recomposition,lightly active,4,4.9,3.66,2222,Moderate
45,male,171.5,88.7,98.7,muscle gain,extremely active,1,5.5,2.09,3532,High
42,male,187.7,84.5,84.5,endurance,very active,3,6.9,2.9,3272,High
53,female,157.6,88.4,96.2,muscle gain,extremely active,4,4.2,3.18,3187,High
27,female,167.6,59.1,53.8,fat loss,very active,5,6.7,2.23,1647,High
50,male,180.0,71.5,71.5,maintenance,sedentary,2,8.0,3.71,1686,Low
57,female,168.8,90.9,103.7,muscle gain,extremely active,3,7.5,3.95,3069,High
36,male,171.0,82.3,82.3,maintenance,very active,5,7.1,3.27,3202,High
29,male,176.5,76.5,76.5,endurance,very active,6,6.7,3.27,3175,High
45,female,162.5,67.3,62.1,fat loss,lightly active,2,6.5,1.29,1568,Moderate
47,female,159.2,59.6,51.3,fat loss,very active,2,6.4,1.58,1634,High
21,female,165.4,60.9,65.2,muscle gain,moderately active,3,7.3,2.44,2269,High
46,male,167.2,70.4,70.4,maintenance,lightly active,4,5.1,2.04,1885,Low
24,male,168.1,98.6,89.6,fat loss,lightly active,5,8.8,2.94,2009,High
46,male,171.1,82.9,82.9,recomposition,very active,5,6.1,0.51,2640,High
66,male,178.3,80.3,80.3,recomposition,very active,4,7.7,2.93,2230,High
45,female,163.2,58.1,58.1,recomposition,lightly active,6,7.1,2.38,1507,High
57,female,161.8,65.9,65.9,maintenance,lightly active,1,5.6,2.12,1598,Low
32,male,175.4,87.7,87.7,endurance,lightly active,4,8.6,3.83,2629,High
65,female,165.3,56.8,56.8,recomposition,very active,2,8.3,2.28,1823,Moderate
59,male,178.0,86.3,86.3,endurance,lightly active,4,5.1,1.37,2480,Moderate
65,female,156.7,70.6,60.8,fat loss,very active,6,6.9,2.82,1494,High
56,male,174.4,69.8,69.8,recomposition,lightly active,6,7.2,2.77,1842,Moderate
51,male,173.6,105.3,109.3,muscle gain,lightly active,6,4.5,2.38,3069,Moderate
44,female,161.4,79.0,72.0,fat loss,sedentary,3,4.5,4.15,1340,Low
66,male,160.8,84.3,72.6,fat loss,sedentary,5,6.0,2.65,1536,Low
61,male,178.8,61.3,54.8,fat loss,sedentary,3,5.4,3.21,1362,Low
38,male,196.7,78.6,75.8,fat loss,sedentary,1,5.7,2.73,1777,Low
20,male,174.1,72.0,72.0,maintenance,extremely active,2,5.4,3.39,3358,High
16,male,174.2,81.9,81.9,recomposition,lightly active,5,6.9,2.27,2314,Moderate
28,male,180.2,84.8,84.8,maintenance,moderately active,1,5.9,1.76,2737,Moderate
19,female,156.5,90.1,76.7,fat loss,extremely active,4,8.3,3.04,2366,High
27,female,172.2,58.8,58.8,recomposition,moderately active,3,7.2,2.71,2005,High
21,male,159.9,99.5,87.9,fat loss,lightly active,3,8.0,3.06,2156,Moderate
68,male,178.9,61.6,61.6,endurance,very active,5,5.0,2.07,2472,High
21,female,165.3,57.4,64.9,muscle gain,very active,2,6.2,2.84,2771,High
49,female,163.4,83.1,74.3,fat loss,sedentary,2,7.2,1.38,1534,Low
34,female,175.1,40.0,45.2,muscle gain,extremely active,1,7.5,2.16,2345,High
25,female,148.2,61.5,61.5,endurance,sedentary,1,6.2,2.01,1694,Low
53,female,165.6,82.9,82.9,endurance,lightly active,1,6.4,2.85,2074,Low
68,male,183.6,68.9,68.9,maintenance,extremely active,1,6.5,2.16,2918,High
58,male,168.3,72.7,72.7,endurance,moderately active,4,6.6,1.54,2412,High
68,female,160.5,96.6,103.7,muscle gain,moderately active,2,9.6,2.1,2735,Low
47,female,175.9,69.0,69.0,maintenance,extremely active,3,7.4,2.92,2703,High
52,male,171.2,98.8,98.8,maintenance,moderately active,5,7.0,2.59,2736,Moderate
23,female,168.5,99.4,103.3,muscle gain,very active,4,5.5,1.98,3336,High
62,male,175.7,63.3,71.9,muscle gain,moderately active,1,5.5,3.09,2297,Low
56,female,162.9,67.4,67.4,maintenance,sedentary,4,6.7,3.6,1450,Low
29,female,163.8,79.7,79.7,recomposition,lightly active,4,8.4,3.14,2124,Moderate
35,male,161.9,71.4,71.4,maintenance,very active,4,6.8,0.88,2858,High
48,male,166.2,75.4,69.5,fat loss,lightly active,6,6.8,2.67,1648,High
16,male,175.8,57.4,57.4,maintenance,extremely active,4,6.1,2.4,2836,High
60,female,163.4,90.3,90.3,endurance,extremely active,5,4.9,1.07,3086,High
31,female,165.6,64.5,62.3,fat loss,very active,4,7.5,1.6,1931,High
20,male,186.0,83.5,83.5,endurance,sedentary,4,6.7,3.06,2113,Low
33,male,170.0,78.5,72.7,fat loss,very active,1,7.5,2.63,2731,High
61,female,160.0,91.8,87.8,fat loss,extremely active,6,7.2,2.56,2209,High
30,male,167.4,75.4,65.6,fat loss,very active,1,5.8,2.04,2517,High
45,male,181.9,82.1,93.7,muscle gain,very active,6,7.3,3.26,3393,High
59,male,189.7,66.1,76.0,muscle gain,very active,4,5.5,1.64,2820,High
17,female,154.4,53.3,53.3,endurance,moderately active,3,7.3,1.88,2061,High
57,female,164.3,69.5,69.5,maintenance,lightly active,3,6.9,2.28,1600,Low
31,male,183.9,72.6,72.6,recomposition,moderately active,1,8.8,1.43,2521,Moderate
53,female,164.0,44.8,44.8,endurance,extremely active,3,6.0,1.88,1952,High
26,female,171.6,73.2,64.8,fat loss,sedentary,1,5.4,3.24,1435,Low
23,male,183.6,96.1,103.4,muscle gain,sedentary,3,6.5,1.91,2726,Low
58,female,171.5,67.7,67.7,endurance,extremely active,1,7.7,3.05,2635,High
59,female,158.3,55.9,55.9,recomposition,extremely active,1,3.6,2.94,1799,High
68,male,187.3,90.8,86.8,fat loss,moderately active,5,8.1,2.38,2078,Moderate
52,male,188.6,98.3,102.7,muscle gain,lightly active,2,6.7,1.51,2588,Low
41,female,162.7,68.9,74.1,muscle gain,sedentary,3,5.6,2.54,1868,Moderate
26,female,161.7,64.4,54.8,fat loss,very active,4,6.6,1.02,1905,High
31,male,168.6,71.8,71.8,maintenance,moderately active,4,6.1,2.13,2337,Moderate
50,female,171.4,74.1,74.1,recomposition,extremely active,4,5.5,2.67,2743,High
34,female,160.5,88.5,97.4,muscle gain,lightly active,3,4.7,3.11,2465,Moderate
42,male,173.2,77.2,79.9,muscle gain,very active,4,7.9,2.39,3167,High
25,female,163.1,85.5,85.5,maintenance,extremely active,4,6.3,2.07,2932,High
39,male,171.5,53.5,53.5,endurance,sedentary,1,6.5,2.02,1717,Moderate
28,female,166.9,60.4,60.4,recomposition,very active,6,8.0,2.17,2102,High
22,male,193.0,89.4,89.4,endurance,very active,5,7.1,2.94,3868,High
23,male,174.1,87.7,87.7,maintenance,moderately active,3,5.1,2.75,2923,Moderate
43,female,176.5,48.7,44.1,fat loss,lightly active,3,7.8,2.48,1251,Low
35,male,182.1,87.8,79.4,fat loss,sedentary,5,8.8,2.94,1910,Moderate
21,female,169.3,54.3,52.3,fat loss,sedentary,4,7.6,2.5,1275,Moderate
43,male,185.1,79.3,79.3,maintenance,lightly active,5,6.0,1.57,2260,Low
24,female,165.1,47.8,50.8,muscle gain,moderately active,3,5.2,1.72,2386,High
16,female,164.3,70.2,80.3,muscle gain,moderately active,3,5.9,2.92,2413,High
23,female,166.8,47.6,47.6,endurance,extremely active,3,7.1,1.54,2356,High
40,male,163.7,67.6,61.1,fat loss,very active,2,8.7,2.23,2076,High
67,male,162.2,80.5,77.2,fat loss,extremely active,5,6.1,2.42,2307,High
29,female,164.7,61.6,63.8,muscle gain,very active,5,6.2,1.78,2471,High
31,female,161.7,82.6,82.6,recomposition,moderately active,1,8.2,1.33,1942,Moderate
29,female,160.3,63.8,63.8,endurance,extremely active,1,6.5,1.68,2666,High
35,male,175.2,86.2,90.4,muscle gain,very active,1,9.1,1.23,3236,High
54,female,157.9,65.4,71.9,muscle gain,extremely active,2,6.8,2.93,2519,High
33,male,169.1,62.2,62.2,maintenance,lightly active,1,8.4,2.78,1987,Low
51,male,179.4,55.8,55.8,endurance,very active,4,7.5,1.97,2420,High
64,female,153.1,78.9,72.6,fat loss,lightly active,6,7.8,1.54,1369,Moderate
67,male,168.1,68.3,68.3,endurance,lightly active,5,6.8,3.32,1950,Moderate
46,female,169.4,83.7,83.7,endurance,very active,6,6.9,2.81,2588,High
54,male,177.5,88.1,100.9,muscle gain,moderately active,1,7.5,2.07,3169,Moderate
65,male,173.4,82.3,82.3,recomposition,very active,5,8.0,3.33,2445,High
58,male,179.5,84.2,84.2,recomposition,very active,5,7.6,2.6,2710,High
32,female,153.3,81.6,72.3,fat loss,very active,3,4.9,2.72,2001,High
23,female,154.7,52.8,52.8,maintenance,sedentary,5,7.3,1.77,1314,Low
22,female,161.1,79.6,91.0,muscle gain,sedentary,1,6.2,1.44,1921,Low
63,female,154.1,67.3,58.4,fat loss,lightly active,4,6.3,1.4,1273,Moderate
46,female,165.1,62.4,62.4,maintenance,lightly active,5,7.5,3.96,1731,Moderate
32,female,159.8,82.3,82.3,recomposition,extremely active,3,9.0,1.92,2581,High
34,female,164.3,57.6,57.6,maintenance,sedentary,2,6.7,2.55,1524,Low
31,male,180.6,95.4,86.7,fat loss,moderately active,1,9.4,2.82,2435,Moderate
59,male,180.1,84.8,84.8,endurance,very active,2,5.7,2.49,3157,High
49,male,183.0,68.6,58.5,fat loss,lightly active,5,8.5,2.39,1819,Moderate
63,male,169.1,49.5,52.5,muscle gain,lightly active,6,7.5,2.38,2051,High
32,female,164.3,70.3,70.3,maintenance,lightly active,4,7.3,2.84,1950,Low
41,male,187.9,61.2,61.2,endurance,moderately active,2,8.7,1.77,2367,High
22,male,173.2,69.8,69.8,recomposition,very active,2,6.2,2.19,2697,High
68,female,167.5,62.2,55.4,fat loss,moderately active,6,8.5,0.89,1338,High
43,female,164.0,73.2,73.2,maintenance,extremely active,4,6.8,1.2,2757,High
45,female,166.9,82.1,82.1,endurance,sedentary,5,6.2,1.59,2016,Moderate
38,male,187.0,86.8,95.8,muscle gain,lightly active,3,5.4,3.1,2851,Moderate
30,male,168.0,106.7,106.7,endurance,lightly active,6,8.9,2.31,3046,High
67,female,155.4,81.8,81.8,maintenance,lightly active,3,8.4,2.99,1895,Low
42,male,186.3,95.2,95.2,recomposition,very active,5,6.4,2.77,3189,High
52,male,179.4,75.0,75.0,recomposition,sedentary,6,7.7,2.68,1901,Low
18,male,189.8,65.0,65.0,endurance,lightly active,3,7.2,1.84,2672,High
30,female,166.7,57.1,57.1,recomposition,sedentary,5,6.6,2.55,1360,Moderate
59,female,158.6,72.1,72.1,maintenance,moderately active,4,8.2,2.68,1976,Moderate
20,female,156.5,70.4,70.4,maintenance,extremely active,3,6.2,4.04,2790,High
21,female,169.3,68.6,68.6,recomposition,extremely active,5,4.4,2.26,2438,High
59,female,169.6,53.6,53.6,maintenance,sedentary,3,7.3,3.01,1525,Low
32,male,179.8,65.9,60.2,fat loss,sedentary,5,7.1,2.41,1665,Moderate
30,female,168.9,55.0,55.0,endurance,moderately active,1,6.3,2.01,2246,High
46,male,174.6,64.3,73.7,muscle gain,lightly active,6,5.9,3.11,2381,High
26,male,172.3,76.7,76.7,recomposition,lightly active,6,5.1,3.82,2117,Moderate
18,female,158.5,56.6,56.6,maintenance,very active,6,6.6,2.68,2081,High
16,male,180.1,76.8,70.4,fat loss,lightly active,6,5.9,2.02,1989,High
20,male,166.8,88.4,88.4,endurance,moderately active,5,8.2,2.83,3105,High
24,male,178.6,88.0,79.5,fat loss,sedentary,5,7.6,2.7,1865,Moderate
53,female,167.2,69.1,69.1,endurance,extremely active,6,6.4,4.05,2882,High
32,male,185.4,61.7,61.7,endurance,sedentary,5,7.6,3.02,2004,Moderate
19,male,164.5,71.9,71.9,maintenance,sedentary,2,6.9,1.85,1946,Low
16,female,175.6,69.8,69.8,endurance,moderately active,1,6.7,3.39,2531,Moderate
41,male,178.0,92.4,92.4,endurance,extremely active,6,6.9,3.04,3410,High
61,female,150.1,51.4,51.4,endurance,very active,1,9.1,3.15,1947,High
34,female,168.0,70.8,70.8,recomposition,moderately active,6,7.8,2.81,2070,High
19,female,157.6,58.7,58.7,endurance,lightly active,6,6.6,3.21,1929,High
28,male,174.9,73.2,73.2,recomposition,lightly active,1,8.1,2.81,2316,Low
42,male,188.4,100.8,100.8,endurance,very active,5,8.0,2.32,3425,High
26,male,173.2,76.4,73.7,fat loss,moderately active,4,7.3,2.59,2170,High
68,female,152.5,79.9,79.9,maintenance,very active,3,6.6,2.42,2157,Moderate
57,male,166.1,89.9,89.9,maintenance,moderately active,4,6.5,2.74,2719,Moderate
34,male,167.8,52.3,52.3,endurance,lightly active,3,5.7,2.56,2032,High
67,male,180.1,66.5,66.5,maintenance,sedentary,5,7.2,2.28,1452,Low
33,female,171.7,82.3,82.3,maintenance,lightly active,3,6.3,2.37,2038,Low
23,male,168.3,55.1,55.1,recomposition,lightly active,1,6.5,2.5,1775,Low
66,female,151.6,46.3,46.3,recomposition,moderately active,3,7.7,1.25,1511,Moderate
67,male,165.3,109.0,109.0,maintenance,lightly active,4,9.0,3.22,2675,Low
32,male,173.7,76.4,76.4,endurance,very active,3,7.4,2.74,2673,High
48,male,180.9,92.0,92.0,endurance,moderately active,4,6.9,2.07,2776,High
25,female,162.8,72.7,72.7,recomposition,lightly active,6,7.0,2.91,1747,Moderate
50,male,173.3,82.9,82.9,endurance,sedentary,3,8.4,2.14,2128,Low
53,male,167.1,79.6,69.1,fat loss,sedentary,5,7.5,2.14,1430,Low
54,female,161.7,66.7,66.7,maintenance,sedentary,6,7.2,2.76,1472,Low
46,female,171.3,67.9,65.8,fat loss,lightly active,5,7.3,3.5,1371,High
54,female,158.1,59.3,59.3,recomposition,lightly active,4,5.3,2.7,1541,Low
45,female,155.8,55.0,51.3,fat loss,sedentary,6,7.5,1.96,982,Moderate
60,male,172.8,86.0,86.0,maintenance,very active,3,5.9,2.25,3264,High
25,female,155.1,68.4,68.4,recomposition,moderately active,2,7.5,3.09,2195,Moderate
42,male,167.9,57.7,57.7,recomposition,extremely active,6,6.1,2.78,2948,High
38,female,160.6,89.5,85.0,fat loss,extremely active,6,7.7,3.17,2438,High
44,female,173.1,66.4,66.4,maintenance,sedentary,1,6.8,2.78,1791,Low
23,female,162.7,66.9,66.9,recomposition,very active,2,5.6,3.04,2434,High
33,female,164.3,78.6,78.6,endurance,extremely active,2,6.7,3.91,2788,High
67,female,148.1,65.8,65.8,endurance,extremely active,5,9.6,1.55,2121,High
21,female,166.1,75.0,75.0,endurance,very active,2,4.3,4.19,2827,High
50,female,163.7,51.4,56.8,muscle gain,sedentary,4,7.2,3.16,1618,Moderate
51,male,176.4,78.9,78.9,recomposition,extremely active,6,5.8,4.34,2962,High
41,male,174.7,62.9,58.3,fat loss,extremely active,6,8.7,1.81,2389,High
17,male,185.4,91.2,96.4,muscle gain,moderately active,6,8.0,2.77,3387,High
17,female,155.6,57.5,64.0,muscle gain,extremely active,4,7.2,2.61,2701,High
30,male,167.1,53.1,53.1,maintenance,moderately active,4,8.1,3.12,2021,High
21,male,183.7,87.3,87.3,endurance,moderately active,5,7.3,2.83,3210,High
21,male,173.2,67.2,67.2,endurance,very active,2,7.0,2.75,2908,High
24,female,156.9,61.3,61.3,endurance,very active,4,6.3,3.05,2194,High
26,female,161.8,70.8,70.8,endurance,moderately active,3,6.6,2.43,2242,High
61,female,169.0,54.7,47.9,fat loss,very active,5,6.4,2.14,1596,High
50,male,185.8,82.6,82.6,endurance,extremely active,4,7.0,2.82,3615,High
17,male,177.4,43.8,43.8,endurance,very active,3,4.7,2.14,2627,High
49,male,176.4,85.3,85.3,recomposition,extremely active,4,8.2,2.41,3295,High
23,male,181.3,75.9,71.4,fat loss,moderately active,2,9.3,1.49,2407,Moderate
38,male,182.7,99.8,99.8,recomposition,moderately active,2,6.5,2.54,2829,Moderate
18,female,159.0,54.8,54.8,recomposition,very active,5,8.4,1.85,2239,High
20,female,173.7,66.3,63.1,fat loss,moderately active,1,6.8,2.48,1771,Moderate
23,female,153.1,94.3,103.0,muscle gain,sedentary,5,6.3,1.74,2012,Moderate
39,male,176.2,68.9,68.9,recomposition,moderately active,6,6.5,2.49,2223,High
41,male,183.7,79.6,74.9,fat loss,sedentary,5,7.1,3.13,1588,Moderate
35,female,167.8,77.2,84.1,muscle gain,very active,4,6.1,2.08,2793,High
49,male,175.2,98.7,98.7,recomposition,very active,5,7.7,1.85,3378,High
54,male,187.1,77.9,77.9,endurance,very active,1,6.4,3.05,2953,High
55,male,186.4,62.9,68.4,muscle gain,extremely active,1,5.7,3.14,3170,High
47,female,164.1,94.3,90.0,fat loss,very active,6,7.0,2.8,2190,High
45,female,164.6,53.3,53.3,endurance,lightly active,3,6.2,2.17,1563,Moderate
42,male,185.2,77.7,77.7,endurance,sedentary,3,6.6,2.06,2198,Moderate
28,female,156.9,59.1,59.1,endurance,sedentary,1,6.9,2.27,1664,Low
42,female,157.3,77.6,77.6,maintenance,extremely active,5,5.4,2.46,2872,High
16,female,161.7,71.8,71.8,recomposition,very active,1,8.8,1.29,2630,High
68,female,176.9,84.3,72.3,fat loss,lightly active,2,8.0,1.81,1627,Low
35,male,174.8,68.1,68.1,recomposition,extremely active,2,6.2,3.38,2856,High
56,female,156.2,59.0,59.0,recomposition,lightly active,6,7.0,2.65,1455,Moderate
67,male,175.9,76.5,76.5,recomposition,very active,6,7.8,3.36,2576,High
42,female,167.4,75.2,75.2,recomposition,lightly active,1,7.3,3.21,1859,Low
62,female,162.7,60.8,60.8,endurance,very active,1,9.3,2.28,2079,Moderate
41,female,156.7,70.7,70.7,recomposition,sedentary,6,6.7,2.29,1421,Low
23,female,160.5,76.2,73.6,fat loss,very active,4,8.4,3.18,2138,High
17,female,157.5,75.7,75.7,recomposition,moderately active,5,5.4,3.03,2241,High
23,female,165.1,74.4,74.4,recomposition,moderately active,4,5.6,3.19,2108,Moderate
66,female,181.8,80.6,80.6,maintenance,sedentary,2,9.0,2.49,1897,Low
41,female,166.9,79.3,79.3,recomposition,lightly active,5,6.5,2.6,1944,Moderate
33,male,166.3,96.0,92.4,fat loss,sedentary,2,5.6,2.32,1615,Low
40,female,158.3,95.4,99.6,muscle gain,very active,1,6.9,2.46,3230,High
29,female,153.6,93.6,93.6,endurance,sedentary,6,8.5,2.02,1923,High
63,male,193.2,55.7,53.3,fat loss,extremely active,3,6.1,2.45,2156,High
69,female,167.8,68.5,68.5,endurance,sedentary,1,6.9,2.39,1530,Low
20,female,159.7,68.7,77.3,muscle gain,moderately active,3,4.8,2.18,2600,High
54,female,171.5,63.8,63.8,recomposition,extremely active,1,6.4,3.05,2300,High
34,female,163.1,65.5,70.2,muscle gain,moderately active,3,8.2,1.51,2419,High
18,male,168.0,66.7,61.8,fat loss,moderately active,5,6.1,2.74,1833,High
65,female,165.1,87.9,87.9,recomposition,extremely active,3,5.5,1.85,2402,High
19,male,168.9,83.5,83.5,recomposition,sedentary,1,6.1,1.91,2057,Low
27,female,156.3,46.2,44.0,fat loss,moderately active,6,6.3,1.97,1356,High
17,female,162.0,79.6,83.7,muscle gain,moderately active,4,7.9,2.83,2679,High
41,male,171.2,49.1,53.1,muscle gain,very active,1,7.5,0.92,2747,Moderate
48,male,173.3,80.5,80.5,endurance,very active,4,7.7,2.62,2850,High
33,male,173.5,44.6,49.3,muscle gain,moderately active,6,7.0,2.53,2274,High
19,male,170.4,82.2,75.9,fat loss,moderately active,1,6.3,1.82,2243,Moderate
22,male,172.6,88.3,88.3,endurance,lightly active,5,6.1,2.63,2339,High
66,male,187.1,97.3,88.5,fat loss,lightly active,3,7.5,1.65,2120,Moderate
59,male,179.6,71.3,71.3,maintenance,extremely active,5,8.9,2.47,2959,High
66,male,171.1,82.3,79.1,fat loss,very active,1,5.9,1.62,2175,High
44,female,169.5,73.8,80.9,muscle gain,very active,6,5.8,3.94,2648,High
45,male,174.8,63.5,63.5,recomposition,sedentary,6,5.6,3.1,1790,Moderate
58,male,169.6,92.8,81.2,fat loss,lightly active,4,8.0,2.67,1855,Low
49,male,169.6,83.8,83.8,recomposition,lightly active,2,6.9,1.83,2325,Low
39,female,177.9,103.0,103.0,maintenance,extremely active,1,7.7,2.31,3045,High
31,male,172.1,82.0,82.0,recomposition,extremely active,5,6.4,2.34,3163,High
42,female,166.5,78.1,74.3,fat loss,lightly active,5,7.7,2.67,1600,Moderate
19,male,174.7,90.9,102.6,muscle gain,moderately active,5,6.7,2.78,3379,High
26,male,175.8,75.0,67.7,fat loss,very active,3,5.1,2.66,2579,High
55,male,161.2,83.2,83.2,endurance,sedentary,5,8.1,2.74,1816,Moderate
62,male,174.7,71.3,71.3,endurance,moderately active,5,7.0,2.38,2237,Moderate
21,female,160.5,74.6,74.6,maintenance,lightly active,3,6.6,2.74,1996,Low
21,male,178.2,82.4,82.4,maintenance,moderately active,5,7.3,2.05,2525,Moderate
20,male,190.6,67.4,59.7,fat loss,very active,2,5.3,1.76,2781,High
58,female,169.3,64.4,64.4,endurance,very active,5,7.5,3.79,2393,High
32,female,163.4,80.4,80.4,recomposition,sedentary,4,6.3,2.79,1768,Moderate
33,female,170.6,71.0,64.7,fat loss,lightly active,5,6.8,3.76,1670,Moderate
16,female,167.1,65.3,65.3,maintenance,lightly active,5,8.4,2.31,2155,Moderate
68,female,162.6,85.8,79.5,fat loss,very active,1,7.8,4.19,1825,Moderate
39,male,181.8,57.5,57.5,maintenance,lightly active,5,6.8,2.56,2046,Moderate
59,female,159.6,51.2,51.2,recomposition,moderately active,5,6.9,3.3,1583,High
54,male,175.8,79.3,89.7,muscle gain,lightly active,1,3.9,2.52,2429,Low
23,male,170.5,87.3,87.3,maintenance,lightly active,2,6.0,2.62,2374,Low
59,female,164.0,66.7,66.7,recomposition,moderately active,5,7.2,2.42,1762,High
45,female,175.0,80.6,70.2,fat loss,lightly active,3,6.1,2.16,1703,Moderate
48,female,166.7,66.6,62.6,fat loss,sedentary,1,5.4,3.19,1323,Low
26,male,177.9,74.7,74.7,maintenance,sedentary,6,7.6,2.49,1922,Low
61,female,152.9,66.4,66.4,maintenance,moderately active,4,8.6,3.08,1768,Moderate
66,male,161.5,53.0,58.5,muscle gain,sedentary,3,6.1,3.13,1627,Low
37,female,168.7,71.4,71.4,maintenance,sedentary,4,8.1,3.49,1564,Low
20,female,161.5,72.4,65.0,fat loss,extremely active,3,7.9,2.79,2298,High
61,female,166.8,89.9,89.9,recomposition,extremely active,1,5.8,1.44,2646,High
63,female,161.7,46.9,46.9,recomposition,moderately active,4,6.1,2.28,1395,Moderate
43,female,168.0,67.1,73.6,muscle gain,very active,6,9.2,2.48,2523,High
47,male,182.5,83.6,83.6,recomposition,sedentary,6,5.7,2.51,2055,Moderate
28,male,180.3,61.7,67.8,muscle gain,sedentary,4,6.3,3.42,2289,Low
19,male,182.5,71.8,77.3,muscle gain,sedentary,1,9.4,3.3,2425,Moderate
66,female,168.6,61.0,66.3,muscle gain,sedentary,2,6.3,2.4,1756,Low
42,male,176.5,90.4,90.4,endurance,sedentary,2,8.6,4.2,2423,Low
30,male,182.7,114.1,114.1,maintenance,very active,1,5.8,2.26,3810,High
53,female,161.3,99.7,99.7,recomposition,very active,1,7.2,2.31,2479,Moderate
17,female,164.8,74.9,81.8,muscle gain,very active,5,8.3,1.74,3163,High
20,female,166.2,64.2,64.2,endurance,lightly active,3,6.4,1.41,1955,Moderate
29,female,170.4,75.2,75.2,recomposition,lightly active,6,7.1,1.67,2062,High
40,female,172.9,69.4,64.9,fat loss,lightly active,1,7.9,3.21,1327,Low
35,male,172.9,86.6,97.5,muscle gain,sedentary,1,5.9,3.02,2317,Low
26,female,175.0,52.8,52.8,maintenance,moderately active,5,9.7,1.88,1890,High
34,female,163.7,44.6,44.6,maintenance,moderately active,2,8.2,2.57,1734,Low
34,female,170.5,72.7,72.7,endurance,lightly active,2,6.6,3.06,1915,Moderate
44,male,184.9,78.5,78.5,maintenance,lightly active,4,6.7,1.08,2377,Low
46,female,159.2,71.7,71.7,maintenance,moderately active,6,9.3,3.74,2105,High
63,female,164.3,76.7,85.9,muscle gain,sedentary,3,6.6,3.24,1702,Low
59,female,166.5,74.8,74.8,endurance,moderately active,5,6.4,3.07,2127,High
31,male,172.8,91.1,91.1,recomposition,lightly active,3,8.4,3.34,2436,Moderate
64,female,165.9,71.7,71.7,recomposition,very active,6,5.3,1.07,2080,High
44,female,169.1,85.1,85.1,recomposition,very active,3,6.9,2.35,2705,High
26,female,162.8,70.2,70.2,recomposition,lightly active,1,7.1,3.38,1789,Moderate
34,male,182.4,77.0,77.0,recomposition,lightly active,4,6.2,2.5,2353,Moderate
56,female,174.7,63.7,67.1,muscle gain,moderately active,2,5.1,3.02,2271,Moderate
60,female,160.9,75.2,75.2,maintenance,sedentary,2,7.1,3.51,1408,Low
36,male,174.8,74.6,64.9,fat loss,sedentary,2,7.8,2.99,1605,Low
24,female,155.1,42.6,48.8,muscle gain,sedentary,3,6.2,2.32,1490,Low
26,male,155.2,82.3,94.3,muscle gain,lightly active,1,5.6,2.9,2493,Moderate
21,female,159.1,55.9,59.4,muscle gain,moderately active,1,8.5,1.33,2473,High
53,male,175.0,89.4,89.4,maintenance,lightly active,4,7.6,2.84,2559,Low
43,female,158.2,75.6,75.6,maintenance,moderately active,1,6.6,3.02,2024,Low
40,female,166.7,65.0,65.0,maintenance,very active,5,8.1,2.61,2383,High
52,female,177.2,76.2,76.2,endurance,very active,6,7.3,3.31,2741,High
60,female,168.7,82.8,95.2,muscle gain,moderately active,2,9.1,2.7,2489,High
58,female,170.9,65.9,56.4,fat loss,moderately active,1,7.8,2.6,1478,Low
23,male,179.4,110.7,110.7,recomposition,moderately active,2,5.3,3.78,2941,Moderate
47,male,173.3,89.3,97.6,muscle gain,moderately active,1,6.2,1.83,3127,High
63,female,166.0,78.8,78.8,endurance,very active,2,6.3,3.47,2519,High
57,female,158.4,75.3,75.3,recomposition,moderately active,6,7.4,3.42,1877,High
33,male,174.9,99.0,104.6,muscle gain,lightly active,5,6.6,3.09,3195,High
37,male,162.8,61.1,61.1,maintenance,extremely active,6,5.6,2.22,2999,High
64,female,170.6,94.6,94.6,endurance,extremely active,5,7.7,2.74,3326,High
17,female,163.5,66.4,66.4,endurance,extremely active,6,8.2,1.94,3129,High
44,male,183.8,65.0,72.6,muscle gain,extremely active,4,6.9,2.11,3367,High
22,male,179.1,78.6,68.4,fat loss,lightly active,1,7.3,2.59,1822,Low
64,male,183.2,90.0,78.4,fat loss,extremely active,5,5.8,1.88,2579,High
18,female,163.5,54.0,54.0,endurance,very active,4,6.4,2.34,2358,High
17,male,172.4,84.1,84.1,recomposition,extremely active,6,6.4,1.73,3193,High
33,female,161.1,63.6,63.6,recomposition,sedentary,5,7.7,2.96,1467,Moderate
26,male,170.1,85.6,85.6,recomposition,sedentary,4,7.3,3.64,1904,Low
42,male,183.8,78.9,78.9,recomposition,sedentary,5,6.6,4.04,2060,Moderate
32,female,164.8,65.8,65.8,maintenance,extremely active,4,6.6,1.78,2851,High
35,female,154.6,55.6,57.6,muscle gain,lightly active,1,4.6,1.9,2088,Moderate
46,female,161.2,70.4,78.4,muscle gain,sedentary,4,8.9,2.47,1801,Moderate
46,female,165.9,46.8,52.9,muscle gain,very active,3,4.5,3.08,2130,High
66,female,174.1,70.0,70.0,recomposition,very active,1,7.5,2.44,2121,High
41,female,161.1,64.4,60.6,fat loss,extremely active,2,7.0,3.25,2113,High
46,female,166.9,70.4,64.0,fat loss,moderately active,6,6.7,2.95,1817,Moderate
52,male,178.4,73.0,73.0,recomposition,very active,4,7.0,1.34,2568,High
25,male,161.4,62.6,62.6,recomposition,very active,1,6.2,2.62,2662,Moderate
52,female,171.0,64.1,60.4,fat loss,very active,3,7.8,1.71,1796,High
62,male,176.1,74.1,69.6,fat loss,moderately active,5,5.4,2.18,1821,High
33,female,172.7,43.7,46.8,muscle gain,sedentary,4,7.4,2.29,1585,Low
25,female,166.2,51.8,45.6,fat loss,sedentary,5,6.2,3.1,1345,Low
34,male,172.4,87.5,93.7,muscle gain,extremely active,4,6.5,2.56,3969,High
30,female,158.7,85.9,85.9,endurance,sedentary,1,6.5,2.25,1881,Low
47,male,177.0,65.8,65.8,endurance,sedentary,6,6.8,4.05,2042,Moderate
62,female,168.4,69.7,74.1,muscle gain,extremely active,4,7.6,1.95,2837,High
48,male,175.3,77.7,83.8,muscle gain,extremely active,6,7.0,2.78,3420,High
22,male,177.7,93.4,93.4,endurance,moderately active,2,8.1,3.05,3015,High
32,female,168.9,71.6,71.6,maintenance,sedentary,5,8.3,2.7,1625,Low
53,female,173.0,77.1,84.7,muscle gain,moderately active,1,7.4,1.95,2232,Moderate
33,male,183.5,82.2,82.2,recomposition,sedentary,1,7.8,1.91,1981,Low
47,female,161.9,90.2,90.2,maintenance,lightly active,6,9.4,3.01,2065,Moderate
53,female,148.0,59.1,59.1,endurance,moderately active,6,5.3,3.31,1908,High
33,male,173.4,96.1,96.1,endurance,extremely active,6,8.3,2.54,3946,High
50,female,157.3,46.0,46.0,recomposition,sedentary,2,8.9,1.66,1190,Low
37,female,161.5,70.7,70.7,endurance,very active,6,7.5,2.58,2203,High
23,male,183.9,90.7,90.7,maintenance,sedentary,1,9.3,3.64,2377,Low
36,female,175.0,54.5,54.5,maintenance,moderately active,3,9.1,1.87,1813,Moderate
39,female,152.9,78.9,75.7,fat loss,very active,3,6.6,2.36,2017,High
16,female,166.9,86.7,81.7,fat loss,sedentary,5,6.7,2.62,1689,Moderate
64,female,168.6,59.0,50.8,fat loss,very active,5,7.6,3.34,1609,High
44,female,160.6,74.1,74.1,endurance,extremely active,3,6.3,2.21,2854,High
17,male,165.6,82.1,92.1,muscle gain,lightly active,1,10.0,2.92,2901,Low
62,female,164.9,71.0,71.0,recomposition,very active,3,7.9,3.55,2094,High
62,male,174.6,81.4,81.4,maintenance,moderately active,2,7.1,1.54,2459,Moderate
16,female,155.8,44.9,44.9,recomposition,extremely active,5,5.3,1.66,1963,High
24,male,170.6,70.4,80.0,muscle gain,moderately active,1,7.3,2.51,2812,Moderate
35,male,157.5,70.2,70.2,endurance,extremely active,3,5.6,3.26,2844,High
43,male,167.4,57.6,57.6,maintenance,sedentary,4,7.9,2.81,1592,Low
55,female,157.4,55.5,60.8,muscle gain,lightly active,4,4.0,3.33,1624,Low
38,male,175.4,79.4,79.4,maintenance,moderately active,5,8.7,1.39,2332,High
49,male,186.8,90.7,98.6,muscle gain,extremely active,2,6.5,2.82,4133,High
16,female,162.5,82.5,82.5,recomposition,very active,4,5.0,0.58,2656,High
51,female,174.4,72.0,77.4,muscle gain,lightly active,1,7.0,3.51,2296,Low
65,male,174.8,99.9,91.7,fat loss,extremely active,3,7.0,3.41,2822,High
44,female,164.4,65.8,65.8,recomposition,very active,6,6.9,2.35,2202,High
40,male,170.9,60.0,60.0,endurance,moderately active,6,8.7,0.96,2512,High
32,male,174.0,93.0,102.5,muscle gain,lightly active,4,7.5,2.43,2894,Moderate
67,female,157.5,74.9,74.9,endurance,very active,3,8.0,3.36,2417,High
17,male,184.9,101.8,91.6,fat loss,extremely active,6,6.7,2.87,3085,High
31,female,151.2,84.1,88.1,muscle gain,moderately active,3,7.5,3.87,2549,Moderate
23,female,175.0,76.6,69.3,fat loss,extremely active,5,5.4,2.37,2367,High
62,female,163.6,73.0,79.3,muscle gain,very active,4,7.3,4.0,2775,High
42,male,178.6,87.8,87.8,recomposition,sedentary,1,6.1,1.16,1962,Low
65,female,172.3,74.5,74.5,endurance,very active,5,8.6,2.05,2607,High
51,female,169.0,44.2,44.2,endurance,moderately active,6,7.1,1.67,1617,High
46,male,170.4,92.7,92.7,endurance,moderately active,5,7.8,3.09,2893,High
43,male,177.4,71.8,71.8,recomposition,very active,4,7.3,1.73,2621,High
26,male,172.5,65.6,71.6,muscle gain,sedentary,1,9.2,3.28,2030,Low
46,female,156.8,69.1,69.1,endurance,extremely active,1,5.1,3.06,2452,High
53,female,177.8,60.3,53.9,fat loss,extremely active,6,6.9,2.7,2017,High
68,male,175.5,100.7,100.7,endurance,extremely active,3,5.8,2.5,3458,High
45,female,160.0,65.5,65.5,endurance,very active,3,4.5,1.84,2165,High
66,female,156.7,85.0,77.3,fat loss,lightly active,4,5.8,3.0,1552,Low
67,female,161.4,56.8,56.8,recomposition,very active,6,8.4,2.22,1769,High
44,male,180.2,77.1,77.1,endurance,lightly active,3,7.0,3.11,2477,High
39,male,179.9,67.0,67.0,recomposition,moderately active,4,6.7,3.62,2517,Moderate
23,male,178.9,51.1,51.1,endurance,extremely active,4,7.9,2.36,3312,High
30,female,155.5,65.5,72.4,muscle gain,sedentary,3,7.1,3.5,1526,Moderate
63,female,168.2,60.9,60.9,recomposition,moderately active,4,7.7,2.7,1733,Moderate
23,female,161.5,40.8,40.8,endurance,moderately active,2,7.4,2.99,1671,High
37,male,170.8,69.0,61.6,fat loss,extremely active,3,7.7,1.65,2790,High
53,male,175.1,86.3,86.3,maintenance,moderately active,3,6.5,2.09,2655,Moderate
28,male,169.5,61.9,61.9,endurance,lightly active,4,8.3,2.08,2358,High
68,female,163.5,59.5,59.5,maintenance,lightly active,3,5.5,3.51,1477,Low
51,male,168.2,48.7,48.7,endurance,lightly active,3,6.9,2.33,1820,Low
17,female,163.9,92.2,92.2,recomposition,sedentary,6,8.3,3.01,2066,Moderate
29,female,162.6,103.1,107.0,muscle gain,very active,5,6.8,2.52,3468,High
55,male,171.7,40.9,44.2,muscle gain,very active,6,6.5,2.32,2578,High
62,male,169.1,70.0,70.0,maintenance,sedentary,4,9.7,1.54,1655,Low
66,male,167.3,67.7,67.7,maintenance,moderately active,3,8.7,1.23,2138,Moderate
61,female,167.0,96.8,96.8,maintenance,very active,3,7.2,2.33,2749,High
20,female,161.4,64.1,64.1,recomposition,very active,6,5.8,2.37,2367,High
55,male,172.2,70.7,70.7,maintenance,sedentary,4,4.6,1.96,1862,Low
21,male,173.5,68.6,68.6,recomposition,sedentary,6,7.9,2.67,1753,Moderate
20,female,156.4,55.5,55.5,recomposition,sedentary,6,8.5,3.95,1368,Moderate
53,male,162.3,91.5,91.5,endurance,moderately active,6,7.5,3.62,2773,High
41,male,188.8,96.8,96.8,endurance,extremely active,4,4.9,2.56,3526,High
50,male,192.1,76.4,76.4,maintenance,sedentary,3,7.2,2.58,1954,Low
61,male,156.1,79.8,72.2,fat loss,very active,6,6.4,2.99,2038,High
19,male,174.3,64.2,72.0,muscle gain,very active,2,7.2,2.72,3023,High
44,female,161.0,59.9,67.3,muscle gain,extremely active,2,9.3,2.99,2641,High
61,female,178.6,52.5,57.4,muscle gain,moderately active,6,7.9,2.74,2029,High
39,female,159.4,81.8,81.8,endurance,extremely active,5,7.7,2.61,2772,High
44,female,155.9,68.1,68.1,maintenance,moderately active,4,6.9,2.09,1885,High
42,female,161.8,75.5,75.5,endurance,lightly active,4,7.5,2.79,2169,Moderate
64,male,168.6,65.2,59.7,fat loss,extremely active,3,6.1,0.95,2163,High
18,male,173.8,96.7,96.7,recomposition,moderately active,6,7.7,2.72,2941,High
63,female,181.2,80.8,80.8,maintenance,lightly active,3,6.8,1.09,2020,Low
60,male,166.7,103.5,103.5,recomposition,very active,3,6.0,2.72,2761,High
59,female,166.2,63.9,72.5,muscle gain,moderately active,1,8.0,1.85,2049,Moderate
38,female,159.8,46.1,46.1,maintenance,very active,1,4.3,3.43,1637,Moderate
43,male,170.5,96.5,108.1,muscle gain,very active,2,6.3,2.6,3383,High
35,female,170.2,51.6,51.6,recomposition,sedentary,2,7.7,2.53,1365,Low
29,female,151.3,72.9,68.4,fat loss,moderately active,2,8.5,2.82,1753,Moderate
63,male,178.8,70.2,70.2,recomposition,extremely active,5,7.6,1.93,2626,High
43,male,187.4,87.5,87.5,maintenance,very active,4,6.2,3.32,3317,High
55,female,172.5,71.4,71.4,recomposition,very active,1,6.9,3.02,2188,High
21,female,160.4,70.5,61.2,fat loss,extremely active,4,7.3,2.15,2211,High
58,male,165.3,91.7,79.4,fat loss,lightly active,1,8.9,1.79,1828,Low
51,female,163.2,69.9,69.9,recomposition,very active,4,8.1,2.24,2225,High
69,male,173.1,91.7,103.3,muscle gain,sedentary,1,8.1,2.42,2391,Low
23,female,151.9,75.7,85.2,muscle gain,sedentary,1,7.1,1.74,1809,Low
45,female,168.2,59.1,59.1,endurance,very active,5,5.7,2.18,2516,High
43,male,167.4,87.0,87.0,endurance,lightly active,1,5.3,2.09,2337,Low
45,female,169.5,76.8,69.8,fat loss,very active,6,6.6,2.36,1967,High
18,female,157.3,80.2,80.2,maintenance,extremely active,3,7.8,2.36,2822,High
41,female,163.2,75.9,75.9,recomposition,extremely active,5,6.4,2.84,2781,High
32,male,178.1,77.7,77.7,recomposition,sedentary,2,7.7,2.52,1852,Low
49,male,166.4,105.0,117.3,muscle gain,lightly active,3,6.0,2.78,2972,Moderate
28,male,179.4,75.9,75.9,endurance,moderately active,6,6.2,2.67,2464,High
39,male,171.5,90.5,90.5,recomposition,sedentary,1,8.7,2.36,2137,Low
49,male,167.4,74.7,74.7,endurance,extremely active,3,7.9,2.98,3063,High
19,female,157.7,95.4,95.4,recomposition,extremely active,1,6.6,0.58,2971,High
58,female,160.7,69.9,69.9,endurance,very active,3,6.0,2.25,2174,High
54,female,149.8,71.8,65.1,fat loss,lightly active,6,8.1,2.1,1340,High
19,male,181.6,89.8,101.7,muscle gain,sedentary,4,8.1,2.58,2556,Moderate
19,male,169.5,85.7,85.7,maintenance,extremely active,3,7.8,2.06,3160,High
61,female,167.9,98.6,102.7,muscle gain,very active,4,6.8,2.88,2889,High
31,male,165.7,85.5,78.4,fat loss,extremely active,2,5.7,3.01,2772,High
62,female,164.7,55.4,55.4,recomposition,lightly active,1,7.0,1.53,1418,Low
42,female,157.2,63.7,63.7,endurance,sedentary,4,8.7,2.66,1498,Moderate
34,male,175.0,82.4,82.4,maintenance,extremely active,5,5.9,1.6,3340,High
30,male,171.6,71.9,71.9,recomposition,sedentary,2,7.1,2.84,1932,Low
51,male,172.6,86.6,86.6,recomposition,moderately active,1,9.0,2.17,2593,Moderate
21,male,180.6,81.1,81.1,maintenance,moderately active,4,6.6,1.94,2909,Moderate
37,male,185.5,71.5,71.5,recomposition,moderately active,3,6.8,1.3,2676,Moderate
34,female,154.2,81.2,81.2,endurance,moderately active,6,5.4,2.44,2358,High
24,female,158.0,86.4,79.8,fat loss,sedentary,3,7.7,1.69,1486,Low
35,female,161.5,72.0,78.5,muscle gain,very active,3,6.1,1.46,2833,High
44,female,179.2,62.1,54.8,fat loss,lightly active,4,5.1,2.63,1432,Moderate
52,female,161.0,69.9,69.9,recomposition,sedentary,6,5.9,3.18,1429,Moderate
20,male,167.0,59.9,59.9,recomposition,moderately active,5,7.3,2.78,2061,High
63,male,171.9,104.1,104.1,recomposition,lightly active,4,5.1,1.5,2615,Low
63,female,171.0,61.1,61.1,recomposition,very active,5,5.3,2.4,2219,High
53,male,161.6,90.5,90.5,maintenance,lightly active,5,7.7,2.98,2252,Moderate
65,male,174.7,48.2,48.2,endurance,moderately active,4,6.9,2.4,2134,Moderate
39,female,149.9,69.7,64.7,fat loss,moderately active,2,5.9,2.73,1651,High
60,female,155.1,64.3,64.3,recomposition,extremely active,1,6.6,2.19,2102,High
55,female,175.0,76.8,76.8,endurance,sedentary,4,9.1,2.23,1927,Moderate
46,female,167.8,77.1,87.1,muscle gain,sedentary,5,8.5,2.04,1775,Moderate
25,male,178.2,76.8,76.8,recomposition,extremely active,3,6.9,2.93,3145,High
46,female,176.1,85.4,77.7,fat loss,lightly active,3,8.0,2.97,1505,Moderate
64,female,176.7,67.1,61.1,fat loss,very active,3,7.1,2.11,1678,High
69,female,162.7,55.7,58.1,muscle gain,moderately active,4,4.9,3.03,1673,Moderate
40,female,162.9,57.2,57.2,endurance,very active,5,4.7,1.5,1981,High
29,female,158.9,71.9,75.4,muscle gain,very active,3,5.9,2.38,2636,High
56,male,181.4,91.3,91.3,maintenance,lightly active,4,5.1,1.55,2489,Low
20,male,174.3,95.1,95.1,recomposition,moderately active,3,7.3,1.71,2750,High
24,male,172.7,80.9,80.9,recomposition,lightly active,2,6.3,1.54,2241,Moderate
46,male,165.4,100.9,100.9,recomposition,lightly active,5,7.5,2.04,2270,Moderate
69,male,179.2,55.6,51.2,fat loss,moderately active,4,7.5,2.93,1671,Low
33,male,179.7,108.3,108.3,endurance,sedentary,4,7.8,2.45,2485,Low
39,female,176.6,54.0,58.2,muscle gain,sedentary,2,5.9,2.09,1626,Low
33,female,157.9,65.3,65.3,maintenance,very active,6,7.6,2.38,2393,High
39,female,175.2,84.2,84.2,recomposition,sedentary,5,5.9,1.06,1708,Moderate
16,female,160.4,64.3,70.5,muscle gain,extremely active,5,7.9,2.9,2761,High
48,female,152.0,69.3,69.3,recomposition,very active,5,8.5,0.93,2126,High
48,female,172.0,76.6,76.6,maintenance,extremely active,3,7.9,2.0,2460,High
33,male,169.6,79.3,73.2,fat loss,moderately active,4,6.8,2.44,2254,High
30,female,156.7,73.0,81.5,muscle gain,very active,2,7.7,2.81,2535,High
57,male,178.7,85.9,85.9,recomposition,sedentary,5,5.2,2.67,1943,Low
26,male,177.3,107.8,99.6,fat loss,very active,1,4.9,2.47,2675,High
18,female,162.2,62.0,68.0,muscle gain,lightly active,4,7.6,3.52,2131,Moderate
18,female,163.8,72.6,72.6,maintenance,very active,2,8.6,3.91,2505,Moderate
63,male,174.9,103.0,108.8,muscle gain,lightly active,4,5.5,2.5,2628,Moderate
35,male,172.4,62.9,62.9,maintenance,very active,2,7.0,2.43,2395,Moderate
21,male,179.9,72.2,72.2,endurance,extremely active,6,7.5,2.39,3371,High
63,male,174.0,83.8,79.6,fat loss,sedentary,1,6.3,2.07,1595,Low
24,male,169.4,85.8,85.8,endurance,sedentary,5,6.6,2.76,2362,Moderate
34,female,160.7,67.2,67.2,recomposition,lightly active,5,7.7,3.39,1682,Moderate
17,female,156.5,66.5,66.5,endurance,moderately active,6,7.1,0.76,2176,High
52,female,158.7,62.7,62.7,recomposition,extremely active,2,7.1,2.38,2140,High
53,female,172.9,73.0,73.0,endurance,moderately active,5,5.8,3.54,2254,High
56,female,155.0,73.6,67.0,fat loss,extremely active,1,7.0,2.78,1921,High
30,female,168.0,52.7,52.7,recomposition,very active,5,6.5,2.79,2021,High
33,male,185.8,93.9,93.9,recomposition,very active,3,6.6,1.38,3110,High
66,male,181.2,93.0,93.0,endurance,extremely active,5,6.4,2.99,3407,High
60,female,157.9,65.1,62.7,fat loss,lightly active,5,7.0,3.21,1107,Low
18,male,172.9,52.2,52.2,maintenance,very active,3,6.0,2.64,2554,High
53,male,184.7,65.0,65.0,maintenance,very active,3,7.0,2.04,2789,High
59,male,172.5,71.7,69.1,fat loss,extremely active,5,6.6,2.81,2479,High
46,female,165.3,93.6,93.6,recomposition,lightly active,6,5.9,1.77,2207,High
50,male,188.1,78.3,78.3,maintenance,very active,3,4.7,1.68,2972,Moderate
16,female,178.2,42.0,42.0,maintenance,lightly active,6,8.1,3.06,1651,Moderate
17,male,187.4,82.1,82.1,recomposition,extremely active,3,7.9,3.27,3338,High
17,male,165.2,61.9,61.9,recomposition,moderately active,6,6.0,1.98,2208,High
24,male,178.6,87.2,87.2,recomposition,extremely active,4,7.8,1.68,3095,High
69,male,189.5,66.3,75.0,muscle gain,moderately active,5,5.8,1.89,2469,Moderate
50,female,177.1,62.0,62.0,endurance,sedentary,5,6.6,2.64,1585,Low
58,male,173.2,85.3,90.5,muscle gain,lightly active,5,6.4,1.69,2329,Moderate
31,male,166.8,104.5,118.4,muscle gain,very active,6,6.7,3.4,3953,High
66,female,168.1,79.2,79.2,maintenance,very active,3,7.8,2.17,2417,High
26,female,158.8,46.0,50.1,muscle gain,moderately active,5,6.5,2.76,2010,High
64,male,174.3,71.6,74.1,muscle gain,very active,5,6.6,1.98,2945,High
17,female,167.7,61.8,61.8,endurance,moderately active,4,7.9,2.91,2354,High
17,female,170.8,87.9,78.3,fat loss,sedentary,2,7.1,2.97,1561,Low
20,male,183.1,49.7,49.7,maintenance,sedentary,3,6.3,1.33,2056,Low
58,female,163.5,93.0,93.0,maintenance,lightly active,2,7.3,2.02,1969,Low
29,female,180.4,55.6,53.1,fat loss,sedentary,1,8.2,2.39,1190,Low
40,female,160.4,44.7,48.6,muscle gain,very active,6,8.3,2.13,2123,High
41,male,172.4,61.3,67.9,muscle gain,extremely active,5,5.4,3.11,3279,High
58,male,167.3,72.1,72.1,maintenance,extremely active,4,5.5,2.08,2764,High
34,male,162.7,80.8,80.8,maintenance,moderately active,3,8.2,3.0,2765,Moderate
16,female,162.5,83.1,83.1,maintenance,extremely active,1,6.7,2.84,3084,High
36,female,164.1,78.5,89.2,muscle gain,very active,3,4.4,2.42,2700,High
31,male,170.6,93.3,93.3,recomposition,sedentary,2,6.1,3.03,2033,Low
55,male,180.2,80.4,88.4,muscle gain,moderately active,4,6.5,1.42,2908,High
56,female,157.5,69.2,69.2,endurance,moderately active,3,6.6,2.46,2020,High
20,female,166.3,58.8,58.8,endurance,moderately active,6,7.9,1.96,2386,High
58,female,162.3,70.3,70.3,recomposition,extremely active,6,5.9,2.43,2400,High
19,male,175.5,94.5,85.1,fat loss,extremely active,4,8.1,2.17,2688,High
49,female,165.4,86.4,86.4,endurance,lightly active,6,7.3,2.54,2132,High
37,male,172.6,67.0,67.0,endurance,sedentary,2,5.5,2.51,1829,Moderate
32,female,152.8,60.7,60.7,maintenance,very active,1,6.6,2.6,2328,Moderate
42,male,164.0,86.7,99.6,muscle gain,sedentary,4,7.6,2.62,2135,Moderate
32,male,185.6,97.3,97.3,recomposition,moderately active,1,7.0,2.9,2948,Moderate
58,male,171.7,70.5,70.5,recomposition,extremely active,6,7.5,1.62,2582,High
68,female,172.4,84.9,84.9,recomposition,very active,1,6.3,2.86,2059,High
60,female,158.3,54.6,54.6,recomposition,extremely active,6,7.7,1.44,1793,High
39,male,179.3,74.3,74.3,endurance,sedentary,5,6.5,0.54,2077,Moderate
43,female,157.3,71.4,71.4,endurance,very active,2,10.0,3.88,2475,High
40,male,171.8,97.6,97.6,recomposition,lightly active,4,5.4,1.84,2500,Moderate
58,male,182.6,60.8,65.4,muscle gain,sedentary,4,10.0,2.19,1811,Low
45,male,169.7,108.8,108.8,endurance,lightly active,5,5.9,1.2,2837,High
41,female,168.9,61.0,61.0,endurance,extremely active,3,8.5,2.18,2741,High
38,male,172.3,92.1,92.1,maintenance,moderately active,4,8.0,2.64,2896,High
36,female,160.8,59.7,57.7,fat loss,extremely active,3,5.9,2.67,1875,High
45,male,171.8,83.8,83.8,endurance,sedentary,1,7.7,1.66,2138,Low
53,male,175.3,76.3,76.3,maintenance,very active,5,6.4,2.19,2783,High
39,male,167.5,92.0,92.0,maintenance,moderately active,2,7.3,2.76,2985,Moderate
59,female,165.8,75.7,75.7,recomposition,lightly active,2,7.2,2.67,1925,Low
60,male,175.3,72.0,69.2,fat loss,moderately active,2,6.6,2.59,1959,Low
39,female,164.8,41.5,41.5,endurance,very active,4,6.5,3.03,1979,High
65,female,158.4,57.8,52.2,fat loss,sedentary,5,7.4,2.42,1037,Low
25,male,175.9,70.5,74.7,muscle gain,very active,5,5.9,3.47,3268,High
66,female,155.1,88.1,88.1,maintenance,lightly active,4,6.0,2.29,1892,Low
31,female,152.1,57.8,57.8,recomposition,extremely active,3,8.1,2.99,2121,High
46,male,168.0,72.3,64.5,fat loss,sedentary,6,7.5,3.01,1662,Low
31,male,191.4,108.9,108.9,maintenance,lightly active,3,5.4,1.35,2796,Low
39,male,182.4,85.6,79.8,fat loss,extremely active,1,5.8,2.81,2959,High
34,female,164.9,69.9,69.9,endurance,lightly active,5,4.4,2.05,1753,High
54,male,183.2,82.4,89.2,muscle gain,sedentary,6,8.1,1.79,2252,Moderate
20,female,150.1,69.1,69.1,maintenance,moderately active,2,7.8,2.2,2077,Moderate
61,female,161.1,62.6,62.6,recomposition,very active,2,5.7,2.61,1938,High
64,female,174.5,80.3,71.8,fat loss,moderately active,3,7.8,1.4,1713,Moderate
46,male,165.4,76.3,70.9,fat loss,moderately active,3,9.4,2.52,2111,High
45,female,149.9,42.0,42.0,endurance,sedentary,2,5.2,2.35,1206,Low
53,male,176.4,82.1,82.1,maintenance,lightly active,1,6.3,3.23,2146,Low
26,male,181.4,76.3,84.6,muscle gain,sedentary,2,5.1,2.06,2243,Low
56,male,167.0,82.6,82.6,recomposition,extremely active,2,8.1,3.33,2797,High
27,male,177.8,79.7,79.7,endurance,lightly active,2,6.9,2.77,2679,Moderate
52,male,175.1,61.6,61.6,recomposition,very active,2,6.5,2.48,2515,High
32,male,177.4,85.3,85.3,maintenance,lightly active,6,7.3,3.39,2305,High
56,male,171.4,90.0,90.0,recomposition,very active,2,6.3,3.85,2646,High
58,male,184.7,72.4,72.4,endurance,sedentary,5,6.5,2.35,1879,Low
27,female,161.4,70.2,73.1,muscle gain,sedentary,4,7.3,1.98,1869,Moderate
49,male,187.4,98.7,98.7,recomposition,lightly active,3,6.3,2.8,2650,Low
42,female,166.4,50.5,50.5,endurance,lightly active,5,6.4,1.5,1712,Moderate
31,female,164.2,66.4,69.1,muscle gain,lightly active,1,6.8,1.59,2186,Low
47,female,151.7,74.7,74.7,endurance,lightly active,5,7.1,3.41,1960,High
69,female,170.0,75.3,67.8,fat loss,very active,3,7.7,2.9,1743,Moderate
16,female,161.8,63.3,69.9,muscle gain,moderately active,5,7.7,1.9,2249,High
67,female,164.1,77.7,83.6,muscle gain,sedentary,6,5.2,4.69,1694,Moderate
62,female,168.4,86.5,78.7,fat loss,extremely active,5,8.7,1.53,2307,High
44,female,165.3,66.8,66.8,recomposition,very active,1,7.1,2.93,2242,Moderate
48,male,183.9,88.0,88.0,maintenance,moderately active,6,6.6,1.94,2794,High
35,male,183.6,91.7,103.1,muscle gain,moderately active,5,5.9,3.75,3476,High
22,female,170.2,66.4,66.4,endurance,lightly active,1,9.4,2.13,2122,Moderate
46,male,174.9,72.1,76.5,muscle gain,lightly active,2,9.8,2.3,2399,Moderate
60,female,166.6,90.1,90.1,endurance,sedentary,6,9.2,1.23,1691,Low
28,male,172.1,65.0,65.0,recomposition,extremely active,6,7.1,3.96,3090,High
54,male,175.1,66.8,66.8,endurance,lightly active,3,7.4,2.07,2149,Low
56,female,168.0,62.1,55.6,fat loss,very active,6,8.8,2.84,1651,High
56,female,159.9,56.3,56.3,endurance,sedentary,3,6.7,2.5,1404,Moderate
34,female,158.5,73.1,69.1,fat loss,sedentary,6,7.6,2.11,1455,Moderate
37,male,178.3,97.9,97.9,recomposition,lightly active,4,7.3,0.94,2648,Moderate
38,female,157.7,90.4,90.4,recomposition,sedentary,4,9.3,2.34,1716,Low
62,female,155.6,40.0,36.9,fat loss,extremely active,1,8.7,2.31,1409,High
64,female,148.1,99.8,93.0,fat loss,sedentary,6,6.8,2.72,1487,Low
38,female,152.2,73.4,69.6,fat loss,moderately active,2,8.8,4.0,1689,High
68,female,176.9,79.8,75.5,fat loss,lightly active,2,7.0,2.95,1554,Low
46,female,158.4,45.4,41.3,fat loss,lightly active,3,6.3,3.1,1013,Low
36,male,170.9,85.0,85.0,endurance,sedentary,5,6.7,2.29,2361,Moderate
16,female,165.8,78.7,85.2,muscle gain,lightly active,5,7.2,1.58,2286,Moderate
48,female,162.7,52.7,52.7,endurance,sedentary,4,6.1,2.3,1278,Moderate
50,female,152.5,40.0,35.2,fat loss,moderately active,6,6.4,1.99,1042,High
68,female,163.0,72.4,72.4,recomposition,lightly active,5,5.3,2.46,1539,Low
54,female,176.2,67.4,67.4,maintenance,sedentary,1,6.0,2.15,1660,Low
17,male,173.6,75.2,75.2,maintenance,sedentary,5,7.3,1.33,2255,Low
46,female,164.9,65.9,65.9,recomposition,extremely active,2,8.3,3.39,2392,High
56,male,166.5,109.8,119.9,muscle gain,lightly active,4,8.1,2.4,3169,High
42,male,180.3,83.3,74.5,fat loss,moderately active,4,7.5,2.27,2123,High
39,female,157.0,81.4,93.1,muscle gain,moderately active,3,5.2,1.73,2464,High
59,female,171.9,58.8,58.8,endurance,moderately active,3,6.0,2.17,1743,High
49,male,175.0,58.1,58.1,maintenance,extremely active,2,6.8,1.9,2632,High
52,male,175.8,78.8,78.8,endurance,very active,2,8.2,1.66,2593,High
41,male,163.1,75.5,75.5,endurance,moderately active,6,6.3,2.61,2356,High
31,male,173.4,89.9,82.4,fat loss,lightly active,3,5.5,2.17,2092,High
44,male,180.6,92.7,81.4,fat loss,extremely active,3,8.7,3.02,2515,High
67,male,172.4,90.7,85.6,fat loss,sedentary,5,6.1,2.25,1437,Low
48,female,166.2,54.0,47.3,fat loss,moderately active,2,5.6,2.58,1306,Moderate
54,female,157.0,43.7,43.7,maintenance,very active,2,7.3,2.56,1782,High
22,female,158.5,65.6,58.4,fat loss,extremely active,2,6.9,2.77,2297,Moderate
69,male,167.8,95.4,95.4,endurance,sedentary,1,6.4,1.91,2086,Low
29,male,174.7,86.9,86.9,maintenance,lightly active,3,7.0,3.13,2645,Low
68,male,182.0,53.4,53.4,recomposition,sedentary,1,5.9,1.67,1417,Low
40,female,163.8,67.9,67.9,endurance,lightly active,3,6.4,2.53,2080,Moderate
65,male,172.4,67.9,62.8,fat loss,extremely active,4,7.0,1.66,2090,High
64,male,165.3,83.2,83.2,maintenance,sedentary,2,4.6,2.42,1935,Low
56,male,181.6,68.9,68.9,recomposition,very active,2,8.1,3.12,2534,High
65,female,159.1,79.0,79.0,endurance,extremely active,4,5.4,2.89,2292,High
48,male,169.0,93.7,93.7,endurance,sedentary,4,5.9,3.24,2098,Moderate
61,male,175.6,96.8,99.8,muscle gain,lightly active,5,8.2,2.29,2747,High
25,female,160.2,45.7,48.2,muscle gain,extremely active,6,7.7,3.14,2218,High
19,female,161.7,70.3,70.3,recomposition,very active,2,7.1,2.02,2431,High
45,male,164.8,63.2,63.2,recomposition,sedentary,2,5.0,2.18,1504,Low
59,male,167.5,121.0,126.0,muscle gain,extremely active,4,6.3,2.59,4321,High
57,female,159.9,65.4,65.4,maintenance,extremely active,2,6.7,3.1,2107,High
44,female,168.3,79.3,79.3,endurance,lightly active,5,6.8,2.12,2170,High
44,female,150.6,62.9,72.3,muscle gain,moderately active,1,8.4,2.99,2166,High
48,male,169.1,79.2,82.8,muscle gain,lightly active,3,9.4,2.66,2460,Moderate
62,male,180.3,52.9,52.9,endurance,moderately active,6,7.7,2.74,2188,High
61,female,167.3,70.6,70.6,recomposition,very active,5,6.4,1.9,2295,High
21,male,175.3,78.4,88.5,muscle gain,very active,4,8.5,2.23,3277,High
48,male,175.4,70.0,76.4,muscle gain,extremely active,1,6.3,2.43,3216,High
36,female,156.6,61.4,61.4,endurance,sedentary,5,3.9,2.74,1638,Moderate
59,female,155.8,63.8,71.7,muscle gain,extremely active,3,5.5,1.93,2522,High
43,male,170.8,76.5,76.5,recomposition,extremely active,6,4.2,1.6,2886,High
69,female,167.9,42.0,42.0,maintenance,lightly active,5,6.5,1.01,1228,Low
39,male,190.0,83.4,88.9,muscle gain,sedentary,6,6.8,3.02,2605,Moderate
52,female,167.3,58.3,63.4,muscle gain,lightly active,1,5.1,3.16,1722,Moderate
21,female,146.4,82.0,82.0,recomposition,extremely active,6,6.0,1.09,3014,High
66,male,173.3,97.5,97.5,endurance,sedentary,5,5.3,2.55,2027,Low
24,female,171.2,71.8,67.0,fat loss,sedentary,2,6.8,2.24,1351,Low
36,male,172.7,62.0,62.0,endurance,sedentary,6,6.0,3.35,1960,Moderate
61,female,157.2,65.6,75.3,muscle gain,sedentary,4,8.2,2.35,1628,Low
68,male,184.8,77.6,77.6,recomposition,very active,4,7.2,2.88,2463,High
42,male,165.0,76.9,80.1,muscle gain,sedentary,6,8.9,2.2,2362,Moderate
42,female,155.9,74.6,82.3,muscle gain,extremely active,4,6.5,2.02,2928,High
18,female,170.4,62.7,62.7,endurance,lightly active,4,9.6,3.04,2049,High
68,male,174.8,87.2,87.2,recomposition,moderately active,6,7.0,3.25,2455,High
16,female,159.7,76.5,76.5,endurance,moderately active,5,6.4,1.61,2657,High
17,female,146.7,43.2,38.8,fat loss,extremely active,4,9.9,3.3,1838,High
41,male,173.4,49.9,57.1,muscle gain,very active,6,4.8,1.82,2702,High
16,female,171.3,62.9,59.2,fat loss,sedentary,6,6.3,0.87,1293,High
24,female,167.3,68.0,68.0,maintenance,extremely active,4,5.0,2.51,2538,High
49,male,165.2,66.2,66.2,maintenance,sedentary,1,4.8,2.86,1597,Low
54,male,180.7,83.9,83.9,endurance,moderately active,5,4.5,1.44,2665,High
32,female,162.8,71.2,74.5,muscle gain,extremely active,2,7.7,1.11,3004,High
58,male,176.3,96.4,96.4,recomposition,moderately active,4,5.4,2.15,2656,High
48,female,149.0,63.5,63.5,endurance,moderately active,3,6.7,2.06,2025,Moderate
28,female,161.9,66.1,63.3,fat loss,lightly active,3,8.1,3.46,1321,Moderate
54,male,169.9,93.3,93.3,maintenance,very active,6,7.6,2.51,2982,High
47,male,171.2,75.7,85.6,muscle gain,very active,2,7.5,3.01,3171,High
59,female,169.1,82.1,71.4,fat loss,extremely active,1,8.5,2.65,1797,High
24,male,174.4,71.3,71.3,maintenance,extremely active,4,8.9,3.6,3294,High
28,male,169.2,95.5,101.6,muscle gain,moderately active,4,5.5,1.88,3793,High
32,female,161.1,76.2,80.3,muscle gain,lightly active,6,7.6,2.44,2333,Moderate
34,female,162.4,68.0,71.4,muscle gain,moderately active,1,6.7,1.4,2412,Moderate
63,female,161.5,81.3,81.3,maintenance,lightly active,6,6.8,3.07,1821,Moderate
55,female,158.4,71.0,79.4,muscle gain,lightly active,6,5.2,3.28,1974,Moderate
45,female,145.0,77.8,77.8,recomposition,lightly active,2,6.4,3.11,1852,Low
45,male,188.7,81.3,84.0,muscle gain,moderately active,5,6.5,2.41,3013,High
63,female,165.3,69.2,69.2,recomposition,lightly active,6,8.7,1.46,1749,High
40,female,152.6,62.5,62.5,maintenance,lightly active,1,5.6,2.44,1721,Low
28,female,166.3,59.6,64.4,muscle gain,moderately active,1,4.1,2.03,2543,Moderate
23,female,159.9,73.9,73.9,endurance,sedentary,4,7.0,3.15,1963,Moderate
33,male,188.0,54.2,54.2,recomposition,sedentary,4,5.5,2.2,1795,Low
51,female,157.6,63.5,63.5,maintenance,very active,6,6.8,2.19,2092,High
41,male,179.9,58.1,58.1,maintenance,extremely active,6,7.8,4.02,2806,High
38,female,157.4,74.6,74.6,recomposition,lightly active,1,6.9,3.06,1907,Low
41,male,174.7,85.6,85.6,recomposition,sedentary,6,6.5,3.25,1922,Moderate
68,male,172.6,86.4,86.4,recomposition,moderately active,6,6.8,2.14,2384,High
69,male,179.3,100.6,96.6,fat loss,sedentary,4,8.0,1.73,1695,Low
24,female,162.0,60.6,67.5,muscle gain,extremely active,3,5.6,3.25,2617,High
22,female,167.8,61.8,61.8,maintenance,sedentary,4,7.9,3.54,1697,Low
29,male,158.5,80.9,80.9,maintenance,moderately active,4,5.8,1.6,2337,High
62,male,187.1,78.8,82.5,muscle gain,lightly active,3,7.7,2.14,2476,Moderate
40,male,173.5,98.3,98.3,endurance,moderately active,1,5.1,1.86,3169,Moderate
62,male,178.2,109.1,115.4,muscle gain,very active,5,7.7,2.84,3708,High
50,female,164.5,77.6,77.6,maintenance,lightly active,2,6.9,3.26,1933,Low
45,male,177.1,91.7,91.7,recomposition,extremely active,2,7.1,2.24,3087,High
31,male,185.1,84.5,88.5,muscle gain,extremely active,3,8.2,2.24,4189,High
34,male,166.3,84.6,84.6,maintenance,moderately active,1,6.0,1.13,2525,Moderate
23,male,191.8,83.5,83.5,recomposition,lightly active,3,7.0,1.83,2619,Moderate
44,female,151.8,80.7,83.4,muscle gain,lightly active,6,7.4,3.56,2282,High
31,female,162.3,47.9,47.9,endurance,extremely active,5,6.6,2.84,2133,High
31,male,185.0,101.5,101.5,maintenance,very active,1,7.9,3.15,3402,Moderate
18,female,162.7,64.1,64.1,recomposition,moderately active,2,7.4,2.24,2010,High
59,male,173.0,76.6,76.6,recomposition,very active,4,6.3,2.31,2594,High
66,male,185.1,76.9,76.9,endurance,lightly active,6,8.5,2.51,2180,High
42,male,161.9,69.0,69.0,recomposition,very active,3,7.7,2.73,2281,High
44,male,178.9,83.4,83.4,maintenance,extremely active,6,6.0,3.46,3290,High
65,male,178.7,79.4,79.4,recomposition,moderately active,1,6.0,2.03,2264,Low
43,female,156.6,90.0,90.0,maintenance,very active,6,6.7,2.4,2570,High
49,female,155.4,53.5,53.5,endurance,moderately active,1,7.5,1.94,1887,High
39,female,164.4,68.6,68.6,maintenance,sedentary,5,4.3,1.12,1471,Low
43,male,171.1,93.0,93.0,recomposition,sedentary,1,6.0,3.14,2026,Low
44,male,171.9,61.2,66.4,muscle gain,lightly active,6,6.3,3.72,2186,High
54,male,166.4,68.7,62.9,fat loss,lightly active,2,5.3,3.04,1610,Low
48,male,167.4,90.2,90.2,maintenance,sedentary,3,5.8,2.66,1983,Low
43,male,177.8,71.0,71.0,endurance,extremely active,4,7.2,3.8,2987,High
20,female,160.5,67.8,67.8,recomposition,very active,1,6.4,2.82,2382,High
64,female,164.2,49.0,53.4,muscle gain,sedentary,4,6.5,3.06,1623,Low
63,female,160.4,74.6,74.6,endurance,extremely active,2,5.3,2.6,2523,High
25,female,159.6,53.5,53.5,recomposition,lightly active,3,6.7,2.71,1557,Low
31,female,165.3,70.1,70.1,maintenance,extremely active,2,5.2,2.41,2577,High
68,female,173.6,72.1,72.1,endurance,lightly active,6,8.8,3.08,1990,High
33,male,173.1,90.8,90.8,recomposition,sedentary,3,9.1,1.74,1976,Low
59,female,171.0,59.8,68.4,muscle gain,sedentary,5,6.4,2.79,1754,Low
58,female,167.4,65.3,59.0,fat loss,lightly active,1,5.7,1.9,1238,Low
62,female,170.6,83.4,93.1,muscle gain,extremely active,5,8.0,2.86,3077,High
16,female,158.7,62.5,59.1,fat loss,moderately active,3,7.7,4.18,1774,Moderate
42,male,167.7,102.0,96.3,fat loss,sedentary,4,9.2,2.99,1870,Low
46,female,161.6,60.8,60.8,maintenance,lightly active,6,9.6,3.32,1757,Moderate
61,male,178.3,91.4,91.4,endurance,moderately active,5,4.6,3.13,2858,High
28,female,168.5,69.0,69.0,recomposition,moderately active,3,8.4,0.87,2271,Moderate
32,female,163.9,58.1,58.1,maintenance,extremely active,2,6.7,2.41,2295,High
25,female,169.1,68.1,78.1,muscle gain,sedentary,6,7.7,2.81,1876,Moderate
57,male,173.5,77.5,77.5,recomposition,sedentary,2,7.9,1.04,1757,Low
69,female,169.2,86.1,86.1,maintenance,very active,1,7.9,2.3,2653,Moderate
23,female,170.1,67.4,62.8,fat loss,sedentary,2,8.2,2.44,1442,Low
28,male,163.8,94.0,94.0,maintenance,very active,1,6.3,1.64,3284,Low
32,male,163.9,91.7,82.4,fat loss,lightly active,5,5.9,1.82,1944,Moderate
64,female,168.0,91.2,91.2,maintenance,lightly active,6,8.4,3.44,2136,High
40,female,156.7,83.6,73.7,fat loss,sedentary,3,6.0,0.5,1266,Low
31,female,164.4,53.7,60.1,muscle gain,very active,4,9.2,2.69,2353,High
33,female,165.1,64.5,64.5,endurance,sedentary,6,6.1,3.31,1680,Moderate
48,male,172.2,98.9,88.4,fat loss,sedentary,6,6.5,2.48,1707,Moderate
36,female,166.3,67.8,62.3,fat loss,moderately active,1,6.8,3.49,1674,High
23,male,176.1,66.0,75.8,muscle gain,sedentary,1,5.2,2.2,2291,Low
60,female,160.0,63.5,63.5,endurance,sedentary,3,5.2,1.87,1500,Low
38,male,185.3,59.8,59.8,endurance,lightly active,2,8.1,2.49,2431,Moderate
29,female,157.9,80.4,80.4,recomposition,very active,1,4.9,2.23,2129,High
55,male,169.4,99.3,99.3,recomposition,very active,1,10.0,2.1,3181,Moderate
56,female,163.5,57.6,57.6,endurance,extremely active,5,6.9,2.37,2218,High
24,male,175.9,71.4,75.7,muscle gain,extremely active,2,5.8,1.95,3900,High
19,male,183.5,78.1,78.1,maintenance,lightly active,3,7.5,1.91,2464,Moderate
18,female,157.7,69.4,63.7,fat loss,lightly active,1,4.0,1.71,1606,Moderate
57,male,180.4,91.2,91.2,maintenance,lightly active,4,6.6,2.79,2263,Low
49,female,162.2,57.8,57.8,endurance,sedentary,5,6.8,1.8,1385,Moderate
58,female,154.8,51.7,49.7,fat loss,sedentary,4,5.5,1.63,1027,Low
49,female,156.1,62.2,62.2,recomposition,moderately active,2,6.2,1.75,1474,Moderate
37,male,176.4,68.1,68.1,maintenance,sedentary,1,8.8,2.64,1784,Low
47,male,173.2,102.2,102.2,endurance,sedentary,3,7.2,2.97,2471,Low
55,male,178.5,75.9,75.9,maintenance,lightly active,5,7.5,3.03,2152,Low
37,female,169.0,74.2,74.2,maintenance,extremely active,1,6.1,2.65,2613,High
65,female,160.1,56.4,51.0,fat loss,moderately active,5,5.4,2.87,1460,Moderate
64,female,167.6,59.6,59.6,maintenance,lightly active,6,6.7,2.46,1778,Moderate
59,female,169.5,83.3,83.3,endurance,sedentary,4,4.1,2.82,1810,Low
69,male,171.8,63.4,59.0,fat loss,very active,6,5.7,2.81,2032,High
37,male,166.5,91.4,84.9,fat loss,lightly active,2,5.5,1.99,2130,Moderate
22,male,178.9,110.4,110.4,endurance,extremely active,4,4.6,1.75,4220,High
42,male,169.3,62.3,65.4,muscle gain,sedentary,5,7.8,3.45,1923,Moderate
56,male,182.7,85.0,85.0,recomposition,very active,5,6.8,2.59,2829,High
58,male,165.9,69.0,69.0,recomposition,very active,5,6.3,3.24,2157,High
36,male,175.9,117.7,117.7,maintenance,lightly active,2,7.8,1.73,2988,Moderate
31,male,183.1,97.4,97.4,maintenance,lightly active,6,5.0,2.22,2653,Low
40,female,157.4,92.5,92.5,recomposition,extremely active,5,5.4,1.54,2803,High
59,female,158.3,59.0,63.6,muscle gain,very active,1,8.3,2.95,2176,High
19,female,157.2,47.5,44.5,fat loss,sedentary,4,9.7,2.07,1095,Moderate
33,male,176.0,90.4,90.4,endurance,moderately active,6,7.8,2.11,2995,High
28,male,179.0,60.9,59.0,fat loss,very active,1,7.6,3.87,2019,High
59,male,180.1,61.4,58.1,fat loss,lightly active,6,6.3,2.97,1548,Moderate
41,male,176.9,80.1,80.1,recomposition,very active,2,6.3,2.96,2610,High
20,female,168.4,57.4,57.4,maintenance,very active,2,7.3,1.66,2232,High
30,female,151.4,72.6,79.1,muscle gain,lightly active,3,8.6,1.2,1812,High
18,male,187.3,73.8,63.1,fat loss,sedentary,5,7.5,3.18,1706,Low
41,male,178.7,92.9,104.9,muscle gain,sedentary,1,8.1,0.93,2553,Low
69,male,188.8,67.9,64.4,fat loss,very active,2,5.9,2.15,2119,Moderate
46,male,181.3,88.8,88.8,maintenance,very active,5,7.7,1.93,3300,High
62,female,158.5,62.5,62.5,maintenance,lightly active,2,6.2,1.85,1484,Low
56,female,164.6,51.6,51.6,endurance,moderately active,3,7.2,2.19,1745,Moderate
63,female,164.5,66.0,66.0,endurance,moderately active,4,7.7,1.76,2081,Moderate
32,female,161.5,57.6,57.6,maintenance,extremely active,2,6.4,1.65,2390,High
67,female,165.6,77.0,77.0,maintenance,moderately active,1,5.8,2.68,2051,Low
28,female,156.9,67.7,67.7,recomposition,moderately active,4,7.4,3.25,2251,High
39,female,167.8,65.1,71.2,muscle gain,moderately active,1,6.8,1.28,2297,High
52,female,161.6,91.0,91.0,recomposition,sedentary,3,7.2,2.64,1659,Low
31,male,173.2,78.5,76.1,fat loss,very active,4,7.8,2.88,2229,High
30,female,157.4,63.2,63.2,endurance,extremely active,5,8.6,2.81,2558,High
23,female,161.3,60.4,60.4,endurance,sedentary,6,7.8,2.35,1787,High
16,female,176.1,52.6,52.6,endurance,sedentary,6,7.6,2.08,1806,Moderate
43,female,162.6,67.1,76.8,muscle gain,moderately active,1,6.4,3.03,2472,High
69,female,155.0,72.0,72.0,recomposition,very active,3,6.6,2.73,1980,Moderate
27,female,169.4,43.1,43.1,maintenance,sedentary,1,7.5,1.17,1240,Low
39,male,176.6,85.7,85.7,endurance,very active,5,6.6,2.35,3328,High
66,female,165.0,61.3,52.4,fat loss,lightly active,1,7.5,2.54,1277,Low
57,female,158.8,53.7,57.2,muscle gain,sedentary,5,6.0,1.73,1456,Low
16,female,172.0,68.6,63.2,fat loss,sedentary,1,9.3,2.33,1566,Low
43,male,183.3,95.3,95.3,endurance,moderately active,1,7.2,2.84,3023,Moderate
23,female,172.8,66.4,61.2,fat loss,moderately active,6,7.2,1.92,1884,High
29,male,179.1,69.7,63.6,fat loss,moderately active,2,6.4,2.66,1944,Moderate
29,male,172.7,86.4,82.6,fat loss,very active,3,9.3,1.81,2262,High
49,female,172.8,67.4,67.4,endurance,extremely active,4,5.5,1.63,2593,High
26,female,164.2,55.0,55.0,maintenance,extremely active,5,6.2,2.93,2396,High
29,female,178.9,71.7,68.0,fat loss,very active,6,8.0,3.32,2180,High
28,male,182.3,62.3,68.5,muscle gain,moderately active,3,7.3,1.67,2639,High
35,female,164.8,52.4,52.4,maintenance,lightly active,4,6.3,3.17,1826,High
51,female,176.3,66.0,66.0,endurance,very active,6,6.3,2.49,2296,High
37,female,152.4,67.5,74.8,muscle gain,very active,1,6.7,0.95,2463,High
33,female,151.5,71.7,62.4,fat loss,extremely active,3,7.1,1.5,2035,High
43,male,170.1,94.8,94.8,recomposition,very active,2,8.9,2.93,3005,High
49,female,168.7,58.6,58.6,maintenance,sedentary,6,7.7,1.36,1521,Moderate
16,male,180.9,64.4,55.5,fat loss,moderately active,4,8.2,2.07,2394,High
64,female,167.2,74.8,74.8,maintenance,very active,4,6.5,2.44,2181,Moderate
65,male,167.7,79.2,79.2,maintenance,extremely active,2,7.6,2.81,2942,High
48,male,163.2,69.2,72.6,muscle gain,lightly active,6,5.1,2.63,2263,High
47,female,170.3,59.6,67.0,muscle gain,extremely active,1,7.2,3.6,2849,High
53,female,165.5,48.9,42.5,fat loss,lightly active,3,7.1,1.93,1240,Moderate
39,female,172.5,70.7,70.7,endurance,lightly active,5,9.2,2.57,2091,High
35,female,166.8,83.4,79.8,fat loss,extremely active,6,8.9,2.82,2132,High
35,female,159.8,86.5,86.5,maintenance,sedentary,2,6.7,3.0,1783,Low
24,male,174.7,51.2,44.1,fat loss,lightly active,3,6.0,3.24,1542,Moderate
61,male,173.8,92.9,92.9,endurance,extremely active,1,6.1,2.2,3330,High
33,male,177.7,69.6,77.1,muscle gain,extremely active,4,6.6,2.96,3330,High
31,male,183.7,109.9,109.9,endurance,sedentary,2,8.6,1.85,2560,Low
68,male,165.7,107.6,99.8,fat loss,extremely active,4,7.5,2.45,2634,High
43,female,161.5,62.2,65.5,muscle gain,moderately active,1,7.6,2.85,2128,Moderate
49,female,163.2,83.7,90.4,muscle gain,extremely active,3,8.0,3.18,3033,High
29,female,166.8,56.7,52.8,fat loss,moderately active,3,5.8,2.9,1526,Moderate
30,male,174.0,71.0,71.0,maintenance,moderately active,4,6.1,2.56,2567,High
55,female,164.3,66.6,66.6,maintenance,lightly active,2,7.6,2.44,1635,Low
40,female,156.6,49.2,49.2,maintenance,moderately active,2,6.1,2.88,1658,Moderate
23,female,150.3,60.8,60.8,maintenance,moderately active,5,5.2,4.03,1965,High
61,male,178.9,86.0,75.4,fat loss,moderately active,6,5.7,3.1,1759,Moderate
37,male,168.1,76.8,85.0,muscle gain,lightly active,2,8.3,2.77,2901,Moderate
52,female,169.1,79.8,79.8,maintenance,moderately active,3,6.6,1.54,2292,Moderate
34,male,183.2,74.0,74.0,recomposition,sedentary,1,7.3,1.91,1998,Low
46,male,176.3,89.9,100.5,muscle gain,extremely active,1,5.8,2.27,3661,High
57,male,164.5,75.0,75.0,maintenance,moderately active,3,7.5,3.14,2335,Low
63,female,172.0,53.0,53.0,endurance,lightly active,5,6.7,1.84,1512,Moderate
27,female,170.1,86.9,86.9,recomposition,extremely active,5,7.5,2.95,3040,High
52,male,167.0,81.3,71.3,fat loss,moderately active,5,6.4,2.58,1786,High
65,male,172.5,64.4,69.6,muscle gain,very active,1,7.6,2.75,2503,Moderate
50,female,154.0,78.8,74.9,fat loss,extremely active,1,6.4,2.35,1949,High
23,female,166.7,44.8,44.8,endurance,extremely active,2,6.9,2.08,2641,High
26,female,165.9,57.3,57.3,endurance,lightly active,2,6.7,1.82,1778,Moderate
26,male,163.5,110.3,110.3,maintenance,moderately active,4,7.0,2.93,3162,Low
21,female,160.9,100.8,112.5,muscle gain,extremely active,4,7.3,2.45,3259,High
56,male,174.6,73.8,73.8,recomposition,moderately active,2,6.4,1.75,2292,Moderate
68,female,164.0,61.7,55.6,fat loss,lightly active,5,6.9,2.66,1386,Low
43,male,172.3,55.0,55.0,recomposition,moderately active,5,7.2,4.9,2149,High
48,male,169.4,97.5,97.5,endurance,sedentary,2,7.6,2.36,1985,Low
57,male,169.6,93.9,85.5,fat loss,extremely active,4,6.9,3.66,2620,High
38,male,171.2,87.3,87.3,maintenance,moderately active,2,5.9,0.69,2649,Moderate
41,female,163.4,65.2,58.5,fat loss,lightly active,1,7.1,2.31,1544,Moderate
47,male,176.0,76.4,76.4,recomposition,moderately active,5,7.8,3.17,2392,High
32,male,173.7,62.2,62.2,recomposition,sedentary,1,5.4,2.51,1617,Low
19,male,172.0,95.7,83.5,fat loss,very active,2,5.4,2.05,2658,Moderate
46,female,170.7,42.8,42.8,endurance,moderately active,2,6.2,2.48,1722,High
60,female,160.4,62.8,66.7,muscle gain,sedentary,6,6.8,3.19,1368,Low
19,female,152.9,52.2,52.2,maintenance,moderately active,4,4.4,4.0,1874,High
27,female,166.3,70.0,74.6,muscle gain,sedentary,5,7.7,3.25,1940,Moderate
30,female,163.9,51.9,51.9,endurance,lightly active,6,6.8,2.15,1820,High
59,female,166.5,50.8,50.8,recomposition,extremely active,6,4.2,2.34,2093,High
43,male,165.3,83.7,83.7,endurance,very active,4,5.7,2.34,2956,High
44,female,175.5,65.8,67.9,muscle gain,moderately active,3,6.6,1.89,2170,Moderate
50,female,168.0,67.2,67.2,maintenance,moderately active,3,4.9,2.39,1930,Low
30,female,161.0,73.6,73.6,maintenance,moderately active,1,8.2,2.31,2216,Moderate
54,male,173.5,88.5,96.4,muscle gain,sedentary,4,7.2,1.66,2458,Low
17,female,170.5,62.6,62.6,endurance,lightly active,4,7.8,3.09,2088,High
22,male,186.3,82.5,82.5,endurance,extremely active,6,5.8,2.79,3730,High
60,male,179.0,79.3,79.3,endurance,extremely active,2,7.5,2.05,3180,High
51,female,158.7,82.1,82.1,maintenance,sedentary,5,6.2,2.6,1675,Low
25,male,178.0,100.2,90.4,fat loss,extremely active,2,6.8,1.82,3379,High
39,male,171.9,94.2,83.1,fat loss,sedentary,1,7.4,2.11,1744,Low
18,female,174.1,73.1,73.1,maintenance,moderately active,3,6.9,2.98,2392,Moderate
52,male,183.5,54.0,54.0,endurance,extremely active,6,8.0,2.83,2863,High
56,female,163.1,69.0,69.0,recomposition,lightly active,3,7.2,2.14,1590,Moderate
31,male,187.6,59.9,59.9,recomposition,extremely active,2,6.4,2.72,2653,High
34,male,181.0,80.5,80.5,recomposition,extremely active,2,8.0,2.45,2863,High
28,female,170.7,85.3,85.3,endurance,moderately active,5,8.3,1.8,2520,High
37,female,159.6,83.4,83.4,endurance,extremely active,2,7.1,2.38,3174,High
30,male,176.0,85.2,89.7,muscle gain,sedentary,2,8.6,2.8,2599,Moderate
29,female,171.7,60.2,60.2,recomposition,moderately active,2,6.7,2.71,1881,High
39,female,158.1,44.2,48.7,muscle gain,lightly active,1,6.8,1.32,1638,Moderate
62,male,176.5,90.7,90.7,recomposition,very active,5,7.0,2.62,2816,Moderate
57,female,161.5,69.0,61.1,fat loss,lightly active,2,6.8,2.52,1319,Low
32,male,177.4,92.1,80.5,fat loss,moderately active,2,6.6,1.17,2507,High
66,female,163.6,83.6,77.4,fat loss,very active,2,6.1,1.93,1973,Moderate
27,female,157.5,63.6,63.6,maintenance,lightly active,5,5.8,2.84,1860,Moderate
65,female,161.2,65.2,65.2,endurance,extremely active,6,7.1,3.47,2351,High
32,female,164.0,48.3,48.3,maintenance,very active,5,8.4,1.35,1856,High
45,male,165.4,97.0,97.0,maintenance,lightly active,4,8.0,3.19,2652,Moderate
26,male,187.5,41.2,41.2,recomposition,very active,5,7.5,1.18,2474,High
57,male,174.0,68.0,68.0,endurance,lightly active,2,8.5,3.48,2200,Moderate
33,female,165.0,62.6,62.6,maintenance,moderately active,6,7.0,2.33,1972,High
63,female,157.7,102.1,102.1,recomposition,very active,4,5.8,2.0,2410,High
20,male,171.6,40.0,40.0,maintenance,extremely active,6,6.6,2.75,2695,High
43,female,176.8,58.6,58.6,endurance,lightly active,2,6.9,1.83,2024,High
24,female,155.9,77.2,77.2,maintenance,moderately active,1,6.4,2.86,2506,Moderate
64,female,163.8,54.8,54.8,endurance,moderately active,5,7.7,2.41,1697,High
38,male,174.2,66.0,66.0,endurance,extremely active,2,8.1,0.5,3090,High
52,female,160.8,82.7,82.7,endurance,extremely active,2,4.9,1.93,2461,High
63,female,156.0,75.9,86.9,muscle gain,lightly active,5,6.8,2.63,1651,Moderate
44,male,173.7,73.4,84.5,muscle gain,sedentary,4,3.5,3.25,2224,Moderate
19,male,177.4,99.2,99.2,recomposition,extremely active,5,6.9,2.73,3444,High
27,male,171.9,80.8,80.8,endurance,sedentary,2,6.9,3.24,1947,Low
27,male,176.8,67.8,67.8,recomposition,lightly active,1,9.1,1.87,2009,Low
65,female,162.9,67.0,67.0,recomposition,sedentary,3,8.8,3.01,1399,Low
65,female,159.3,79.0,79.0,maintenance,sedentary,6,8.1,3.02,1595,Low
41,female,163.7,73.5,73.5,endurance,sedentary,4,5.8,1.36,1582,Moderate
64,male,180.0,68.5,68.5,maintenance,very active,6,5.8,3.27,2770,High
29,female,160.6,78.3,78.3,recomposition,moderately active,6,5.7,2.73,2089,High
52,male,171.0,81.3,81.3,maintenance,sedentary,6,8.8,2.3,1984,Low
37,female,154.1,63.8,63.8,endurance,very active,3,5.9,2.29,2278,High
28,male,167.5,85.5,85.5,recomposition,sedentary,2,6.5,1.77,2013,Low
29,male,182.1,70.2,70.2,endurance,moderately active,6,5.9,2.94,2611,High
38,female,162.7,93.0,82.3,fat loss,very active,4,5.5,2.71,2199,High
34,male,170.1,90.8,97.6,muscle gain,moderately active,2,7.4,2.91,3186,High
27,female,154.4,57.4,57.4,endurance,lightly active,3,7.2,2.56,1773,Moderate
34,female,151.3,74.6,64.9,fat loss,extremely active,5,4.3,2.64,2081,High
22,female,157.7,61.9,61.9,recomposition,extremely active,3,5.4,2.29,2566,High
68,female,167.1,70.0,70.0,recomposition,extremely active,5,7.3,3.25,2181,High
36,male,180.8,58.8,65.7,muscle gain,sedentary,2,6.9,2.92,2155,Low
21,female,152.2,76.5,72.5,fat loss,lightly active,2,6.5,2.62,1575,Moderate
47,male,180.2,71.1,65.3,fat loss,lightly active,1,7.7,2.41,1919,Low
63,female,160.3,66.3,66.3,endurance,sedentary,6,5.3,1.26,1372,Low
35,male,175.5,75.1,71.5,fat loss,lightly active,6,6.3,1.11,1990,Moderate
61,male,171.3,98.0,98.0,recomposition,lightly active,2,7.6,2.24,2214,Moderate
48,female,170.2,68.3,64.4,fat loss,moderately active,4,6.2,3.39,1880,High
55,male,184.0,93.3,106.8,muscle gain,very active,5,7.4,2.01,3594,High
31,female,177.0,72.7,65.0,fat loss,moderately active,4,5.6,2.03,1977,High
17,female,151.6,66.8,66.8,recomposition,very active,4,6.0,1.82,2223,High
34,female,157.0,60.1,55.2,fat loss,lightly active,2,4.9,1.6,1433,Low
65,female,167.9,77.7,77.7,recomposition,moderately active,1,4.5,1.86,2054,Low
58,female,159.8,71.8,71.8,endurance,lightly active,6,6.4,2.7,1812,High
58,male,176.2,71.5,71.5,recomposition,sedentary,6,7.5,2.16,1826,Low
63,male,172.1,99.6,99.6,recomposition,sedentary,6,6.9,2.12,1603,Low
36,male,168.3,95.1,95.1,endurance,sedentary,1,8.4,2.06,2214,Low
33,female,170.3,65.4,65.4,endurance,very active,5,6.5,2.67,2525,High
65,male,164.1,80.7,80.7,recomposition,sedentary,2,4.5,2.77,1776,Low
46,male,172.4,74.4,74.4,maintenance,moderately active,2,7.4,1.19,2619,Moderate
32,male,174.4,77.8,85.1,muscle gain,sedentary,3,5.7,1.97,2267,Low
31,male,168.9,72.5,72.5,recomposition,lightly active,2,7.2,2.44,2080,Low
63,male,179.6,99.7,96.5,fat loss,lightly active,4,4.3,2.81,2095,Low
18,male,174.5,79.7,79.7,endurance,lightly active,4,6.7,2.59,2782,Moderate
19,male,179.0,83.0,83.0,endurance,moderately active,6,7.8,3.08,3159,High
55,male,173.7,83.1,89.0,muscle gain,extremely active,5,7.7,1.51,3472,High
16,male,169.5,65.6,65.6,recomposition,very active,5,6.7,2.79,3099,High
25,male,175.8,81.5,81.5,recomposition,lightly active,6,6.9,3.94,2354,Moderate
69,female,150.1,75.2,75.2,endurance,extremely active,3,6.4,2.53,2393,High
38,male,178.8,100.6,100.6,endurance,extremely active,1,6.6,2.56,4246,High
55,male,168.4,63.9,63.9,recomposition,very active,6,7.8,2.86,2543,High
42,male,181.4,58.7,58.7,endurance,lightly active,3,6.1,2.12,2281,Moderate
20,female,164.4,104.6,109.7,muscle gain,sedentary,3,6.2,1.84,2304,Low
25,female,165.7,72.7,72.7,maintenance,extremely active,3,5.1,2.54,2825,High
57,female,168.9,77.9,69.6,fat loss,extremely active,6,7.8,1.34,2176,High
21,male,170.3,89.5,89.5,endurance,moderately active,3,6.6,2.78,3381,High
48,male,177.7,61.0,64.1,muscle gain,moderately active,5,5.5,2.9,3035,High
34,male,183.2,72.0,72.0,maintenance,moderately active,5,8.0,1.38,2540,High
35,female,165.1,43.1,37.9,fat loss,extremely active,4,6.9,2.61,1800,High
67,female,152.5,58.7,66.5,muscle gain,lightly active,4,6.0,2.35,1529,Low
48,female,173.9,58.4,58.4,recomposition,very active,1,8.0,3.53,2065,Moderate
49,female,153.2,60.2,63.9,muscle gain,extremely active,6,6.5,3.42,2327,High
34,female,160.6,54.1,54.1,maintenance,lightly active,3,5.1,3.09,1836,Moderate
36,female,153.8,68.6,68.6,maintenance,lightly active,2,8.1,3.35,1822,Low
53,female,157.9,86.2,86.2,recomposition,sedentary,2,5.9,2.24,1651,Low
18,male,158.6,85.3,90.6,muscle gain,very active,3,10.0,2.68,3409,High
28,male,167.1,106.0,106.0,maintenance,lightly active,4,6.4,2.32,2769,Moderate
48,female,171.0,54.6,47.5,fat loss,sedentary,4,4.5,1.8,1194,Moderate
49,male,165.8,96.6,96.6,maintenance,moderately active,6,9.0,2.56,2619,High
20,male,178.0,73.2,70.5,fat loss,moderately active,5,6.9,2.44,1950,High
58,female,162.1,72.0,72.0,recomposition,sedentary,3,7.2,2.36,1345,Low
45,male,171.5,79.0,79.0,endurance,very active,5,7.4,2.46,2686,High
28,female,169.4,60.5,60.5,maintenance,moderately active,5,5.3,2.54,2137,High
56,female,155.0,69.0,69.0,endurance,moderately active,6,4.3,3.12,1885,High
69,male,168.2,82.0,91.8,muscle gain,lightly active,1,9.3,2.09,2497,Low
38,female,166.3,59.8,59.8,endurance,very active,4,5.1,1.6,2364,High
31,female,165.5,70.5,70.5,maintenance,very active,4,8.9,2.97,2185,High
32,female,155.6,59.4,59.4,maintenance,very active,2,7.6,3.1,2096,High
48,male,186.7,100.0,100.0,maintenance,lightly active,4,7.1,2.75,2318,Moderate
18,female,156.8,46.9,46.9,endurance,moderately active,5,6.4,1.7,1816,High
42,female,172.1,68.8,68.8,recomposition,lightly active,1,9.7,2.41,1766,Low
17,female,166.7,81.9,81.9,maintenance,lightly active,6,6.1,2.7,2095,Moderate
18,male,175.5,81.0,81.0,recomposition,extremely active,6,6.1,1.75,3660,High
39,male,183.3,69.0,69.0,maintenance,lightly active,2,7.7,1.96,2364,Low
56,female,159.2,59.2,59.2,endurance,lightly active,2,6.1,2.4,1622,Moderate
63,male,172.1,66.7,66.7,maintenance,very active,2,5.7,3.33,2683,High
20,male,178.9,91.3,91.3,endurance,very active,1,6.9,2.66,3302,High
29,male,177.9,88.0,99.5,muscle gain,lightly active,1,7.8,2.1,2795,Moderate
38,male,171.2,79.7,79.7,maintenance,sedentary,2,9.2,2.36,2122,Low
46,male,179.3,72.0,72.0,recomposition,very active,4,9.4,2.03,2470,High
69,male,188.0,109.5,109.5,maintenance,extremely active,5,4.8,2.21,3818,High
52,female,163.7,60.2,60.2,maintenance,sedentary,4,8.2,3.01,1470,Low
45,male,179.0,58.4,51.4,fat loss,lightly active,4,5.8,1.16,1689,Moderate
19,male,179.7,78.9,78.9,endurance,extremely active,1,5.8,3.42,4027,High
20,male,164.8,76.4,80.6,muscle gain,very active,6,6.3,4.03,3372,High
24,female,180.8,71.5,68.7,fat loss,very active,2,6.2,2.61,2175,High
51,male,167.9,89.0,89.0,endurance,lightly active,3,5.7,1.92,2220,Moderate
33,female,161.0,61.8,57.0,fat loss,moderately active,4,4.1,3.31,1630,Moderate
29,female,159.3,61.6,61.6,recomposition,sedentary,1,8.7,2.69,1446,Low
52,female,145.0,72.5,80.7,muscle gain,extremely active,3,8.0,2.13,2556,High
60,female,170.5,65.9,65.9,recomposition,moderately active,6,6.9,1.82,1808,Moderate
39,male,183.1,83.5,90.5,muscle gain,very active,2,5.8,2.22,3559,High
63,female,159.2,43.3,43.3,recomposition,extremely active,4,8.4,2.63,1616,High
55,male,171.9,82.8,82.8,endurance,sedentary,4,6.9,3.13,2083,Moderate
54,female,154.9,50.0,50.0,maintenance,extremely active,1,6.2,2.7,1847,High
62,female,166.1,57.1,57.1,maintenance,lightly active,1,5.0,2.82,1396,Low
25,female,162.4,62.5,62.5,recomposition,lightly active,1,7.6,2.27,1732,Low
56,female,167.8,66.1,70.3,muscle gain,moderately active,1,6.5,3.1,2264,High
67,male,172.2,84.2,84.2,maintenance,lightly active,4,7.3,2.36,2082,Low
69,female,169.8,96.5,96.5,recomposition,lightly active,2,7.1,3.79,2002,Low
47,female,165.6,51.6,47.5,fat loss,very active,4,7.7,2.04,1559,High
56,female,168.8,83.7,83.7,maintenance,lightly active,2,7.2,2.78,1871,Low
63,male,187.4,86.3,86.3,maintenance,very active,3,6.6,4.03,3074,Moderate
62,female,154.4,59.5,64.9,muscle gain,lightly active,1,7.6,3.23,1612,Low
64,male,173.6,47.6,47.6,maintenance,lightly active,5,8.1,3.02,1752,Moderate
60,male,177.7,93.7,105.2,muscle gain,sedentary,1,8.8,2.71,2149,Low
36,male,169.0,87.2,87.2,maintenance,extremely active,6,5.6,2.54,3359,High
55,female,161.9,91.3,95.1,muscle gain,sedentary,2,8.3,2.38,2076,Low
38,male,173.4,70.4,70.4,endurance,moderately active,6,5.0,2.11,2664,High
59,male,173.3,93.5,93.5,recomposition,lightly active,5,8.2,1.42,2378,Moderate
59,male,175.3,76.4,76.4,recomposition,extremely active,5,6.2,2.95,2943,High
66,female,159.1,86.3,86.3,endurance,sedentary,5,7.9,1.42,1753,Low
47,male,176.1,79.2,71.1,fat loss,moderately active,3,8.7,2.96,2166,High
41,female,157.8,102.6,106.5,muscle gain,moderately active,2,7.2,2.28,2794,Moderate
24,female,177.7,77.9,69.9,fat loss,extremely active,5,6.9,1.83,2522,High
50,female,168.2,40.0,40.0,recomposition,sedentary,4,6.9,3.48,1187,Low
46,female,155.8,49.1,55.9,muscle gain,extremely active,5,6.4,1.49,2539,High
43,male,171.9,70.4,70.4,recomposition,sedentary,2,8.3,2.03,1817,Low
52,male,177.3,92.4,92.4,endurance,lightly active,5,6.9,2.1,2368,Moderate
61,male,162.3,66.1,75.7,muscle gain,extremely active,6,4.4,2.6,2971,High
24,female,168.9,62.1,67.9,muscle gain,lightly active,5,8.1,2.07,2027,Moderate
39,female,168.7,52.5,52.5,maintenance,moderately active,2,8.0,3.52,1979,Moderate
55,female,167.2,55.5,55.5,maintenance,lightly active,2,7.1,1.54,1672,Low
60,male,186.4,99.1,103.8,muscle gain,extremely active,1,6.1,5.36,3815,High
58,male,175.1,84.3,87.7,muscle gain,sedentary,5,5.6,1.76,2083,Moderate
59,male,176.2,85.5,89.7,muscle gain,extremely active,3,6.1,4.57,3574,High
62,male,171.6,94.1,94.1,maintenance,lightly active,2,7.2,3.27,2222,Low
67,male,174.9,101.0,101.0,maintenance,moderately active,1,4.8,2.42,2610,Moderate
48,female,164.2,49.7,49.7,maintenance,lightly active,3,7.5,2.66,1496,Moderate
29,male,173.8,88.6,94.3,muscle gain,very active,2,7.1,2.23,3673,High
46,female,153.9,61.7,61.7,recomposition,very active,6,8.5,2.74,1773,High
54,male,173.1,75.2,75.2,maintenance,sedentary,3,7.8,1.98,1797,Low
21,male,157.1,57.8,64.3,muscle gain,lightly active,3,6.1,3.0,2572,Moderate
56,female,176.5,56.5,56.5,recomposition,very active,4,5.0,2.63,2247,High
45,female,164.5,48.9,48.9,endurance,moderately active,5,6.0,1.81,1975,High
66,male,180.8,88.2,92.0,muscle gain,moderately active,1,8.7,2.8,2936,Moderate
27,male,184.2,65.1,65.1,maintenance,lightly active,1,7.4,2.76,2403,Low
64,male,184.7,95.4,95.4,endurance,very active,2,7.7,2.0,3173,High
40,female,167.7,63.1,66.0,muscle gain,extremely active,5,6.2,2.2,2350,High
46,male,171.8,50.7,56.6,muscle gain,sedentary,6,7.6,2.86,1760,Moderate
51,female,160.7,72.4,76.8,muscle gain,very active,6,5.2,3.26,2463,High
47,male,183.0,66.8,66.8,maintenance,extremely active,2,8.1,2.4,3010,High
64,female,163.5,71.0,71.0,maintenance,lightly active,5,5.6,3.15,1770,Low
25,male,192.5,96.1,96.1,recomposition,moderately active,2,4.6,3.32,3308,Moderate
55,female,169.5,70.1,74.1,muscle gain,moderately active,2,9.7,3.41,2303,Moderate
68,female,174.1,62.6,62.6,maintenance,very active,4,7.2,2.79,1967,High
27,male,173.9,113.9,101.2,fat loss,very active,1,7.1,1.87,2858,Moderate
29,male,184.4,94.0,94.0,endurance,extremely active,1,4.8,3.12,4046,High
41,female,154.6,78.5,86.3,muscle gain,moderately active,6,7.7,2.37,2389,High
55,male,167.8,120.4,125.2,muscle gain,extremely active,5,8.1,2.85,4016,High
67,male,171.6,81.6,76.5,fat loss,moderately active,5,6.8,2.06,1993,Moderate
58,male,167.8,88.1,97.4,muscle gain,lightly active,2,8.1,2.08,2359,Low
58,male,166.4,66.9,66.9,endurance,very active,1,8.4,2.01,2443,High
39,male,179.7,56.6,56.6,maintenance,moderately active,1,7.6,1.57,2382,Moderate
50,male,173.6,76.0,76.0,recomposition,very active,3,4.4,2.09,2498,High
27,male,175.4,80.5,80.5,maintenance,very active,5,5.6,1.78,2991,High
41,male,178.9,84.6,87.3,muscle gain,sedentary,4,9.0,2.9,2373,Low
26,male,162.0,60.1,60.1,recomposition,moderately active,6,7.1,1.75,2186,High
17,male,184.0,89.2,94.4,muscle gain,sedentary,6,7.1,2.03,2484,Moderate
62,female,162.8,94.9,94.9,recomposition,moderately active,5,6.0,2.5,2246,High
59,male,178.7,88.5,88.5,endurance,very active,1,6.2,3.77,2930,High
43,male,179.3,93.1,87.4,fat loss,very active,2,8.4,2.02,2793,High
16,male,184.6,74.5,68.0,fat loss,sedentary,3,8.8,1.53,1709,Low
20,female,157.8,74.1,74.1,recomposition,extremely active,4,8.0,1.58,2743,High
22,male,160.1,101.6,91.8,fat loss,very active,5,7.7,1.9,2754,High
54,male,175.4,92.2,92.2,recomposition,lightly active,6,7.8,2.04,2241,High
26,male,176.4,82.1,89.0,muscle gain,moderately active,6,6.9,4.11,2941,High
29,male,167.8,100.6,100.6,maintenance,sedentary,3,5.6,3.18,2398,Low
62,male,176.0,81.2,81.2,recomposition,lightly active,6,5.3,2.28,1920,Moderate
63,male,172.5,71.3,78.9,muscle gain,very active,6,8.6,3.8,2644,High
57,female,164.3,91.5,91.5,endurance,extremely active,1,7.0,2.07,3093,High
32,female,161.3,79.3,79.3,endurance,moderately active,5,7.6,2.21,2380,High
47,male,171.1,90.8,95.7,muscle gain,lightly active,3,7.3,2.17,2577,Moderate
26,female,151.1,74.1,74.1,recomposition,extremely active,6,7.3,3.22,2442,High
62,female,164.1,69.8,69.8,recomposition,moderately active,6,7.4,2.45,1756,High
20,male,183.6,97.0,110.1,muscle gain,very active,2,7.8,3.56,4419,High
56,male,174.7,77.0,77.0,endurance,very active,4,6.1,2.8,3050,High
43,male,175.6,69.1,78.7,muscle gain,lightly active,6,8.4,3.14,2311,High
56,female,168.4,85.3,92.8,muscle gain,sedentary,5,6.1,1.23,1931,Low
40,male,178.2,72.9,72.9,recomposition,very active,6,7.3,1.31,2797,High
24,female,172.7,67.6,62.6,fat loss,extremely active,5,5.6,1.33,2110,High
56,male,179.5,108.1,108.1,endurance,extremely active,5,6.8,2.2,3717,High
50,female,157.1,77.8,82.7,muscle gain,extremely active,6,6.2,1.42,2819,High
41,female,173.3,77.4,77.4,maintenance,lightly active,6,7.0,3.37,1942,Moderate
36,male,165.3,104.1,104.1,recomposition,extremely active,2,7.9,2.36,3653,High
34,male,168.9,61.8,61.8,endurance,sedentary,5,7.1,2.93,1819,Low
41,female,171.6,57.3,57.3,recomposition,lightly active,3,9.4,2.16,1660,Moderate
30,male,169.9,108.0,112.7,muscle gain,very active,4,8.0,3.08,3885,High
31,male,167.5,78.0,78.0,recomposition,lightly active,4,6.7,1.12,2399,Moderate
31,female,170.5,78.8,90.1,muscle gain,sedentary,4,6.9,2.47,2056,Moderate
16,male,165.6,91.0,91.0,maintenance,sedentary,2,7.5,2.85,2532,Low
66,male,173.2,98.3,98.3,recomposition,extremely active,5,7.8,2.91,3073,High
28,male,174.5,98.7,98.7,maintenance,moderately active,5,5.5,2.28,2971,High
24,male,169.4,80.0,72.7,fat loss,sedentary,5,7.8,1.3,1768,Low
24,female,165.7,49.9,47.4,fat loss,very active,4,5.6,3.21,1929,High
69,female,158.0,69.1,59.2,fat loss,lightly active,4,7.6,2.23,1269,Moderate
41,male,182.6,66.2,63.4,fat loss,lightly active,2,8.3,2.29,1894,Low
33,male,173.9,79.1,79.1,recomposition,extremely active,4,7.4,4.05,3258,High
37,female,158.8,92.8,84.7,fat loss,moderately active,2,4.2,2.57,1863,Moderate
20,male,176.4,103.6,108.4,muscle gain,sedentary,6,4.9,2.14,2743,Moderate
32,male,165.2,88.3,94.1,muscle gain,extremely active,1,7.7,2.09,3737,High
29,male,174.4,113.1,103.0,fat loss,sedentary,1,4.1,2.95,1874,Low
59,male,166.4,49.8,49.8,endurance,very active,5,7.7,1.93,2283,High
19,female,166.6,52.5,47.1,fat loss,sedentary,5,8.2,2.86,1264,Low
38,male,169.8,75.0,68.6,fat loss,lightly active,4,8.4,3.27,1829,High
58,male,177.7,100.9,107.9,muscle gain,extremely active,4,6.7,2.44,3920,High
61,female,163.3,69.1,60.6,fat loss,sedentary,1,7.5,3.19,1148,Low
43,male,175.1,59.5,63.1,muscle gain,extremely active,6,7.3,2.45,3610,High
28,female,147.4,61.5,55.9,fat loss,lightly active,6,5.2,2.02,1376,Moderate
34,male,181.4,63.2,65.1,muscle gain,lightly active,2,7.9,1.33,2657,High
28,male,169.7,60.5,54.3,fat loss,extremely active,1,8.7,2.69,2388,High
51,male,175.1,108.0,108.0,endurance,very active,4,7.8,2.71,3801,High
31,female,150.6,79.0,79.0,recomposition,lightly active,2,6.4,3.19,1763,Low
50,female,151.5,80.1,80.1,recomposition,very active,1,7.9,3.12,2179,High
51,male,164.6,78.7,78.7,maintenance,moderately active,1,8.6,3.95,2362,Moderate
66,male,168.6,76.5,76.5,recomposition,sedentary,4,8.4,2.09,1644,Low
35,male,194.6,68.2,68.2,endurance,lightly active,3,8.2,2.75,2535,Low
67,female,153.8,66.9,59.3,fat loss,lightly active,5,5.1,2.02,1229,Low
37,male,161.8,84.7,84.7,maintenance,moderately active,2,7.5,3.15,2379,Moderate
52,female,165.6,71.5,62.6,fat loss,extremely active,4,7.8,1.85,1983,High
51,female,162.6,66.6,66.6,maintenance,moderately active,2,8.2,3.14,1917,Moderate
60,female,168.8,75.3,75.3,endurance,sedentary,4,7.6,1.98,1787,Moderate
41,male,180.7,93.8,93.8,recomposition,very active,5,8.9,3.04,2794,High
58,male,168.6,86.7,86.7,recomposition,moderately active,3,4.8,3.34,2335,Moderate
35,male,171.7,71.3,67.9,fat loss,lightly active,6,7.7,1.41,1698,High
42,female,157.7,62.6,62.6,endurance,lightly active,4,7.6,1.56,1871,High
42,female,162.3,80.9,80.9,recomposition,very active,2,8.1,2.66,2302,Moderate
54,female,157.6,42.6,45.0,muscle gain,moderately active,6,8.9,2.59,1808,High
49,male,173.4,86.7,97.1,muscle gain,moderately active,3,5.9,2.3,2961,High
20,male,169.7,67.9,67.9,maintenance,sedentary,5,8.8,2.17,2032,Low
59,female,180.0,43.2,43.2,recomposition,sedentary,3,8.0,1.9,1338,Low
56,female,159.6,55.3,55.3,maintenance,lightly active,1,6.8,2.73,1416,Low
21,female,163.0,67.5,67.5,endurance,very active,4,5.9,1.82,2548,High
67,female,153.8,69.3,73.1,muscle gain,sedentary,4,7.2,2.76,1596,Low
51,male,178.8,89.0,89.0,recomposition,sedentary,5,7.3,2.1,2027,Low
20,male,176.4,70.1,70.1,endurance,extremely active,5,7.4,2.2,3143,High
42,male,176.4,96.4,96.4,recomposition,lightly active,5,6.2,3.35,2533,Moderate
61,female,172.5,72.9,81.8,muscle gain,sedentary,4,7.7,3.17,1808,Low
31,female,160.0,77.5,77.5,maintenance,extremely active,1,6.5,1.8,2793,High
66,male,172.7,64.7,64.7,maintenance,moderately active,4,8.5,1.89,2143,Moderate
38,female,175.0,74.5,80.5,muscle gain,sedentary,6,9.1,3.04,1618,Low
28,female,167.4,42.9,40.8,fat loss,moderately active,6,6.0,1.5,1504,High
35,female,147.5,55.1,50.1,fat loss,sedentary,1,7.1,3.52,1130,Low
44,female,166.2,85.8,85.8,recomposition,lightly active,6,8.2,2.59,1930,Moderate
53,male,185.1,105.6,109.8,muscle gain,extremely active,1,7.3,2.1,3786,High
66,male,180.3,104.1,104.1,recomposition,very active,1,5.4,2.51,2923,Moderate
26,female,165.9,51.4,51.4,recomposition,moderately active,1,8.0,3.45,1966,High
67,female,150.8,88.3,88.3,maintenance,lightly active,4,6.3,1.01,1783,Moderate
44,male,182.6,42.5,48.0,muscle gain,moderately active,2,7.2,3.22,2349,High
22,male,175.8,74.3,74.3,endurance,very active,4,5.8,3.34,3083,High
66,female,165.5,64.2,56.3,fat loss,very active,3,8.0,2.28,1667,High
34,female,167.0,69.5,76.9,muscle gain,moderately active,6,6.5,2.45,2251,High
49,male,169.0,77.1,77.1,recomposition,sedentary,2,8.1,2.6,1788,Low
53,female,165.9,60.0,60.0,endurance,extremely active,2,6.7,3.01,2575,High
16,male,178.7,85.2,85.2,maintenance,lightly active,4,6.4,1.99,2461,Moderate
27,male,167.2,98.0,98.0,recomposition,extremely active,1,7.5,2.49,3364,High
53,female,178.7,70.3,77.6,muscle gain,extremely active,3,5.7,2.43,3154,High
33,male,182.6,61.1,61.1,endurance,lightly active,4,9.2,2.98,2402,High
16,female,164.4,63.6,63.6,maintenance,moderately active,4,7.2,4.37,2265,Moderate
17,male,183.7,90.3,90.3,recomposition,very active,3,6.3,1.99,3306,High
60,female,164.8,77.0,69.6,fat loss,lightly active,1,6.5,2.56,1506,Low
24,male,175.1,103.9,103.9,maintenance,very active,2,7.0,1.97,3434,High
21,female,178.2,68.7,68.7,recomposition,moderately active,1,8.2,2.16,2409,Moderate
46,male,167.3,93.0,93.0,maintenance,extremely active,6,5.9,1.75,3233,High
22,female,171.1,71.7,71.7,endurance,extremely active,4,6.6,1.43,2843,High
51,male,164.1,88.5,88.5,endurance,extremely active,2,6.9,3.33,3038,High
45,male,172.7,46.6,44.8,fat loss,lightly active,2,8.9,2.75,1404,Moderate
51,male,177.4,76.4,76.4,endurance,very active,1,8.2,2.57,2828,High
42,female,159.2,76.2,79.8,muscle gain,very active,3,8.9,1.89,2563,High
58,male,171.0,79.1,79.1,maintenance,moderately active,1,7.0,2.45,2269,Moderate
50,female,163.6,71.7,71.7,maintenance,sedentary,5,8.7,1.69,1630,Low
38,female,155.8,86.1,86.1,recomposition,lightly active,2,8.5,2.48,1828,Moderate
16,female,173.3,74.2,74.2,maintenance,moderately active,1,7.8,2.73,2536,High
30,female,170.6,48.8,48.8,maintenance,extremely active,1,7.9,2.12,2464,High
23,male,182.3,66.1,66.1,maintenance,extremely active,1,6.3,1.97,3708,High
16,female,164.7,59.2,65.4,muscle gain,extremely active,3,9.2,2.16,2857,High
30,female,162.7,58.2,58.2,maintenance,extremely active,1,6.7,3.07,2424,High
27,male,178.1,68.3,64.4,fat loss,sedentary,1,7.7,2.64,1528,Low
20,male,172.2,91.0,86.2,fat loss,extremely active,2,7.8,1.38,2673,High
32,female,163.9,56.6,56.6,recomposition,moderately active,4,5.4,3.01,1822,High
43,male,176.0,71.9,80.9,muscle gain,sedentary,2,6.9,2.88,2062,Moderate
25,female,152.8,42.8,42.8,recomposition,sedentary,3,7.2,2.63,1162,Low
30,male,176.4,68.3,68.3,recomposition,lightly active,3,6.9,3.65,2173,Low
17,male,177.6,67.6,67.6,recomposition,lightly active,4,7.0,2.52,2085,Moderate
18,female,161.3,63.4,63.4,maintenance,sedentary,1,8.8,2.8,1726,Low
24,male,170.6,81.5,81.5,maintenance,lightly active,6,6.0,2.83,2553,Moderate
40,female,171.9,75.6,75.6,recomposition,moderately active,1,5.5,3.11,2051,High
51,female,157.1,61.8,71.0,muscle gain,lightly active,6,6.3,2.34,1976,Moderate
58,male,167.8,74.3,74.3,maintenance,very active,2,7.9,2.05,2662,Moderate
49,male,176.3,60.4,67.0,muscle gain,very active,3,8.0,3.18,2820,High
49,female,157.2,50.5,54.7,muscle gain,lightly active,1,7.7,3.14,1488,Low
66,female,158.8,71.6,66.9,fat loss,sedentary,3,8.1,3.39,1049,Low
29,male,181.7,68.0,63.7,fat loss,lightly active,6,7.3,2.79,2017,Moderate
59,female,167.1,87.1,75.6,fat loss,very active,5,6.4,1.35,2173,High
66,male,175.8,89.0,89.0,recomposition,lightly active,4,5.9,2.61,2382,Low
46,male,153.9,91.3,91.3,recomposition,moderately active,3,5.5,2.52,2700,Moderate
61,female,172.1,60.0,53.5,fat loss,extremely active,6,6.7,3.36,1990,High
23,male,177.4,92.8,92.8,recomposition,very active,5,7.9,3.24,3203,High
63,female,156.7,86.0,86.0,recomposition,very active,2,7.3,2.93,2309,Moderate
46,female,171.6,90.1,90.1,endurance,sedentary,4,7.0,1.05,1912,Low
27,female,165.3,78.4,78.4,endurance,very active,3,5.7,1.92,2795,High
19,female,161.9,73.0,69.3,fat loss,lightly active,2,10.0,2.25,1708,Moderate
54,male,165.7,73.8,73.8,maintenance,moderately active,4,6.0,2.26,2446,Moderate
39,male,173.6,79.2,79.2,endurance,very active,3,7.1,2.62,3033,High
32,female,166.8,57.6,65.0,muscle gain,extremely active,1,8.2,3.54,2425,High
37,female,164.3,76.0,76.0,maintenance,very active,6,7.1,3.05,2260,High
69,male,167.4,69.2,60.3,fat loss,lightly active,4,6.0,1.86,1582,Low
39,female,148.8,63.4,65.6,muscle gain,moderately active,4,8.0,1.92,2034,High
20,male,173.1,83.3,83.3,endurance,lightly active,6,5.4,1.86,2732,High
31,female,160.4,48.7,48.7,recomposition,moderately active,5,9.1,2.42,1602,High
23,male,171.4,70.9,76.6,muscle gain,very active,6,7.3,3.06,3491,High
53,female,166.4,84.0,84.0,endurance,extremely active,5,6.7,3.17,2738,High
59,male,181.6,65.4,73.1,muscle gain,lightly active,2,5.3,2.24,2513,Low
61,male,159.8,70.3,75.5,muscle gain,lightly active,3,5.6,2.48,1958,Moderate
50,female,164.4,73.4,73.4,maintenance,extremely active,4,6.9,3.67,2659,High
57,male,174.6,93.0,93.0,recomposition,sedentary,2,9.3,1.46,1874,Low
38,male,176.6,68.9,71.4,muscle gain,lightly active,2,7.3,2.95,2475,High
49,female,174.8,53.6,55.9,muscle gain,extremely active,4,7.4,2.87,2769,High
21,male,162.1,69.1,69.1,recomposition,extremely active,3,7.5,2.29,3052,High
45,male,169.4,77.2,81.1,muscle gain,extremely active,1,9.8,2.49,3258,High
46,male,169.8,82.0,70.5,fat loss,extremely active,4,6.5,2.79,2425,High
17,female,168.1,67.6,64.3,fat loss,lightly active,4,8.9,2.29,1475,Moderate
45,female,158.9,76.2,86.1,muscle gain,sedentary,5,6.5,2.05,1642,Moderate
55,female,159.7,69.1,65.2,fat loss,extremely active,1,6.2,2.0,1809,High
35,male,177.1,64.9,56.4,fat loss,moderately active,3,6.9,3.8,1866,Moderate
45,male,176.1,85.4,85.4,recomposition,lightly active,6,6.9,2.19,2061,High
31,male,181.7,87.7,87.7,maintenance,moderately active,2,7.7,2.64,2852,Moderate
30,female,147.3,86.1,78.6,fat loss,extremely active,5,4.2,3.05,2231,High
22,male,180.5,69.9,78.1,muscle gain,moderately active,3,7.2,2.35,2987,High
33,male,173.8,92.8,92.8,recomposition,very active,2,6.3,2.53,2893,High
59,female,169.0,99.3,99.3,endurance,moderately active,5,6.1,2.85,2503,High
66,female,173.9,93.3,93.3,endurance,moderately active,5,5.4,1.91,2441,High
50,female,161.9,51.4,57.7,muscle gain,extremely active,6,6.6,1.42,2489,High
49,male,177.6,62.3,62.3,endurance,extremely active,5,6.4,1.99,2858,High
49,female,162.8,69.8,69.8,maintenance,moderately active,2,6.5,3.71,1825,Moderate
41,female,174.2,73.4,83.6,muscle gain,extremely active,5,5.0,2.1,3040,High
38,male,171.3,54.4,54.4,maintenance,very active,1,7.1,2.59,2402,High
49,female,146.4,91.9,78.6,fat loss,sedentary,3,6.1,1.57,1238,Low
58,female,162.4,68.5,68.5,maintenance,extremely active,2,5.0,3.44,2316,High
38,male,177.9,108.6,108.6,maintenance,very active,4,6.3,2.29,3288,High
46,female,166.7,76.4,76.4,maintenance,extremely active,5,6.1,2.18,2676,High
41,female,159.4,67.7,58.8,fat loss,very active,4,7.0,2.41,1849,High
31,female,165.3,45.9,40.5,fat loss,extremely active,2,6.3,4.26,1730,High
31,female,169.8,81.2,86.6,muscle gain,moderately active,3,5.3,2.81,2786,High
20,female,162.4,75.9,75.9,endurance,sedentary,1,5.9,2.39,1871,Low
39,female,181.4,73.1,73.1,maintenance,lightly active,4,4.9,0.5,2042,Moderate
54,male,177.9,98.3,98.3,maintenance,sedentary,5,8.4,3.45,2155,Low
53,female,170.0,93.5,93.5,recomposition,lightly active,2,8.6,2.01,2029,Low
69,female,168.3,70.0,70.0,maintenance,moderately active,4,8.7,1.9,1772,Low
18,female,158.1,53.2,59.5,muscle gain,extremely active,6,6.3,1.97,2404,High
57,male,165.9,40.0,40.0,endurance,very active,1,8.6,3.53,2236,High
58,male,173.6,62.6,67.2,muscle gain,moderately active,6,7.5,2.47,2507,High
39,female,164.0,77.2,77.2,recomposition,moderately active,2,6.0,1.43,2053,Moderate
31,female,165.4,62.0,62.0,endurance,moderately active,2,6.2,2.36,2316,High
35,female,151.5,74.0,74.0,recomposition,moderately active,5,6.8,1.92,2331,High
52,male,170.9,78.9,78.9,endurance,moderately active,3,7.1,2.75,2373,High
62,male,165.2,107.0,100.0,fat loss,extremely active,3,7.4,2.23,2726,High
50,female,162.6,58.9,58.9,recomposition,sedentary,2,7.0,1.4,1416,Low
43,male,177.1,74.5,66.0,fat loss,lightly active,1,6.6,2.44,1629,Low
51,female,160.1,78.9,78.9,maintenance,sedentary,6,8.6,2.46,1497,Low
19,male,180.3,64.7,61.2,fat loss,extremely active,1,6.9,1.62,2706,High
48,male,178.3,59.4,59.4,recomposition,sedentary,1,6.8,1.13,1674,Low
18,female,159.8,50.7,57.0,muscle gain,very active,5,6.7,2.7,2323,High
67,male,179.8,69.4,59.2,fat loss,sedentary,5,6.9,2.3,1288,Moderate
64,female,169.4,80.1,80.1,endurance,moderately active,2,5.4,2.35,2288,Moderate
43,female,156.2,81.5,81.5,endurance,extremely active,5,5.8,3.02,2586,High
36,female,177.3,75.6,64.3,fat loss,extremely active,5,9.9,1.14,2174,High
55,male,176.1,79.9,89.0,muscle gain,sedentary,2,5.0,2.54,2065,Low
50,male,173.5,80.8,71.6,fat loss,very active,1,7.3,2.96,2227,Moderate
54,female,169.3,67.8,67.8,recomposition,lightly active,5,7.4,2.37,1592,Moderate
43,male,171.7,58.8,58.8,endurance,very active,5,8.2,1.51,2479,High
28,male,177.7,74.6,85.7,muscle gain,moderately active,3,7.4,2.04,3158,High
19,male,177.9,68.2,68.2,maintenance,very active,2,9.3,2.18,2969,High
31,female,164.4,62.8,62.8,recomposition,extremely active,3,7.3,1.39,2420,High
44,male,169.3,99.7,99.7,maintenance,lightly active,2,8.6,2.76,2596,Low
38,male,172.5,79.0,79.0,recomposition,sedentary,6,8.2,2.5,1797,Moderate
43,female,162.1,56.5,56.5,recomposition,lightly active,2,8.9,2.05,1605,Moderate
30,male,164.8,68.9,68.9,recomposition,lightly active,3,7.0,3.19,2109,Moderate
66,female,165.1,53.4,53.4,recomposition,sedentary,4,7.5,2.13,1150,Low
35,female,163.3,62.4,62.4,maintenance,very active,1,6.6,3.54,2338,High
61,female,164.0,63.8,71.6,muscle gain,extremely active,4,7.2,2.31,2583,High
37,female,175.9,67.0,67.0,recomposition,moderately active,4,7.3,1.83,2129,High
39,male,156.8,84.3,79.0,fat loss,moderately active,4,4.5,1.85,2227,High
48,male,179.5,85.4,85.4,maintenance,moderately active,4,6.8,2.56,2718,Moderate
30,male,171.1,80.4,77.5,fat loss,extremely active,3,8.1,1.75,2482,High
27,male,178.2,72.0,72.0,recomposition,sedentary,4,5.4,2.6,1957,Moderate
36,female,159.7,72.9,72.9,recomposition,moderately active,6,5.8,2.22,2043,High
59,female,162.2,69.0,69.0,maintenance,extremely active,3,8.4,2.2,2213,High
23,female,159.1,50.0,51.5,muscle gain,sedentary,3,8.6,2.47,1439,Moderate
39,female,165.5,74.3,74.3,maintenance,moderately active,5,6.3,3.2,2195,High
52,female,159.0,69.2,69.2,recomposition,sedentary,1,7.2,2.12,1523,Low
54,male,174.9,76.0,76.0,recomposition,extremely active,2,6.9,2.63,3030,High
39,male,182.6,84.9,84.9,endurance,very active,1,8.4,2.81,3316,High
20,female,172.6,62.8,55.8,fat loss,extremely active,3,6.4,1.65,2405,High
16,male,179.7,112.8,103.4,fat loss,lightly active,1,6.5,2.87,2419,Low
41,female,164.7,90.9,90.9,recomposition,very active,2,8.6,3.07,2546,High
59,female,149.7,95.2,81.4,fat loss,very active,3,5.8,3.18,2000,High
17,female,152.7,40.0,34.0,fat loss,sedentary,4,6.4,1.72,1017,Low
63,female,158.9,74.3,82.8,muscle gain,very active,3,7.2,1.77,2249,High
52,female,170.9,80.4,80.4,recomposition,very active,5,8.8,2.46,2238,High
16,female,157.5,65.2,55.5,fat loss,very active,5,5.6,2.42,1870,High
34,female,157.3,80.1,83.4,muscle gain,moderately active,1,6.1,2.51,2654,High
27,male,168.3,86.4,74.4,fat loss,extremely active,5,7.7,2.25,2479,High
67,male,183.0,91.7,91.7,endurance,sedentary,1,7.9,2.63,2053,Low
45,female,157.5,69.7,69.7,recomposition,lightly active,2,7.3,0.71,1774,Moderate
33,female,176.9,93.4,89.2,fat loss,lightly active,5,6.9,2.96,1845,Moderate
31,female,161.1,51.9,56.9,muscle gain,extremely active,4,7.2,3.53,2544,High
46,female,163.8,66.5,66.5,maintenance,sedentary,2,5.2,2.11,1522,Low
16,female,160.2,62.2,62.2,maintenance,sedentary,1,7.1,2.64,1851,Low
29,female,166.1,81.7,75.7,fat loss,extremely active,2,8.8,3.68,2434,High
24,female,171.6,83.5,83.5,maintenance,lightly active,5,5.4,2.52,2270,Moderate
49,male,181.5,87.5,87.5,endurance,very active,4,6.1,2.71,3243,High
52,male,176.8,102.2,107.1,muscle gain,lightly active,1,6.5,3.79,2954,Low
41,male,164.6,81.2,77.7,fat loss,very active,3,6.6,3.93,2515,High
23,male,181.0,74.8,81.5,muscle gain,extremely active,2,9.2,1.76,3680,High
36,female,169.8,63.4,63.4,maintenance,very active,1,5.9,2.21,2360,High
61,male,171.2,74.6,84.0,muscle gain,lightly active,1,5.6,3.13,2339,Low
26,male,180.2,89.9,85.4,fat loss,very active,5,7.9,2.85,2764,High
24,male,173.8,90.5,85.3,fat loss,extremely active,1,6.2,2.99,3144,High
22,female,169.7,81.0,81.0,recomposition,extremely active,2,7.9,0.66,2785,High
60,female,174.0,75.8,67.7,fat loss,lightly active,6,6.8,1.13,1564,Moderate
22,male,174.9,97.9,104.2,muscle gain,lightly active,5,7.6,3.75,3061,Moderate
47,female,162.3,72.0,72.0,recomposition,moderately active,4,5.1,3.04,1806,High
69,female,145.8,53.4,53.4,maintenance,lightly active,5,7.5,2.75,1367,Moderate
50,female,151.7,66.1,57.2,fat loss,very active,1,7.3,1.63,1809,High
38,female,160.2,82.1,70.8,fat loss,moderately active,2,6.7,2.21,1914,Moderate
27,female,155.3,56.3,56.3,maintenance,moderately active,3,5.5,2.9,1846,Moderate
16,male,170.2,91.1,95.5,muscle gain,extremely active,5,7.3,1.53,3714,High
24,female,153.8,56.6,56.6,endurance,lightly active,1,7.9,2.01,1868,Moderate
67,male,180.8,75.5,64.4,fat loss,extremely active,4,6.4,2.76,2211,High
23,male,173.2,54.0,47.0,fat loss,moderately active,1,6.4,2.91,1765,Moderate
17,female,171.4,75.1,75.1,maintenance,extremely active,6,8.0,2.13,3032,High
60,female,158.7,40.0,40.0,endurance,moderately active,2,9.1,3.19,1582,High
38,female,166.2,76.4,65.1,fat loss,very active,5,8.1,3.16,1963,High
35,male,173.8,91.4,91.4,endurance,sedentary,4,7.3,1.25,2278,Moderate
54,male,177.3,91.8,91.8,endurance,lightly active,3,6.7,3.65,2526,Moderate
44,male,169.2,89.8,89.8,maintenance,moderately active,5,7.0,3.32,2549,High
65,female,162.8,56.8,56.8,maintenance,lightly active,4,5.4,2.64,1477,Low
41,female,151.1,67.1,67.1,endurance,sedentary,3,6.8,2.4,1421,Moderate
54,female,161.4,62.3,62.3,recomposition,moderately active,4,8.3,3.05,1846,Moderate
63,female,162.9,72.0,72.0,maintenance,lightly active,2,7.0,2.87,2026,Low
41,male,172.9,81.0,86.5,muscle gain,very active,5,6.2,2.31,3278,High
31,male,182.2,75.3,75.3,endurance,moderately active,5,6.1,3.62,3037,High
68,male,162.1,58.1,61.0,muscle gain,moderately active,3,7.0,1.03,2152,Moderate
28,male,172.3,62.7,66.0,muscle gain,extremely active,4,5.5,2.03,3069,High
18,male,171.6,83.2,83.2,endurance,sedentary,5,5.9,2.81,2602,Moderate
47,male,181.7,92.7,92.7,maintenance,very active,4,8.8,2.46,3001,High
69,male,174.7,80.1,80.1,recomposition,moderately active,2,5.8,2.99,2417,Moderate
20,female,167.7,59.1,59.1,endurance,very active,2,6.0,1.52,2528,High
61,male,179.6,67.1,67.1,recomposition,extremely active,6,7.3,2.32,2888,High
60,male,172.1,86.2,80.4,fat loss,lightly active,5,6.5,3.31,1800,Low
66,male,176.7,98.1,98.1,recomposition,lightly active,2,7.1,1.45,2139,Low
38,male,172.5,94.9,94.9,maintenance,very active,5,8.0,2.33,3051,High
29,female,164.3,84.1,75.4,fat loss,very active,1,5.1,2.13,2460,High
43,male,165.7,95.0,86.8,fat loss,sedentary,5,7.9,2.75,1737,Moderate
23,male,169.2,80.8,80.8,endurance,lightly active,2,6.3,2.78,2866,Low
61,male,178.2,103.3,93.7,fat loss,extremely active,2,6.7,2.57,2745,High
51,female,157.4,75.9,75.9,maintenance,moderately active,6,9.3,2.3,2145,High
42,female,161.7,69.5,69.5,endurance,extremely active,1,5.3,2.54,2457,High
43,male,184.6,84.5,84.5,endurance,very active,5,7.7,2.38,3246,High
54,male,174.0,58.3,58.3,endurance,lightly active,3,8.4,2.48,2300,Moderate
44,male,161.8,101.3,101.3,recomposition,lightly active,3,6.2,3.52,2252,Moderate
61,male,154.0,83.1,83.1,maintenance,extremely active,3,6.2,1.66,2720,High
65,female,161.7,82.6,92.0,muscle gain,very active,6,6.6,2.74,2739,High
67,female,159.3,62.7,62.7,endurance,moderately active,4,6.2,1.84,1846,Moderate
49,female,169.5,60.5,60.5,maintenance,very active,2,7.1,3.87,2418,High
56,male,179.4,116.9,130.3,muscle gain,moderately active,1,8.1,2.56,3448,Moderate
32,male,171.2,81.8,81.8,endurance,lightly active,2,6.6,1.61,2512,Moderate
18,male,167.2,66.0,72.2,muscle gain,extremely active,1,8.1,2.34,3513,High
37,male,172.1,96.0,84.9,fat loss,extremely active,1,8.7,1.48,2638,High
63,female,161.9,54.8,54.8,recomposition,extremely active,6,7.5,2.06,1804,High
23,male,176.6,77.2,77.2,maintenance,very active,3,7.6,2.93,2792,High
45,male,169.5,78.6,78.6,recomposition,extremely active,6,6.3,3.45,2352,High
26,female,170.8,59.8,59.8,recomposition,moderately active,4,3.9,3.26,2014,High
39,male,170.7,64.4,64.4,recomposition,lightly active,2,7.7,2.43,1832,Moderate
23,male,168.9,70.3,74.6,muscle gain,sedentary,1,8.0,2.9,2144,Low
55,male,171.2,104.9,114.8,muscle gain,lightly active,5,7.3,3.07,3022,Moderate
59,male,182.5,78.1,89.4,muscle gain,moderately active,1,8.1,4.07,2672,Moderate
56,male,174.1,68.3,68.3,endurance,sedentary,1,6.3,2.08,1963,Low
54,male,170.1,73.7,73.7,recomposition,lightly active,3,7.6,3.56,1815,Low
28,male,181.5,95.0,102.2,muscle gain,extremely active,2,8.8,1.74,3978,High
44,male,190.0,52.3,52.3,endurance,lightly active,2,7.8,3.33,2385,Moderate
21,male,176.5,83.6,83.6,recomposition,lightly active,4,8.6,2.07,2341,Low
36,female,166.8,57.4,57.4,maintenance,very active,4,8.6,2.02,2370,High
43,male,182.3,108.4,108.4,endurance,extremely active,3,5.5,2.3,4584,High
52,female,165.2,50.7,50.7,endurance,extremely active,4,7.9,1.96,2175,High
21,female,177.9,70.1,70.1,maintenance,extremely active,5,6.2,2.8,2822,High
59,male,166.0,98.3,84.9,fat loss,sedentary,1,5.7,3.36,1446,Low
40,female,159.4,71.0,71.0,maintenance,sedentary,3,6.7,1.02,1643,Low
63,male,170.6,92.9,100.5,muscle gain,very active,1,9.1,2.38,3330,High
44,male,172.2,105.0,105.0,recomposition,extremely active,6,6.3,1.74,3609,High
45,male,169.8,62.3,57.0,fat loss,very active,4,4.9,3.13,2189,High
53,male,173.0,88.1,88.1,maintenance,extremely active,5,5.3,3.49,3035,High
60,male,178.7,85.1,85.1,maintenance,very active,5,7.6,2.38,3210,High
24,male,174.2,81.4,88.7,muscle gain,lightly active,1,6.1,2.01,2707,Moderate
43,female,166.2,63.4,63.4,recomposition,extremely active,3,4.5,1.37,2392,High
17,male,169.8,83.2,83.2,maintenance,very active,6,5.3,3.86,3115,High
41,female,163.3,64.9,68.2,muscle gain,lightly active,4,7.2,3.42,1915,Moderate
59,female,164.7,45.4,45.4,endurance,moderately active,4,7.9,1.12,1552,High
62,female,171.4,78.7,78.7,maintenance,moderately active,6,6.5,2.96,2177,High
31,male,176.8,77.5,73.9,fat loss,sedentary,5,7.8,1.72,1565,Low
36,female,157.8,48.9,48.9,recomposition,lightly active,5,8.1,2.14,1462,Moderate
45,female,162.6,61.4,65.0,muscle gain,lightly active,5,6.1,1.63,1869,High
37,female,159.9,65.2,65.2,recomposition,lightly active,3,6.9,1.1,1668,Low
25,male,167.0,70.1,70.1,recomposition,moderately active,6,6.3,2.47,2134,High
32,female,162.2,68.3,68.3,recomposition,moderately active,6,7.6,3.83,1641,High
37,female,175.9,85.8,85.8,endurance,extremely active,1,6.3,1.85,3377,High
44,male,181.6,96.0,96.0,recomposition,sedentary,4,5.5,3.12,2288,Low
65,male,170.7,71.1,79.1,muscle gain,extremely active,2,7.1,3.23,2626,High
45,male,183.3,68.4,68.4,endurance,lightly active,4,8.3,3.01,2382,Moderate
36,female,165.0,84.3,84.3,maintenance,lightly active,5,7.6,3.9,2136,Moderate
51,male,179.6,81.8,81.8,recomposition,sedentary,5,8.2,3.17,1774,Low
57,male,171.4,77.2,81.0,muscle gain,sedentary,5,8.1,3.76,2214,Moderate
39,female,153.3,81.6,81.6,endurance,sedentary,3,7.1,1.7,1909,Low
42,male,158.1,89.3,89.3,endurance,lightly active,1,6.3,3.02,2574,Moderate
27,male,172.9,62.4,62.4,endurance,lightly active,6,6.0,3.56,2511,High
62,female,159.5,46.6,51.4,muscle gain,lightly active,1,5.1,1.96,1619,Low
62,female,177.7,74.3,74.3,endurance,sedentary,2,8.4,0.5,1655,Low
25,female,157.9,71.5,71.5,recomposition,lightly active,5,6.6,1.61,1851,High
34,female,165.4,67.3,63.3,fat loss,sedentary,3,5.0,1.99,1351,Low
30,male,171.1,84.4,84.4,endurance,very active,3,8.5,2.89,3495,High
65,female,170.1,84.7,84.7,maintenance,very active,1,7.1,2.1,2420,Moderate
19,female,153.7,81.5,81.5,maintenance,sedentary,2,8.2,2.5,1754,Low
27,male,182.2,89.2,96.0,muscle gain,very active,5,6.7,2.08,3308,High
33,male,185.3,53.1,53.1,endurance,extremely active,4,6.0,2.41,3210,High
46,male,170.1,75.9,73.0,fat loss,extremely active,2,7.5,2.45,2458,High
29,male,169.9,95.5,101.8,muscle gain,sedentary,3,7.6,2.06,2391,Moderate
44,male,166.9,72.6,72.6,maintenance,extremely active,3,6.7,3.07,3089,High
56,male,184.1,67.3,60.1,fat loss,moderately active,6,8.6,3.47,1881,High
60,female,167.3,68.8,75.3,muscle gain,extremely active,6,8.1,1.7,2493,High
21,male,174.3,76.5,76.5,recomposition,lightly active,3,7.7,2.65,2475,Moderate
23,female,157.1,61.4,61.4,maintenance,very active,2,5.7,1.5,1995,Moderate
21,female,159.3,74.4,74.4,endurance,extremely active,4,5.5,1.27,2965,High
65,female,164.5,48.8,48.8,endurance,lightly active,1,8.4,3.23,1477,Moderate
51,female,171.8,82.1,78.1,fat loss,very active,4,4.4,3.91,1840,High
44,male,160.5,92.1,97.4,muscle gain,sedentary,4,6.9,2.27,2342,High
58,female,162.8,64.4,64.4,endurance,very active,6,7.2,3.78,2101,High
47,male,186.3,104.9,104.9,endurance,extremely active,3,6.4,2.05,4357,High
28,female,176.0,81.9,76.7,fat loss,lightly active,4,7.0,2.34,1887,Moderate
43,male,185.4,92.2,92.2,recomposition,extremely active,1,7.5,3.67,3422,High
53,male,179.5,92.2,98.4,muscle gain,very active,5,6.3,1.86,2931,High
17,female,163.2,103.6,103.6,endurance,moderately active,2,8.1,3.14,2848,High
48,male,173.0,73.3,73.3,maintenance,lightly active,5,7.7,2.26,2089,Moderate
42,female,152.5,80.0,77.1,fat loss,moderately active,2,6.8,2.0,1838,High
19,male,168.3,90.0,98.3,muscle gain,extremely active,3,6.0,2.14,4004,High
30,male,168.2,66.2,66.2,endurance,sedentary,2,6.9,0.98,2014,Low
40,female,163.5,59.7,59.7,recomposition,extremely active,6,9.5,3.38,2409,High
34,female,164.4,85.2,75.4,fat loss,sedentary,5,6.1,2.66,1632,Moderate
31,male,182.5,69.7,69.7,endurance,extremely active,5,8.8,2.4,3662,High
51,male,171.9,85.0,85.0,endurance,moderately active,2,4.9,2.01,2814,Moderate
37,male,174.8,77.2,77.2,maintenance,extremely active,5,6.0,2.72,3148,High
42,female,175.2,63.3,59.9,fat loss,sedentary,3,6.3,3.12,1337,Low
59,female,158.7,76.1,76.1,maintenance,sedentary,5,8.1,2.31,1553,Low
21,male,179.0,78.8,71.8,fat loss,moderately active,2,7.1,3.17,2346,High
35,male,160.7,75.0,83.2,muscle gain,very active,4,8.6,2.69,2957,High
19,male,178.1,76.2,86.2,muscle gain,very active,6,6.6,2.43,3636,High
66,male,157.7,73.0,73.0,recomposition,very active,1,6.9,3.14,2285,Moderate
26,female,159.8,76.1,76.1,recomposition,extremely active,5,6.6,2.14,2713,High
60,female,171.7,84.8,76.5,fat loss,very active,5,9.4,1.62,1870,High
26,male,179.4,103.3,103.3,endurance,extremely active,3,5.7,2.46,3982,High
33,female,162.9,54.1,54.1,recomposition,sedentary,6,6.4,2.52,1443,Moderate
48,male,166.8,75.2,75.2,recomposition,lightly active,5,5.8,2.34,2015,Moderate
60,male,170.2,93.7,93.7,recomposition,sedentary,4,7.7,3.33,1671,Low
25,male,176.3,57.8,57.8,recomposition,moderately active,2,5.6,2.85,2127,Moderate
27,male,160.8,99.3,99.3,recomposition,lightly active,5,9.2,2.42,2490,Moderate
63,male,174.9,98.1,110.8,muscle gain,very active,1,7.1,2.5,3716,Moderate
33,female,171.4,72.7,72.7,recomposition,moderately active,2,7.5,2.56,2138,Moderate
27,female,145.0,78.7,78.7,endurance,moderately active,3,7.6,2.87,2207,High
56,male,178.7,86.1,86.1,recomposition,very active,2,7.0,2.54,2967,High
20,female,164.5,58.4,58.4,maintenance,extremely active,4,7.1,2.39,2569,High
62,female,162.8,70.0,70.0,recomposition,sedentary,6,7.1,1.57,1484,Low
63,female,167.3,67.3,67.3,endurance,lightly active,3,7.6,2.0,1762,Moderate
62,female,164.8,71.3,71.3,recomposition,moderately active,3,6.0,2.69,1827,Moderate
31,male,168.3,99.2,99.2,recomposition,sedentary,3,5.8,2.63,2265,Low
22,female,161.1,76.3,76.3,endurance,extremely active,5,8.0,1.46,3111,High
38,female,173.5,52.7,57.4,muscle gain,lightly active,5,7.0,2.11,1904,High
34,female,168.5,62.3,64.7,muscle gain,sedentary,2,4.6,1.85,1686,Low
67,male,174.7,90.0,94.8,muscle gain,moderately active,6,6.4,3.46,2596,High
50,male,178.9,70.2,72.3,muscle gain,sedentary,4,8.8,2.68,1922,Low
66,male,164.9,89.4,89.4,recomposition,lightly active,6,6.8,2.8,2010,Low
56,male,176.7,99.2,99.2,maintenance,very active,6,6.4,2.45,3202,High
54,male,174.6,96.8,96.8,endurance,lightly active,4,5.2,2.06,2332,Moderate
22,male,183.6,84.9,84.9,recomposition,extremely active,5,6.3,2.19,3086,High
19,female,164.2,69.5,69.5,recomposition,lightly active,4,5.6,2.84,1957,Moderate
18,male,173.3,104.3,104.3,endurance,sedentary,4,7.5,2.32,2814,Moderate
48,female,170.7,84.8,84.8,endurance,moderately active,4,7.1,2.85,2625,High
26,male,174.4,93.2,84.4,fat loss,sedentary,2,6.6,2.6,1620,Low
69,female,179.3,79.2,79.2,endurance,very active,3,6.1,2.71,2608,High
23,male,192.9,91.7,91.7,endurance,moderately active,5,8.8,2.74,3463,High
67,female,167.5,57.1,60.1,muscle gain,sedentary,5,6.2,2.13,1463,Low
52,male,174.5,62.7,64.8,muscle gain,lightly active,3,6.2,2.28,2220,Moderate
21,male,177.4,75.8,75.8,maintenance,extremely active,1,6.7,3.14,3424,High
19,male,176.9,89.9,89.9,endurance,extremely active,1,6.9,3.78,3931,High
37,female,157.4,84.8,84.8,recomposition,very active,6,7.6,3.14,2490,High
34,male,173.7,110.9,110.9,maintenance,extremely active,1,8.1,0.55,4024,High
33,female,158.0,73.1,81.5,muscle gain,sedentary,2,8.0,1.97,1896,Low
44,female,160.9,66.7,66.7,endurance,very active,1,9.9,2.58,2252,High
23,male,190.1,64.1,64.1,recomposition,sedentary,2,5.0,1.73,1907,Low
22,male,173.5,96.5,87.1,fat loss,moderately active,6,7.3,1.7,2298,High
53,male,179.2,79.9,87.6,muscle gain,sedentary,2,6.4,2.21,2168,Low
69,male,172.7,58.9,58.9,endurance,lightly active,6,9.4,2.74,1982,Moderate
30,male,172.5,80.3,80.3,recomposition,sedentary,5,7.2,2.93,1887,Moderate
66,male,171.8,66.1,66.1,maintenance,lightly active,5,4.6,2.24,2063,Low
34,female,165.2,88.7,88.7,maintenance,very active,2,7.5,2.19,2578,High
34,male,173.9,80.1,76.5,fat loss,very active,6,7.3,1.91,2407,High
20,male,172.2,67.3,67.3,endurance,extremely active,4,7.9,2.85,3466,High
38,female,166.9,53.2,53.2,recomposition,extremely active,5,6.1,2.81,2269,High
42,female,174.0,90.1,90.1,maintenance,sedentary,3,7.4,3.13,1726,Low
51,male,171.0,70.0,70.0,recomposition,extremely active,4,6.7,2.59,2763,High
24,male,168.7,65.9,65.9,maintenance,lightly active,4,6.2,1.58,2100,Moderate
26,male,185.1,73.2,73.2,maintenance,extremely active,4,7.4,2.26,3085,High
39,female,150.7,78.6,75.7,fat loss,extremely active,4,7.2,3.1,2113,High
19,female,147.6,85.0,85.0,maintenance,extremely active,5,8.3,1.29,2665,High
23,male,181.8,82.8,82.8,endurance,moderately active,6,7.0,2.44,3062,High
49,male,174.0,96.7,89.9,fat loss,very active,6,7.7,2.7,2723,High
67,male,165.4,106.4,106.4,maintenance,moderately active,2,5.6,3.9,2790,Low
46,female,167.9,66.3,66.3,endurance,sedentary,6,8.7,2.08,1642,High
23,male,181.0,86.3,86.3,maintenance,moderately active,3,6.1,2.41,2892,Moderate
69,male,166.2,90.4,78.9,fat loss,lightly active,2,8.1,3.68,1860,Low
44,male,177.7,86.5,86.5,endurance,sedentary,2,7.3,2.09,2178,Low
54,male,175.8,80.7,72.7,fat loss,sedentary,5,7.2,3.25,1531,Low
26,female,168.9,59.5,59.5,maintenance,lightly active,3,7.9,2.77,1765,Low
47,male,178.3,65.7,58.6,fat loss,very active,5,4.4,2.35,2013,High
20,male,168.5,91.7,94.9,muscle gain,extremely active,6,6.3,2.82,4204,High
49,female,167.0,68.4,75.6,muscle gain,extremely active,4,7.9,2.4,2731,High
26,female,161.6,71.2,80.2,muscle gain,very active,2,9.3,4.08,2857,High
65,male,170.6,92.8,92.8,endurance,extremely active,1,7.0,1.05,3468,High
18,male,155.7,71.2,71.2,maintenance,lightly active,6,4.1,2.3,2074,High
51,female,155.0,66.1,68.3,muscle gain,extremely active,2,6.6,2.32,2460,High
23,male,167.7,44.1,46.1,muscle gain,extremely active,1,6.9,2.41,3036,High
53,female,165.8,92.0,92.0,maintenance,sedentary,3,8.3,3.26,1852,Low
42,female,156.9,61.8,67.2,muscle gain,lightly active,5,7.1,2.19,1870,High
68,female,172.4,40.0,40.0,endurance,lightly active,1,5.5,2.84,1449,Low
51,male,182.0,86.0,89.0,muscle gain,sedentary,5,8.2,2.66,2491,Moderate
36,female,158.6,57.0,57.0,recomposition,sedentary,3,7.7,3.09,1388,Low
20,female,173.4,79.7,79.7,maintenance,extremely active,6,6.2,2.4,2972,High
48,male,167.6,50.0,51.6,muscle gain,sedentary,3,7.9,2.73,1776,Moderate
39,female,170.5,75.4,75.4,maintenance,very active,4,6.3,2.41,2403,High
18,female,157.0,67.4,62.7,fat loss,extremely active,3,6.6,1.81,2153,High
47,female,169.8,81.0,81.0,maintenance,very active,5,6.4,3.62,2545,High
27,male,183.1,80.6,80.6,recomposition,moderately active,1,6.6,1.97,2549,Moderate
28,male,172.0,64.9,64.9,maintenance,sedentary,1,8.1,2.17,1860,Low
16,female,157.3,71.3,61.2,fat loss,moderately active,4,4.9,1.9,1769,High
36,male,189.9,76.6,76.6,maintenance,lightly active,3,8.3,2.78,2552,Moderate
27,female,175.8,42.9,39.9,fat loss,extremely active,2,7.2,2.17,1774,High
19,female,162.2,60.2,66.2,muscle gain,extremely active,5,6.5,3.56,2753,High
39,female,177.8,105.3,105.3,recomposition,lightly active,5,7.0,2.87,2309,High
27,male,166.7,77.0,77.0,endurance,sedentary,1,5.9,2.31,2191,Moderate
23,female,173.4,71.1,71.1,endurance,extremely active,2,5.0,1.86,3162,High
41,male,183.8,77.1,77.1,maintenance,extremely active,5,5.9,2.42,3319,High
19,female,161.0,91.9,100.8,muscle gain,extremely active,3,4.7,2.86,3705,High
69,male,173.4,88.4,88.4,endurance,very active,2,5.4,2.47,3154,High
41,male,175.1,75.9,85.5,muscle gain,moderately active,4,5.1,2.4,2897,High
69,female,164.3,76.9,76.9,maintenance,lightly active,3,8.5,1.79,1688,Low
63,female,148.4,65.7,59.5,fat loss,sedentary,1,5.5,4.07,1059,Low
68,female,153.8,58.0,60.3,muscle gain,extremely active,4,7.0,2.36,2033,High
45,male,181.4,91.8,91.8,maintenance,extremely active,5,8.3,1.54,3563,High
38,female,169.5,64.0,64.0,recomposition,extremely active,1,8.0,1.75,2362,High
54,female,168.6,63.9,63.9,endurance,moderately active,2,6.6,2.26,2067,High
20,female,160.9,80.1,70.6,fat loss,extremely active,4,6.7,3.86,2337,High
61,female,159.2,73.2,73.2,maintenance,sedentary,5,7.2,2.38,1478,Low
33,male,179.1,99.5,99.5,endurance,moderately active,6,9.5,2.24,3224,High
16,male,179.4,80.4,69.0,fat loss,sedentary,4,7.5,3.09,1763,Low
28,female,166.2,80.5,80.5,maintenance,moderately active,1,7.8,3.14,2301,Moderate
29,female,165.6,85.0,85.0,recomposition,sedentary,3,9.7,2.96,1681,Low
16,male,163.2,71.6,61.4,fat loss,lightly active,2,7.3,2.64,1866,Low
52,male,172.3,71.0,71.0,recomposition,moderately active,6,8.4,1.73,2092,High
21,female,163.7,51.1,51.1,maintenance,sedentary,1,7.6,1.97,1686,Low
61,female,166.5,40.0,40.0,recomposition,sedentary,3,7.6,1.39,1197,Low
40,male,175.1,76.8,76.8,recomposition,extremely active,4,5.8,2.34,2723,High
54,female,167.3,63.7,60.9,fat loss,lightly active,2,5.6,2.2,1429,Moderate
34,female,170.2,71.3,65.5,fat loss,extremely active,5,6.4,2.13,2348,High
23,male,167.3,84.3,95.9,muscle gain,lightly active,1,8.1,2.7,2643,Low
25,male,167.7,101.7,105.0,muscle gain,sedentary,6,8.0,2.04,2669,Moderate
50,female,162.2,58.7,62.6,muscle gain,sedentary,3,8.6,2.26,1587,Low
54,male,172.5,114.9,114.9,endurance,very active,3,7.0,2.16,3699,High
30,male,166.4,73.6,73.6,recomposition,sedentary,6,7.6,2.48,1810,Moderate
35,male,174.7,108.1,111.9,muscle gain,extremely active,1,7.7,2.76,4521,High
67,female,168.7,58.3,58.3,recomposition,lightly active,3,6.9,1.56,1478,Low
62,male,169.5,55.5,50.8,fat loss,very active,1,6.6,2.82,1773,High
38,male,181.1,100.5,85.7,fat loss,moderately active,4,5.2,2.68,2514,High
29,male,174.6,76.0,71.7,fat loss,sedentary,2,6.8,2.79,1732,Low
32,female,159.9,76.9,76.9,maintenance,very active,5,6.9,2.59,2147,High
45,female,164.2,64.8,64.8,recomposition,sedentary,4,8.4,2.75,1213,Low
46,male,174.8,65.9,65.9,maintenance,very active,4,8.5,2.21,2687,High
25,male,171.1,87.0,87.0,maintenance,moderately active,6,7.2,2.81,2708,High
19,male,175.0,66.8,58.5,fat loss,lightly active,6,9.5,3.3,1693,High
42,female,158.7,56.4,56.4,recomposition,extremely active,2,7.2,2.15,2091,High
59,female,172.4,74.5,74.5,maintenance,lightly active,4,8.2,2.18,2207,Low
24,male,178.6,85.4,85.4,endurance,lightly active,5,6.9,2.94,2465,High
38,male,169.3,75.0,79.4,muscle gain,very active,1,5.6,2.11,3303,High
24,female,172.9,68.5,61.3,fat loss,lightly active,3,6.5,2.0,1558,Moderate
29,female,172.8,66.9,66.9,maintenance,moderately active,4,8.8,2.8,2042,High
49,male,181.0,68.3,63.3,fat loss,very active,6,6.7,2.2,2093,High
31,male,175.4,74.0,64.1,fat loss,extremely active,1,6.4,3.36,2345,High
30,female,153.0,90.1,101.6,muscle gain,extremely active,6,7.0,2.17,2981,High
69,female,164.4,80.8,80.8,recomposition,sedentary,2,6.5,1.93,1450,Low
25,female,170.7,59.6,59.6,maintenance,extremely active,6,8.4,2.5,2445,High
26,male,170.7,79.6,79.6,endurance,moderately active,4,9.3,2.8,2804,High
66,male,165.3,69.0,65.2,fat loss,extremely active,3,7.0,2.72,2147,High
45,female,169.1,71.9,71.9,endurance,lightly active,1,7.6,2.88,1912,High
18,female,169.5,68.8,68.8,maintenance,moderately active,3,8.2,2.11,2407,High
38,female,160.9,71.0,71.0,maintenance,extremely active,5,7.1,3.29,2489,High
46,male,171.6,78.4,78.4,endurance,extremely active,2,5.9,1.34,3225,High
29,female,167.4,61.7,61.7,maintenance,very active,5,6.5,1.95,2037,High
45,male,170.8,71.5,68.0,fat loss,very active,2,7.5,2.53,2167,High
51,male,186.6,94.7,99.0,muscle gain,sedentary,1,7.5,2.01,2843,Low
29,female,154.1,40.0,40.0,endurance,very active,4,4.8,2.28,2006,High
59,female,162.6,66.0,60.3,fat loss,moderately active,5,6.5,1.81,1497,High
40,female,161.9,99.3,99.3,endurance,sedentary,6,6.1,2.35,1927,Moderate
68,female,157.2,79.0,79.0,recomposition,extremely active,4,8.1,2.82,2520,High
20,male,189.3,119.5,119.5,maintenance,moderately active,4,6.2,2.13,3505,High
33,female,172.2,67.3,71.0,muscle gain,very active,5,6.4,1.88,2639,High
54,male,180.9,92.3,92.3,endurance,sedentary,3,6.4,2.18,2166,Moderate
64,male,182.6,84.7,75.7,fat loss,lightly active,1,7.9,3.27,2070,Low
27,female,151.1,56.9,56.9,recomposition,extremely active,2,8.2,3.27,2182,High
68,female,153.6,73.2,80.7,muscle gain,extremely active,3,7.6,2.17,2603,High
26,female,164.2,88.7,91.6,muscle gain,sedentary,4,8.3,2.86,2154,Low
38,male,179.0,86.0,75.7,fat loss,extremely active,2,8.5,2.49,2716,High
33,female,159.5,88.4,88.4,maintenance,lightly active,2,4.8,3.4,2083,Low
38,male,167.1,117.5,110.1,fat loss,lightly active,6,7.7,2.63,2429,High
64,female,163.7,40.0,35.6,fat loss,extremely active,1,6.6,2.36,1436,High
55,female,166.8,77.7,85.6,muscle gain,moderately active,5,5.5,3.62,2199,High
59,female,169.9,75.0,75.0,maintenance,very active,1,6.6,1.85,2394,Low
29,male,173.9,105.8,105.8,endurance,sedentary,2,7.9,2.72,2509,Low
67,male,163.2,66.4,66.4,endurance,very active,6,8.7,3.46,2509,High
39,male,167.3,77.4,77.4,maintenance,lightly active,6,5.4,2.97,2196,High
51,female,158.8,64.6,64.6,maintenance,very active,3,7.7,1.97,2040,High
53,female,156.4,65.1,65.1,recomposition,very active,1,9.4,1.93,2076,Moderate
51,male,175.8,91.9,104.5,muscle gain,sedentary,6,9.2,1.51,2641,Low
48,female,168.6,62.8,62.8,recomposition,extremely active,6,3.0,3.54,2054,High
41,female,159.2,44.5,44.5,recomposition,lightly active,3,9.6,1.71,1410,Moderate
50,male,174.9,69.9,69.9,recomposition,lightly active,1,8.2,3.0,1955,Low
64,male,182.8,75.2,75.2,endurance,very active,5,4.2,1.5,2704,High
37,female,165.5,40.0,41.5,muscle gain,extremely active,5,6.1,4.29,2016,High
43,female,172.9,41.9,39.7,fat loss,extremely active,5,8.5,1.55,1745,High
25,male,172.5,68.0,68.0,maintenance,moderately active,5,7.4,2.53,2465,High
35,female,166.6,66.3,68.4,muscle gain,lightly active,6,6.3,3.35,2038,High
57,female,165.1,63.9,60.0,fat loss,extremely active,4,7.1,2.01,1996,High
50,female,158.6,40.0,35.7,fat loss,lightly active,1,7.7,2.89,1050,Low
27,female,162.0,88.2,88.2,maintenance,very active,5,6.3,2.3,2678,High
45,female,154.7,49.3,49.3,endurance,lightly active,2,6.8,2.77,1426,Moderate
59,male,171.2,72.2,77.9,muscle gain,lightly active,4,8.1,3.26,2187,Low
22,male,163.5,103.6,103.6,maintenance,moderately active,1,6.2,2.2,3293,Moderate
19,male,181.3,78.4,68.8,fat loss,extremely active,1,5.4,3.55,2879,High
37,female,167.7,73.5,65.6,fat loss,lightly active,3,6.2,2.75,1703,Low
51,male,182.6,98.9,98.9,recomposition,very active,4,5.9,3.86,2926,High
32,male,169.9,71.2,71.2,recomposition,sedentary,1,6.3,1.92,1886,Low
60,female,169.2,70.3,62.7,fat loss,very active,5,4.9,2.05,1906,High
61,male,177.4,69.9,69.9,maintenance,lightly active,4,7.3,2.34,2145,Low
44,male,179.2,115.3,115.3,maintenance,sedentary,5,8.0,1.65,2704,Low
36,male,180.4,112.3,108.4,fat loss,moderately active,3,6.0,3.15,2636,Moderate
18,male,174.4,78.5,88.8,muscle gain,lightly active,4,6.2,2.45,2756,Moderate
60,male,178.7,87.3,87.3,endurance,very active,6,6.8,1.7,2636,High
64,female,155.0,60.3,68.9,muscle gain,sedentary,2,5.9,1.92,1503,Low
39,male,176.4,75.1,75.1,recomposition,lightly active,5,8.2,1.89,2251,High
43,male,174.0,81.7,81.7,recomposition,lightly active,4,5.9,3.15,2366,Moderate
56,female,162.2,49.2,45.5,fat loss,lightly active,5,6.4,2.82,1115,Moderate
53,male,179.2,58.7,58.7,endurance,sedentary,4,6.1,2.41,1820,Moderate
23,female,153.0,64.7,64.7,endurance,lightly active,5,8.2,2.24,1733,Moderate
52,female,164.0,60.4,60.4,recomposition,sedentary,5,6.7,2.33,1244,Low
65,female,162.3,51.2,47.5,fat loss,very active,1,9.4,3.75,1480,Moderate
56,male,165.0,78.9,78.9,endurance,moderately active,1,7.4,2.34,2706,Moderate
41,male,186.5,75.0,66.3,fat loss,lightly active,1,8.4,3.1,2035,Low
44,female,166.2,98.6,98.6,maintenance,very active,6,6.6,2.27,2910,High
30,male,177.2,87.5,87.5,maintenance,extremely active,3,5.9,3.68,3920,High
51,female,167.5,72.6,72.6,recomposition,moderately active,6,7.0,1.65,1951,High
29,male,163.3,86.9,77.7,fat loss,lightly active,6,6.2,3.06,2028,High
34,male,174.0,77.2,77.2,endurance,moderately active,3,4.6,1.97,2540,High
30,female,157.0,82.2,82.2,maintenance,very active,1,8.2,4.05,2089,High
34,female,159.8,82.4,92.7,muscle gain,sedentary,6,7.0,2.99,1947,Moderate
35,female,161.8,45.0,49.9,muscle gain,lightly active,3,6.2,1.31,1720,Moderate
20,female,168.6,79.1,79.1,recomposition,moderately active,2,7.5,1.85,2365,High
54,male,164.2,110.6,100.2,fat loss,very active,5,7.1,2.98,2548,High
39,female,175.8,68.5,74.0,muscle gain,moderately active,3,8.7,2.96,2532,Moderate
67,female,167.7,90.3,90.3,endurance,very active,2,7.5,2.91,2911,High
25,male,185.0,85.1,85.1,endurance,extremely active,3,6.8,2.61,3932,High
52,male,168.5,85.1,95.7,muscle gain,sedentary,6,7.8,2.28,2115,Low
25,female,155.7,60.9,60.9,maintenance,moderately active,2,7.0,3.26,1706,Moderate
45,male,179.4,82.6,82.6,maintenance,lightly active,6,7.2,1.9,2222,Moderate
42,female,158.1,77.8,87.2,muscle gain,sedentary,4,8.5,2.54,2026,Moderate
40,male,186.1,59.2,62.3,muscle gain,sedentary,1,5.6,2.07,2033,Low
51,male,175.5,84.0,81.2,fat loss,very active,1,6.0,2.01,2423,Moderate
60,male,178.2,62.0,62.0,endurance,moderately active,4,6.5,2.18,2432,Moderate
33,male,173.1,60.7,67.8,muscle gain,lightly active,1,6.7,1.99,2347,Moderate
61,female,160.4,44.5,41.4,fat loss,extremely active,1,8.4,2.88,1484,High
25,female,165.8,74.1,74.1,recomposition,lightly active,3,5.3,1.47,1870,Low
31,female,149.3,79.8,69.3,fat loss,moderately active,3,7.0,2.8,1989,High
32,female,165.0,63.4,63.4,endurance,extremely active,6,6.3,2.06,2528,High
67,male,170.7,100.1,100.1,endurance,very active,6,9.0,2.52,3359,High
22,female,162.2,90.3,90.3,maintenance,very active,6,8.1,2.38,2980,High
37,female,150.6,59.3,57.5,fat loss,lightly active,1,7.3,2.15,1355,Low
38,female,160.1,83.1,73.3,fat loss,extremely active,5,8.2,3.35,2234,High
59,female,172.0,48.3,48.3,endurance,moderately active,6,5.4,2.24,1634,High
42,female,164.8,73.4,73.4,maintenance,lightly active,4,9.4,2.99,1783,Moderate
68,female,153.1,73.0,73.0,maintenance,very active,6,6.0,3.0,1951,Moderate
55,female,179.6,79.4,73.4,fat loss,moderately active,5,8.5,2.31,1877,Moderate
53,female,154.2,87.4,87.4,endurance,sedentary,5,7.7,1.62,1874,Low
56,female,161.3,57.4,57.4,maintenance,sedentary,3,7.3,1.88,1395,Low
24,male,174.5,88.1,84.2,fat loss,sedentary,3,8.5,3.4,1810,Moderate
40,male,174.4,91.4,84.4,fat loss,sedentary,3,8.2,2.84,1845,Low
47,female,159.8,50.1,50.1,endurance,lightly active,2,7.1,2.6,1394,Moderate
27,male,176.0,101.5,97.6,fat loss,lightly active,4,6.5,2.1,1894,High
22,male,170.5,79.3,89.2,muscle gain,lightly active,3,7.1,3.71,2450,Moderate
23,female,160.3,89.8,85.5,fat loss,extremely active,2,6.9,1.89,2605,High
58,female,155.9,92.2,78.7,fat loss,extremely active,2,7.4,2.6,1932,High
51,female,166.4,63.4,63.4,endurance,extremely active,4,8.2,2.85,2508,High
31,male,171.5,104.7,104.7,recomposition,sedentary,1,7.6,1.59,2122,Moderate
55,male,189.3,68.6,78.1,muscle gain,moderately active,3,7.2,1.97,2802,High
53,female,164.9,77.9,72.7,fat loss,sedentary,1,6.2,2.18,1317,Low
60,female,162.2,65.8,73.5,muscle gain,very active,3,7.4,3.1,2374,High
65,male,176.7,96.4,107.8,muscle gain,sedentary,4,5.0,2.19,2294,Low
63,female,161.7,66.6,66.6,recomposition,lightly active,4,6.0,1.49,1635,Low
25,male,183.7,92.5,92.5,maintenance,lightly active,1,7.7,1.43,2921,Moderate
57,female,178.6,63.6,63.6,maintenance,moderately active,5,8.1,1.96,2178,Moderate
37,female,164.3,66.4,62.2,fat loss,lightly active,2,7.0,1.46,1447,Low
37,female,163.0,62.7,56.1,fat loss,moderately active,3,7.2,3.04,1528,High
50,female,164.8,53.2,60.6,muscle gain,sedentary,5,7.4,3.07,1565,Low
48,male,175.7,90.2,95.0,muscle gain,moderately active,1,7.8,2.5,3427,Moderate
38,male,169.4,78.2,78.2,maintenance,sedentary,2,6.8,2.32,1981,Low
69,male,173.7,64.1,64.1,endurance,sedentary,1,5.8,3.02,1835,Low
25,female,160.1,72.8,72.8,maintenance,sedentary,2,7.5,2.99,1813,Low
21,female,169.3,62.6,68.6,muscle gain,lightly active,1,9.3,1.81,2285,Moderate
17,female,163.1,59.9,59.9,maintenance,very active,1,5.9,1.91,2548,High
59,male,176.0,78.3,75.1,fat loss,lightly active,4,6.8,2.99,1614,High
37,male,166.4,117.5,117.5,recomposition,moderately active,1,6.5,2.69,2823,Moderate
39,female,164.7,64.8,61.3,fat loss,very active,3,9.9,2.93,1829,High
51,female,169.7,48.9,55.6,muscle gain,very active,2,5.8,1.87,2352,High
39,female,168.8,58.4,58.4,endurance,moderately active,6,6.8,1.97,2242,High
46,male,183.0,62.8,62.8,maintenance,sedentary,1,6.6,2.82,1851,Low
19,male,185.9,91.1,91.1,recomposition,very active,3,5.5,2.02,3444,High
24,female,163.0,48.7,53.8,muscle gain,lightly active,3,5.4,1.44,1838,Moderate
66,female,165.5,71.4,71.4,endurance,moderately active,5,7.7,2.03,1945,Moderate
40,male,164.7,82.0,93.6,muscle gain,extremely active,1,7.9,2.36,3240,High
25,female,165.1,62.1,64.4,muscle gain,sedentary,6,6.3,3.69,1822,Moderate
35,male,171.5,73.4,65.6,fat loss,sedentary,2,8.7,1.91,1538,Low
34,male,168.5,85.4,90.2,muscle gain,lightly active,1,4.3,2.46,2844,Low
30,female,158.3,69.8,69.8,maintenance,moderately active,5,5.5,3.93,2205,High
31,female,180.4,82.6,72.5,fat loss,moderately active,4,6.0,1.73,2037,Moderate
55,female,168.3,83.6,73.2,fat loss,lightly active,4,7.0,2.96,1603,Low
21,male,176.5,67.9,71.8,muscle gain,extremely active,6,6.5,2.0,3490,High
32,female,164.3,65.6,65.6,recomposition,sedentary,3,6.8,2.78,1387,Moderate
41,female,168.4,40.0,40.0,maintenance,moderately active,6,7.6,4.13,1565,High
45,female,160.6,69.4,60.8,fat loss,moderately active,6,8.7,3.05,1703,High
63,male,178.8,61.6,56.7,fat loss,very active,4,8.0,2.61,1948,High
65,female,155.7,88.4,82.0,fat loss,moderately active,5,7.1,1.83,1566,Moderate
32,female,166.8,44.8,46.5,muscle gain,sedentary,1,6.9,2.38,1701,Low
45,female,150.7,53.9,59.5,muscle gain,lightly active,4,8.3,2.1,1858,Moderate
17,male,174.1,84.0,72.9,fat loss,sedentary,1,9.3,1.48,1902,Low
49,female,166.8,47.0,47.0,maintenance,moderately active,3,7.8,1.01,1759,Moderate
24,male,176.9,62.7,62.7,maintenance,extremely active,5,6.4,1.92,3126,High
19,male,186.5,68.2,68.2,recomposition,lightly active,1,7.3,2.48,2293,Low
52,female,159.5,51.3,51.3,endurance,lightly active,3,7.7,3.28,1587,High
25,male,175.9,98.3,98.3,recomposition,moderately active,3,6.3,1.98,2999,High
41,female,166.4,52.2,52.2,endurance,sedentary,2,8.0,2.63,1571,Low
21,male,160.5,91.5,91.5,endurance,extremely active,4,7.3,1.31,3726,High
56,female,159.2,70.7,70.7,endurance,very active,5,8.4,1.94,1835,High
57,female,165.4,59.7,64.3,muscle gain,very active,6,5.8,0.79,2447,High
47,female,161.2,51.9,47.5,fat loss,lightly active,6,4.9,4.06,1258,Moderate
61,male,168.2,89.5,78.8,fat loss,lightly active,6,6.5,2.64,1663,Moderate
39,male,182.7,94.2,94.2,endurance,moderately active,2,7.0,2.62,3119,High
26,male,182.0,105.2,105.2,endurance,lightly active,1,4.8,2.87,3035,Moderate
24,male,177.6,80.6,85.4,muscle gain,sedentary,2,6.3,4.27,2192,Moderate
27,female,159.4,58.2,58.2,recomposition,very active,6,8.5,2.2,2020,High
26,male,176.5,99.5,99.5,maintenance,extremely active,2,7.6,1.81,3500,High
33,male,178.9,100.6,96.5,fat loss,lightly active,5,7.2,3.9,2034,High
27,male,172.8,73.8,73.8,recomposition,very active,3,5.7,1.64,2861,High
47,male,175.8,65.9,62.8,fat loss,extremely active,5,8.5,3.41,2235,High
24,female,174.5,67.1,57.9,fat loss,very active,5,6.5,2.45,2055,High
49,female,167.9,63.6,63.6,maintenance,extremely active,6,7.1,2.8,2538,High
34,male,185.7,57.7,50.8,fat loss,extremely active,1,7.5,1.49,2328,High
53,female,168.2,58.5,65.4,muscle gain,lightly active,2,7.2,4.32,1951,Low
43,female,163.3,81.8,81.8,recomposition,sedentary,1,8.8,2.23,1803,Low
64,male,168.3,65.2,65.2,maintenance,extremely active,3,7.7,2.01,2773,High
39,male,183.9,83.1,80.1,fat loss,very active,3,7.4,2.88,2560,High
31,male,178.8,83.7,93.0,muscle gain,sedentary,6,6.9,2.05,2550,Moderate
47,male,177.3,73.3,73.3,endurance,extremely active,5,7.5,2.8,3290,High
51,male,170.6,108.5,108.5,endurance,sedentary,1,6.7,1.62,2518,Moderate
39,male,178.0,86.0,86.0,endurance,lightly active,3,7.2,2.6,2392,Moderate
46,female,160.4,59.2,59.2,maintenance,extremely active,5,6.6,2.08,2276,High
41,male,179.4,59.6,59.6,maintenance,lightly active,5,6.4,1.95,2135,Moderate
32,female,147.1,73.9,73.9,recomposition,very active,5,5.9,1.84,2182,High
32,male,186.4,86.4,86.4,endurance,sedentary,2,6.7,3.12,2716,Low
65,male,180.0,106.0,93.9,fat loss,moderately active,6,6.6,2.25,2286,Moderate
52,female,158.9,71.2,71.2,endurance,very active,6,9.2,2.37,2077,High
21,female,165.4,52.9,52.9,recomposition,extremely active,2,8.2,2.8,2348,High
67,female,156.4,60.1,57.0,fat loss,moderately active,4,6.8,3.3,1409,Moderate
54,male,168.9,69.9,69.9,endurance,sedentary,5,6.5,1.85,1779,Low
18,male,174.6,82.7,70.8,fat loss,moderately active,6,7.7,2.65,2268,High
55,male,184.9,73.1,65.5,fat loss,very active,1,9.3,1.86,2221,High
47,male,179.3,61.7,63.9,muscle gain,moderately active,2,8.0,2.35,2608,High
65,female,151.8,49.4,49.4,maintenance,extremely active,6,4.9,3.25,1753,High
42,male,169.9,53.6,53.6,maintenance,lightly active,1,8.0,0.86,2041,Low
44,male,168.1,86.7,93.8,muscle gain,extremely active,3,8.2,1.85,4094,High
32,female,166.7,77.7,77.7,recomposition,very active,2,9.6,2.34,2331,High
33,male,166.6,88.3,88.3,maintenance,moderately active,4,6.7,2.77,2520,Moderate
49,male,173.6,67.3,62.1,fat loss,sedentary,3,7.2,3.35,1419,Low
60,male,174.5,94.1,94.1,endurance,lightly active,6,7.5,1.31,2719,High
64,male,182.3,89.9,100.4,muscle gain,very active,1,6.1,3.49,3278,High
57,female,160.1,71.1,71.1,recomposition,extremely active,4,6.0,2.86,2335,High
48,female,171.4,56.5,58.9,muscle gain,moderately active,4,7.5,2.33,2027,High
43,female,176.1,90.8,90.8,recomposition,lightly active,4,5.1,1.47,2361,Low
34,male,183.5,82.7,93.1,muscle gain,very active,1,5.4,2.1,3433,High
57,female,147.9,70.5,77.8,muscle gain,extremely active,3,8.0,3.22,2556,High
33,female,159.9,59.4,53.3,fat loss,sedentary,6,7.6,2.52,1159,Low
30,male,175.7,76.4,76.4,endurance,lightly active,4,8.5,2.37,2346,High
62,female,166.2,75.4,75.4,recomposition,very active,1,7.6,1.82,2166,Moderate
47,male,170.5,64.6,64.6,recomposition,sedentary,5,7.0,3.01,1700,Low
35,female,150.8,53.0,53.0,recomposition,extremely active,6,8.5,2.4,2158,High
62,female,172.1,82.2,77.7,fat loss,lightly active,5,6.5,2.33,1410,High
67,male,174.9,89.7,89.7,maintenance,moderately active,1,6.6,2.43,2426,Low
33,male,187.4,121.6,121.6,endurance,moderately active,1,6.9,2.05,3475,Moderate
44,male,183.7,72.0,80.4,muscle gain,lightly active,2,7.5,1.93,2564,Moderate
42,female,165.7,67.0,64.9,fat loss,sedentary,3,6.9,1.44,1194,Low
53,male,166.5,86.9,86.9,endurance,sedentary,6,5.2,2.07,2067,Moderate
67,female,164.7,97.6,89.0,fat loss,lightly active,3,6.7,1.24,1596,Low
45,male,174.7,68.9,68.9,recomposition,lightly active,6,7.0,2.84,2022,Moderate
59,male,162.9,113.1,113.1,endurance,extremely active,1,7.1,2.03,3537,High
48,female,173.0,63.1,63.1,recomposition,very active,5,6.5,2.23,2018,High
63,female,165.8,61.1,55.3,fat loss,sedentary,5,7.6,2.47,1144,Low
37,female,160.7,84.4,84.4,endurance,very active,6,5.1,1.94,2903,High
36,male,169.2,86.0,80.4,fat loss,very active,4,7.5,1.68,2522,High
38,male,174.2,79.9,79.9,endurance,sedentary,4,9.2,2.66,2289,Moderate
69,male,180.1,84.8,79.8,fat loss,moderately active,1,6.3,3.82,2175,Low
49,female,171.0,84.5,84.5,maintenance,very active,6,7.1,3.14,2576,High
24,female,158.9,77.3,77.3,endurance,very active,4,6.7,3.4,2992,High
18,male,180.1,89.0,94.4,muscle gain,moderately active,5,6.7,1.59,3504,High
44,female,165.8,72.5,62.1,fat loss,moderately active,3,5.8,2.37,1614,Moderate
59,male,178.8,73.0,65.9,fat loss,very active,1,9.4,2.36,2063,Moderate
41,female,162.3,79.1,88.6,muscle gain,extremely active,5,7.5,3.5,3091,High
46,female,158.9,50.2,52.8,muscle gain,sedentary,5,6.2,3.14,1562,Moderate
59,female,165.8,45.8,51.9,muscle gain,moderately active,2,6.1,2.39,1778,High
43,male,176.8,83.1,83.1,maintenance,extremely active,5,7.1,0.9,3088,High
65,female,167.0,70.7,74.6,muscle gain,moderately active,1,4.4,1.69,2300,Moderate
50,male,171.3,61.1,61.1,maintenance,sedentary,4,8.3,2.94,1608,Low
55,female,161.6,56.9,60.5,muscle gain,sedentary,1,6.4,2.28,1564,Low
58,male,184.5,107.0,118.9,muscle gain,very active,5,7.5,2.42,3754,High
49,female,160.4,76.7,76.7,endurance,moderately active,3,7.5,2.93,2040,High
18,male,183.8,80.3,80.3,recomposition,very active,2,8.2,3.29,3385,High
39,male,184.2,110.7,110.7,recomposition,sedentary,5,7.6,1.95,2360,Low
23,female,167.1,72.5,77.6,muscle gain,very active,5,7.9,2.91,2680,High
43,female,159.4,56.9,56.9,endurance,moderately active,4,8.2,3.63,1941,High
23,male,169.3,63.5,67.7,muscle gain,moderately active,5,6.6,3.5,2463,High
43,female,161.7,72.3,72.3,recomposition,moderately active,1,9.6,2.13,2042,Moderate
34,male,165.9,88.6,88.6,recomposition,lightly active,5,7.4,2.71,2415,Low
17,male,168.3,85.8,89.0,muscle gain,very active,4,7.0,3.03,4108,High
22,male,179.5,97.5,97.5,recomposition,lightly active,1,6.0,2.51,2617,Moderate
43,male,179.5,57.2,52.0,fat loss,moderately active,3,6.8,2.33,1767,Moderate
20,male,167.7,89.9,101.4,muscle gain,extremely active,4,7.5,1.29,3990,High
62,male,179.7,93.8,93.8,maintenance,very active,5,7.1,1.89,3291,High
56,male,178.2,93.1,93.1,recomposition,sedentary,4,9.2,2.01,2078,Low
54,male,185.6,74.3,80.6,muscle gain,sedentary,2,6.5,1.62,2311,Low
25,male,179.0,87.3,87.3,recomposition,moderately active,2,7.8,2.58,2882,Moderate
58,female,165.7,40.5,40.5,recomposition,very active,5,5.6,3.11,1671,High
50,female,145.5,83.1,83.1,endurance,moderately active,6,9.6,2.21,1982,High
37,male,181.9,65.4,58.0,fat loss,extremely active,4,5.6,0.96,2235,High
16,male,166.0,69.4,69.4,maintenance,extremely active,5,9.5,2.42,2849,High
44,female,160.6,53.7,53.7,recomposition,moderately active,4,6.8,2.69,1585,High
58,female,164.1,100.3,100.3,maintenance,lightly active,3,4.3,2.64,2028,Low
17,female,150.3,73.7,79.4,muscle gain,sedentary,3,8.6,2.0,2137,Low
18,female,145.0,54.5,54.5,maintenance,sedentary,3,7.1,1.66,1379,Low
36,female,156.2,59.1,59.1,maintenance,very active,1,6.5,3.12,2128,High
43,female,165.0,68.0,68.0,maintenance,lightly active,4,7.8,2.75,1809,Moderate
41,male,173.8,84.6,84.6,endurance,sedentary,2,7.8,2.02,2208,Low
39,male,169.8,55.4,55.4,maintenance,sedentary,6,7.5,1.45,1717,Moderate
29,male,182.7,99.0,104.9,muscle gain,moderately active,6,8.4,2.66,3197,High
19,male,177.4,82.3,77.5,fat loss,moderately active,3,7.3,1.87,2366,High
17,female,176.7,60.1,57.4,fat loss,sedentary,4,7.8,2.77,1344,Low
21,female,161.5,81.6,81.6,maintenance,moderately active,1,6.4,2.61,2314,Moderate
53,female,162.2,68.7,75.4,muscle gain,moderately active,4,7.9,3.95,2172,High
58,male,175.2,40.0,38.1,fat loss,sedentary,6,6.4,2.45,1218,Low
39,male,173.6,68.5,75.1,muscle gain,extremely active,4,5.7,3.9,3236,High
20,male,171.0,78.3,80.7,muscle gain,lightly active,6,6.8,2.56,2720,Moderate
38,female,169.5,61.8,61.8,maintenance,sedentary,1,6.7,2.03,1630,Low
69,male,166.9,115.1,106.6,fat loss,sedentary,6,8.1,1.76,1807,Low
29,male,179.9,75.3,75.3,endurance,moderately active,3,5.3,1.89,2862,High
42,female,162.0,83.6,83.6,endurance,very active,1,8.3,2.8,2451,High
45,female,160.6,77.2,77.2,endurance,lightly active,4,6.3,2.59,2022,Moderate
33,female,169.4,65.2,61.7,fat loss,very active,4,4.0,1.21,1806,High
39,male,167.1,70.6,70.6,recomposition,lightly active,1,5.6,3.21,1823,Low
41,male,165.5,62.0,54.4,fat loss,sedentary,3,6.6,3.53,1357,Moderate
41,male,172.1,90.4,90.4,recomposition,very active,6,7.5,1.21,2826,High
54,male,170.2,103.0,103.0,recomposition,very active,2,6.8,3.21,3529,High
47,female,166.3,40.0,41.6,muscle gain,very active,1,5.5,3.68,2134,High
18,male,172.7,97.3,97.3,maintenance,moderately active,5,6.1,1.24,3193,High
16,male,174.3,116.3,116.3,endurance,extremely active,5,5.6,2.17,4238,High
38,female,158.4,76.9,65.6,fat loss,extremely active,3,7.3,1.91,2116,High
65,male,166.3,64.6,64.6,maintenance,lightly active,2,6.9,3.18,2167,Low
17,male,170.2,80.7,89.1,muscle gain,very active,6,7.7,2.21,3328,High
19,male,173.9,99.2,90.4,fat loss,sedentary,6,4.9,2.18,1939,Low
52,male,173.6,76.5,76.5,recomposition,sedentary,1,6.4,2.79,2019,Low
40,male,187.9,101.1,101.1,endurance,moderately active,5,9.4,3.59,3099,High
28,female,155.1,69.3,69.3,maintenance,very active,3,7.8,2.46,2369,High
27,female,155.5,61.3,61.3,maintenance,moderately active,2,6.6,2.17,1996,Moderate
51,male,177.9,75.1,75.1,maintenance,sedentary,3,5.8,2.3,1832,Low
44,male,178.8,82.2,73.9,fat loss,very active,3,8.3,2.96,2490,High
50,male,174.1,83.0,88.3,muscle gain,very active,4,8.8,1.57,3016,High
31,female,174.1,78.8,78.8,recomposition,very active,6,5.6,2.49,2676,High
44,female,168.7,73.2,73.2,maintenance,very active,1,5.7,1.84,2487,High
62,female,158.6,80.7,92.6,muscle gain,extremely active,4,7.3,1.66,2977,High
33,male,179.6,74.3,71.0,fat loss,lightly active,1,7.4,1.14,1854,Low
37,male,176.4,68.9,65.1,fat loss,sedentary,1,7.6,2.14,1583,Low
24,male,179.2,94.2,94.2,maintenance,moderately active,2,9.2,3.26,3204,High
50,male,186.9,94.3,100.0,muscle gain,extremely active,5,5.8,1.11,3635,High
17,male,178.9,87.8,87.8,recomposition,sedentary,3,7.0,2.88,2026,Low
29,female,163.2,73.3,73.3,maintenance,extremely active,3,7.9,2.05,2845,High
54,male,182.7,78.6,70.4,fat loss,very active,6,7.9,1.76,2408,High
17,female,168.8,52.5,55.0,muscle gain,sedentary,2,6.2,2.74,1807,Low
69,female,163.4,56.2,47.9,fat loss,moderately active,5,6.3,3.42,1410,Moderate
37,female,165.8,57.9,51.2,fat loss,lightly active,5,6.4,3.55,1366,High
37,male,167.8,93.9,93.9,recomposition,very active,4,9.0,2.7,3188,High
44,female,166.4,59.2,61.3,muscle gain,very active,6,5.8,2.45,2406,High
50,male,177.6,97.6,97.6,endurance,lightly active,6,6.6,2.77,2534,High
40,male,163.1,83.6,93.0,muscle gain,moderately active,1,7.9,4.23,3129,Moderate
63,male,178.5,76.7,81.7,muscle gain,sedentary,2,5.7,2.3,2218,Low
67,male,169.3,92.2,92.2,maintenance,sedentary,3,7.3,3.29,1927,Low
26,female,152.7,81.7,86.8,muscle gain,very active,4,4.7,2.09,2786,High
54,female,167.7,74.7,74.7,maintenance,lightly active,2,7.2,1.92,1943,Low
32,female,165.4,67.8,60.6,fat loss,extremely active,4,7.1,3.74,1987,High
69,male,175.5,75.9,70.7,fat loss,moderately active,6,7.2,2.5,1916,High
29,male,168.6,51.9,51.9,endurance,lightly active,1,6.0,2.66,2048,Moderate
31,female,161.7,73.6,76.8,muscle gain,extremely active,6,7.3,2.88,3084,High
54,male,175.0,61.9,59.3,fat loss,sedentary,3,7.0,1.88,1221,Low
58,female,155.4,70.5,73.1,muscle gain,extremely active,6,8.6,2.19,2465,High
22,female,153.5,76.9,76.9,maintenance,sedentary,5,7.8,2.05,1775,Low
46,female,166.6,70.0,70.0,maintenance,extremely active,1,5.3,2.73,2728,High
34,female,152.3,76.4,76.4,recomposition,moderately active,6,6.0,2.76,2023,High
49,male,177.9,96.8,96.8,endurance,moderately active,1,6.3,2.08,3124,High
46,male,167.3,72.5,76.7,muscle gain,very active,2,7.2,3.92,2721,High
69,male,167.3,65.0,70.0,muscle gain,very active,4,6.8,2.48,2549,High
66,male,180.9,85.1,74.6,fat loss,lightly active,6,6.8,2.57,1853,Moderate
51,male,178.7,77.0,72.7,fat loss,sedentary,2,10.0,3.44,1566,Low
52,female,151.8,69.7,65.3,fat loss,extremely active,4,6.4,1.89,1947,High
64,male,170.7,65.8,58.7,fat loss,moderately active,1,8.7,2.14,1721,Moderate
25,female,145.4,70.7,70.7,maintenance,lightly active,3,6.8,2.7,1801,Moderate
55,female,172.8,72.9,72.9,recomposition,extremely active,2,4.4,1.47,2575,High
57,female,148.7,73.7,73.7,endurance,sedentary,3,7.2,2.33,1488,Low
22,male,172.1,82.6,91.7,muscle gain,extremely active,5,8.3,3.94,3615,High
63,female,160.3,56.0,58.4,muscle gain,sedentary,5,7.8,3.78,1500,Moderate
53,male,165.5,68.1,68.1,recomposition,very active,5,7.3,3.13,2247,High
34,male,170.3,86.4,86.4,recomposition,sedentary,1,7.0,3.33,2181,Low
42,male,175.7,75.4,75.4,recomposition,sedentary,5,6.4,2.85,1670,Low
42,male,178.2,88.6,75.5,fat loss,lightly active,4,8.1,2.2,1939,High
65,male,174.3,85.9,73.4,fat loss,sedentary,1,6.5,3.65,1716,Low
68,male,176.7,61.5,61.5,maintenance,sedentary,6,6.2,1.84,1858,Low
59,female,160.0,68.4,68.4,maintenance,very active,5,7.5,3.18,2107,High
51,male,173.9,62.6,67.2,muscle gain,very active,5,6.6,2.14,3013,High
21,male,172.9,69.3,69.3,endurance,lightly active,3,8.5,2.19,2529,High
65,female,156.7,41.4,38.2,fat loss,very active,5,7.6,2.88,1215,High
23,female,160.7,76.1,87.5,muscle gain,lightly active,2,6.1,3.92,2358,Moderate
25,female,163.7,68.4,68.4,recomposition,lightly active,5,5.6,3.5,1760,Moderate
19,male,176.4,82.1,82.1,maintenance,extremely active,4,6.3,2.74,3157,High
67,female,159.6,62.7,69.7,muscle gain,moderately active,4,9.8,2.54,2018,High
42,female,173.7,73.3,73.3,maintenance,sedentary,5,6.7,3.05,1796,Low
28,male,177.8,96.6,96.6,maintenance,very active,2,7.9,3.46,3112,High
20,male,185.3,74.3,85.5,muscle gain,lightly active,1,5.4,1.27,2758,Moderate
38,female,161.8,83.5,83.5,recomposition,sedentary,4,5.7,2.41,1583,Low
55,male,172.1,98.6,98.6,recomposition,lightly active,5,6.8,1.76,2276,High
69,male,176.6,105.0,99.9,fat loss,lightly active,2,9.0,2.35,1943,Low
45,female,166.0,70.1,64.9,fat loss,sedentary,4,5.5,1.62,1356,Low
48,female,164.8,71.3,71.3,endurance,very active,6,6.2,1.24,2358,High
61,female,150.5,62.8,65.3,muscle gain,lightly active,4,8.1,1.58,1569,High
64,female,175.6,61.9,58.4,fat loss,sedentary,1,8.9,2.11,1308,Low
31,female,173.2,79.3,79.3,maintenance,sedentary,6,7.5,2.91,1927,Moderate
69,male,171.3,81.6,88.0,muscle gain,very active,6,7.8,1.93,3149,High
44,male,184.2,78.5,78.5,endurance,moderately active,5,5.9,1.89,2904,High
66,female,164.6,55.5,55.5,endurance,extremely active,4,5.4,2.78,2303,High
22,male,176.1,59.6,54.3,fat loss,moderately active,4,5.6,2.7,2025,High
21,male,179.0,77.5,68.3,fat loss,very active,4,6.0,3.69,2544,High
63,female,159.7,82.1,82.1,recomposition,moderately active,3,7.3,3.15,1993,Moderate
52,female,174.4,58.9,62.2,muscle gain,moderately active,4,5.5,1.78,2126,High
25,male,176.9,88.6,75.8,fat loss,extremely active,4,7.3,2.03,2996,High
64,male,164.1,85.5,85.5,maintenance,very active,5,6.6,3.02,2658,High
21,female,171.9,59.9,59.9,recomposition,moderately active,6,6.3,1.88,2087,High
52,male,174.7,55.4,55.4,endurance,extremely active,5,8.1,2.27,2836,High
27,female,164.9,54.5,54.5,maintenance,very active,6,5.8,1.3,2268,High
19,female,170.6,79.1,79.1,recomposition,extremely active,3,8.7,1.59,2714,High
59,female,159.1,77.9,77.9,maintenance,very active,5,8.0,3.38,2300,High
61,male,184.4,79.9,79.9,recomposition,very active,3,5.8,2.62,2541,High
21,female,152.8,59.8,59.8,endurance,moderately active,5,8.4,2.06,2117,High
21,male,172.6,110.4,110.4,endurance,extremely active,2,5.7,2.16,4349,High
49,female,165.7,85.1,85.1,recomposition,lightly active,5,8.6,3.7,2143,Moderate
17,male,178.4,94.5,94.5,endurance,moderately active,1,7.4,2.04,3334,Moderate
56,male,178.2,67.0,63.6,fat loss,extremely active,5,5.1,2.83,2412,High
65,female,153.0,79.4,79.4,recomposition,lightly active,2,5.4,3.11,1544,Low
56,male,179.3,88.7,88.7,endurance,moderately active,2,6.5,3.51,2911,Moderate
28,female,183.1,53.0,53.0,endurance,sedentary,3,8.0,1.9,1615,Low
26,female,166.7,59.3,67.8,muscle gain,moderately active,3,6.8,1.52,2501,High
52,male,168.0,93.4,93.4,maintenance,lightly active,1,6.8,1.73,2225,Low
19,male,172.8,71.6,71.6,recomposition,moderately active,4,7.0,3.01,2365,Moderate
45,female,153.0,64.7,58.7,fat loss,lightly active,1,4.6,3.89,1400,Low
40,male,177.8,84.4,84.4,recomposition,extremely active,4,8.0,3.04,3497,High
56,male,177.8,64.6,73.5,muscle gain,extremely active,3,8.6,2.04,3354,High
26,male,173.5,76.2,76.2,endurance,moderately active,4,7.9,3.33,2742,High
57,male,172.4,65.6,65.6,recomposition,very active,1,6.5,2.17,2241,Moderate
53,female,154.4,81.4,89.4,muscle gain,moderately active,6,5.9,1.92,2289,High
28,male,180.1,67.3,64.3,fat loss,lightly active,1,5.7,2.27,1844,Low
35,female,160.8,66.1,66.1,recomposition,moderately active,6,5.6,2.09,1949,High
19,male,168.0,60.5,60.5,maintenance,moderately active,3,9.7,2.01,2276,Moderate
40,female,161.7,70.9,70.9,recomposition,very active,5,6.9,3.36,2398,High
30,male,170.4,63.5,56.8,fat loss,very active,4,8.1,2.14,2314,High
22,male,178.3,75.9,75.9,maintenance,lightly active,5,8.0,1.39,2707,Moderate
46,female,164.9,67.9,67.9,recomposition,very active,4,7.2,2.91,1946,High
46,male,186.0,85.1,85.1,endurance,extremely active,5,5.9,1.83,3395,High
20,male,172.1,55.2,58.9,muscle gain,moderately active,4,7.6,1.85,2701,High
26,female,171.5,90.4,99.0,muscle gain,extremely active,5,5.7,2.99,3586,High
20,male,179.2,69.5,69.5,recomposition,moderately active,4,7.7,1.99,2464,High
52,male,168.9,87.5,99.2,muscle gain,sedentary,2,5.8,2.18,2136,Low
34,male,174.5,76.3,76.3,endurance,sedentary,6,6.5,2.53,2000,Low
19,female,151.4,59.7,59.7,recomposition,lightly active,6,6.5,2.3,1886,High
26,female,162.1,74.4,74.4,endurance,moderately active,5,8.7,2.2,2182,High
68,female,165.2,67.3,59.4,fat loss,extremely active,2,4.1,0.86,1660,High
29,female,156.7,71.3,66.3,fat loss,lightly active,3,9.8,2.38,1416,Low
52,male,170.8,74.4,74.4,endurance,lightly active,5,6.0,3.63,2273,Moderate
41,male,179.0,81.5,89.6,muscle gain,very active,2,6.9,2.94,3295,High
25,male,177.2,76.5,85.8,muscle gain,lightly active,1,7.5,2.24,2766,Moderate
32,male,165.2,69.3,77.1,muscle gain,moderately active,3,7.4,2.83,2611,High
16,male,178.6,54.6,54.6,maintenance,lightly active,4,8.0,2.94,2194,Moderate
56,female,174.0,59.3,59.3,endurance,lightly active,6,7.7,1.91,1799,High
34,female,169.2,74.4,74.4,recomposition,sedentary,2,9.4,3.38,1835,Low
42,female,174.4,83.5,77.0,fat loss,moderately active,2,7.9,2.61,2133,Moderate
24,female,163.1,98.5,98.5,endurance,moderately active,5,6.9,2.28,2779,High
60,female,161.5,62.4,62.4,maintenance,sedentary,6,6.3,3.61,1479,Low
27,male,175.9,60.3,60.3,recomposition,very active,6,6.3,1.05,2602,High
46,female,165.4,74.8,77.9,muscle gain,lightly active,4,8.6,1.68,2241,High
63,female,161.6,92.3,86.3,fat loss,very active,1,9.1,2.95,2057,Low
54,male,170.7,72.3,72.3,maintenance,sedentary,4,8.2,2.97,1911,Low
48,male,178.2,71.2,79.8,muscle gain,sedentary,1,3.2,3.65,2247,Low
63,female,162.1,66.2,57.0,fat loss,sedentary,5,4.3,0.92,1180,Low
25,male,158.0,75.0,75.0,recomposition,moderately active,6,7.0,3.1,2401,High
68,female,151.9,80.0,80.0,endurance,sedentary,4,6.8,1.63,1671,Low
46,female,181.8,75.7,75.7,endurance,lightly active,2,7.0,2.79,2151,Low
38,male,179.9,94.3,99.5,muscle gain,moderately active,2,8.5,2.45,3155,Moderate
29,male,174.0,79.5,79.5,recomposition,very active,5,8.4,3.09,2589,High
56,male,162.0,81.8,81.8,maintenance,very active,5,7.2,2.34,2752,High
68,male,179.7,48.7,48.7,maintenance,moderately active,5,5.2,3.21,2059,Moderate
53,male,171.0,93.3,93.3,recomposition,sedentary,1,5.5,1.92,1780,Low
17,female,169.1,80.9,91.8,muscle gain,extremely active,5,7.1,2.44,3320,High
41,male,173.5,95.7,102.2,muscle gain,very active,6,7.5,2.63,3718,High
55,male,176.7,82.2,82.2,maintenance,extremely active,1,5.5,3.67,3120,High
37,male,169.6,72.1,72.1,recomposition,extremely active,3,7.8,3.08,2899,High
57,female,162.2,79.1,79.1,maintenance,very active,5,4.9,2.64,2472,High
54,male,166.7,110.4,121.2,muscle gain,extremely active,4,3.8,2.95,3977,High
19,male,190.7,91.2,78.5,fat loss,moderately active,6,5.9,3.26,2555,High
46,female,162.5,72.3,72.3,maintenance,moderately active,5,8.6,2.76,1953,Moderate
25,male,186.4,105.5,96.9,fat loss,moderately active,3,8.8,1.78,2659,Moderate
42,male,183.9,83.1,83.1,maintenance,moderately active,4,5.1,2.94,2531,High
36,male,174.4,98.9,98.9,recomposition,moderately active,5,5.2,2.48,2586,High
59,male,183.2,73.3,73.3,maintenance,lightly active,5,7.9,2.25,2118,Moderate
62,male,174.3,90.3,90.3,maintenance,very active,2,6.5,1.95,3007,Moderate
40,female,164.4,80.5,85.7,muscle gain,lightly active,6,8.6,2.91,2273,High
44,male,185.5,72.9,75.2,muscle gain,extremely active,6,7.9,2.86,3392,High
49,male,182.9,81.4,81.4,endurance,very active,2,8.1,1.83,3274,High
51,male,174.8,62.3,62.3,endurance,extremely active,2,6.0,1.73,2980,High
50,female,162.0,74.0,67.8,fat loss,very active,3,7.5,3.82,1967,High
58,female,165.9,45.9,51.6,muscle gain,moderately active,2,9.4,3.1,1717,High
69,male,162.3,52.2,58.2,muscle gain,lightly active,2,7.2,2.56,2001,Moderate
60,male,181.6,73.6,73.6,recomposition,very active,2,6.9,2.92,2828,High
23,male,163.8,75.2,64.7,fat loss,moderately active,5,6.5,2.17,2179,High
41,male,177.0,91.9,91.9,recomposition,lightly active,6,5.1,2.38,2454,Moderate
40,male,169.1,84.0,75.7,fat loss,sedentary,1,5.7,2.52,1682,Low
43,male,165.0,100.3,100.3,endurance,sedentary,4,5.9,3.18,2344,Moderate
44,female,159.2,70.4,65.2,fat loss,lightly active,2,5.0,1.51,1330,Low
54,male,172.7,72.2,72.2,endurance,very active,2,5.1,1.79,2683,High
38,male,180.9,79.2,79.2,endurance,extremely active,4,4.1,1.64,3445,High
30,male,166.1,75.1,75.1,recomposition,extremely active,1,6.1,3.1,2784,High
40,female,155.5,56.5,56.5,endurance,moderately active,1,7.8,2.43,2078,High
62,female,171.1,70.6,70.6,maintenance,extremely active,6,6.6,1.86,2553,High
32,male,159.7,71.2,71.2,recomposition,sedentary,3,6.6,2.34,1962,Low
17,male,187.6,80.1,80.1,recomposition,extremely active,1,7.9,2.06,3580,High
68,female,168.3,71.3,65.3,fat loss,extremely active,6,9.0,1.5,1760,High
26,female,178.3,60.0,60.0,endurance,moderately active,4,9.7,3.38,2498,High
48,male,169.2,84.4,84.4,recomposition,sedentary,5,7.2,2.4,1848,Low
59,female,157.9,89.4,89.4,maintenance,very active,4,6.7,3.4,2659,Moderate
30,female,166.3,46.0,52.4,muscle gain,sedentary,3,6.5,1.49,1742,Low
34,male,171.4,87.4,87.4,recomposition,very active,5,7.7,2.85,3154,High
31,female,159.8,84.1,84.1,endurance,lightly active,3,6.8,1.49,2342,High
24,male,174.9,64.4,56.2,fat loss,moderately active,5,6.8,4.21,2064,Moderate
24,male,171.0,95.9,95.9,endurance,extremely active,6,6.9,1.29,3814,High
26,male,171.3,93.1,93.1,maintenance,sedentary,6,5.9,3.76,2507,Moderate
40,male,177.1,77.4,77.4,recomposition,sedentary,4,4.2,2.49,1953,Low
44,female,155.3,61.9,59.5,fat loss,moderately active,1,6.2,2.37,1464,Low
16,male,178.2,64.8,55.4,fat loss,very active,1,8.7,2.91,2389,Moderate
61,male,171.7,61.2,61.2,recomposition,lightly active,3,8.7,1.84,1934,Low
52,male,175.9,69.5,76.3,muscle gain,sedentary,4,8.1,3.05,2207,Moderate
19,female,157.2,58.3,61.4,muscle gain,very active,1,6.4,3.1,2365,High
61,female,166.2,52.3,52.3,recomposition,very active,3,6.1,2.51,1912,High
17,female,178.3,70.4,74.0,muscle gain,extremely active,3,8.9,2.68,3484,High
46,male,162.5,82.1,88.4,muscle gain,extremely active,3,5.7,3.85,3358,High
41,female,145.0,61.9,66.2,muscle gain,very active,4,7.0,2.96,2129,High
43,female,181.6,40.0,43.2,muscle gain,sedentary,2,9.0,1.95,1691,Low
67,female,150.1,78.8,78.8,recomposition,lightly active,4,7.1,3.03,1754,Low
66,male,161.3,93.2,82.3,fat loss,very active,3,6.6,2.12,2439,Moderate
31,female,155.1,69.0,69.0,endurance,moderately active,6,8.4,1.99,2015,High
47,male,185.2,81.2,81.2,recomposition,sedentary,2,7.1,2.86,1958,Low
67,male,169.5,75.9,65.1,fat loss,moderately active,6,7.2,1.79,1852,Moderate
55,male,173.5,98.2,98.2,maintenance,very active,6,8.8,2.53,3378,High
63,male,177.3,109.4,96.7,fat loss,very active,2,3.9,2.97,2738,Moderate
39,male,176.3,63.3,59.0,fat loss,extremely active,3,7.4,3.84,2317,High
31,male,186.0,51.6,51.6,recomposition,sedentary,5,6.1,2.95,1759,Low
43,male,178.1,88.0,93.0,muscle gain,extremely active,3,6.8,1.47,3957,High
60,female,162.0,75.1,75.1,maintenance,moderately active,5,7.1,1.58,2109,High
66,male,172.5,107.4,123.4,muscle gain,lightly active,2,6.2,3.71,3097,Low
53,female,158.8,65.0,67.6,muscle gain,extremely active,6,7.3,2.06,2815,High
54,female,154.7,82.2,82.2,recomposition,sedentary,5,7.5,1.44,1664,Low
43,female,166.6,65.0,65.0,recomposition,sedentary,1,7.2,1.8,1431,Low
33,female,167.2,68.3,58.2,fat loss,very active,2,7.1,3.06,1853,High
38,male,172.3,92.3,92.3,endurance,very active,4,6.9,2.58,3092,High
42,female,156.5,64.5,64.5,maintenance,sedentary,2,6.9,2.95,1541,Low
60,female,164.0,96.1,107.5,muscle gain,extremely active,3,7.1,2.48,3154,High
45,male,167.0,84.2,72.0,fat loss,extremely active,4,5.9,1.73,2622,High
58,male,180.4,78.6,78.6,maintenance,very active,3,8.5,1.25,2934,Moderate
17,female,173.3,62.1,62.1,recomposition,lightly active,6,6.9,1.92,1933,High
56,male,183.1,101.9,89.2,fat loss,extremely active,4,6.5,2.59,3027,High
43,male,172.3,69.4,76.2,muscle gain,sedentary,3,7.5,1.67,2020,Low
69,female,165.7,60.8,60.8,endurance,very active,2,6.9,3.19,1881,High
41,female,161.8,72.1,61.6,fat loss,extremely active,2,8.5,1.8,1992,High
41,male,180.2,68.0,68.0,endurance,moderately active,1,8.1,1.34,2750,Moderate
22,female,166.3,71.0,77.9,muscle gain,lightly active,1,7.1,2.5,2532,Moderate
59,male,163.4,56.2,56.2,maintenance,moderately active,5,8.1,3.03,2186,High
53,female,163.2,56.7,56.7,recomposition,sedentary,5,7.3,3.54,1310,Low
62,female,162.6,77.2,77.2,endurance,sedentary,1,5.6,1.37,1759,Low
21,male,180.5,68.4,68.4,recomposition,lightly active,4,8.1,3.5,2055,Moderate
27,male,179.8,53.7,59.3,muscle gain,sedentary,2,4.7,2.63,2253,Low
63,female,168.8,78.8,70.6,fat loss,very active,5,3.0,2.07,1950,Moderate
18,male,168.6,77.6,77.6,recomposition,very active,4,7.8,2.98,3002,High
43,male,179.6,70.0,70.0,maintenance,extremely active,5,7.5,3.45,2720,High
37,male,172.9,66.5,66.5,recomposition,lightly active,4,7.5,1.32,2107,Low
66,female,164.0,78.1,78.1,endurance,extremely active,2,8.7,2.2,2921,High
62,male,173.8,86.6,86.6,endurance,lightly active,4,7.0,2.12,2427,Moderate
64,female,161.3,82.2,82.2,maintenance,moderately active,6,6.5,2.94,2086,Moderate
31,female,156.2,56.5,56.5,recomposition,extremely active,6,8.0,3.52,2184,High
47,male,177.0,79.2,79.2,recomposition,lightly active,5,6.1,2.55,2091,High
53,female,167.8,61.8,54.2,fat loss,sedentary,3,6.7,2.3,1201,Low
68,female,164.3,84.6,96.3,muscle gain,extremely active,4,7.3,2.81,2715,High
16,male,183.3,81.0,71.9,fat loss,lightly active,1,7.4,2.34,2131,Low
68,female,158.2,74.1,82.3,muscle gain,lightly active,4,6.6,0.98,2024,Moderate
35,male,178.7,67.5,64.2,fat loss,very active,1,6.4,2.86,2187,High
22,male,175.3,67.1,67.1,endurance,moderately active,2,5.7,3.19,2775,High
49,male,175.9,56.7,56.7,endurance,sedentary,4,6.1,3.25,1796,Moderate
58,female,156.7,72.5,72.5,recomposition,extremely active,3,9.2,1.69,2323,High
23,female,165.0,62.5,62.5,maintenance,moderately active,3,6.7,2.93,2263,Moderate
18,male,175.6,81.2,73.2,fat loss,lightly active,4,7.2,3.57,2063,High
64,female,162.1,82.8,82.8,maintenance,sedentary,6,5.2,4.27,1721,Low
66,female,172.9,63.0,53.6,fat loss,very active,6,10.0,2.84,1741,High
24,female,157.5,91.0,83.3,fat loss,very active,4,6.0,3.19,2348,High
64,female,162.1,72.5,62.5,fat loss,very active,4,5.6,1.81,1773,High
65,male,181.0,73.4,73.4,maintenance,very active,3,6.9,1.71,2727,Moderate
69,female,170.6,67.0,67.0,recomposition,extremely active,6,5.9,3.19,2319,High
27,male,167.2,94.3,94.3,maintenance,very active,6,7.4,1.07,3201,High
47,male,181.8,82.4,82.4,recomposition,lightly active,1,5.2,2.61,2328,Low
69,male,174.4,99.1,99.1,maintenance,lightly active,5,8.4,3.5,2273,Low
64,female,156.7,50.3,50.3,endurance,lightly active,1,8.1,3.0,1293,Moderate
48,female,170.7,52.4,55.7,muscle gain,very active,5,6.9,2.99,2318,High
26,male,185.2,76.9,81.7,muscle gain,sedentary,3,5.0,2.47,2312,Moderate
20,male,176.8,79.8,68.4,fat loss,lightly active,4,6.0,2.21,2225,Moderate
29,male,180.0,88.6,100.0,muscle gain,moderately active,5,7.1,4.01,3101,High
19,female,157.8,90.6,80.6,fat loss,moderately active,2,5.5,3.36,2128,Moderate
26,male,184.8,78.6,69.4,fat loss,sedentary,1,5.7,3.09,1674,Low
20,female,176.3,78.2,78.2,endurance,sedentary,4,8.3,2.52,2047,Moderate
57,male,165.7,94.7,94.7,maintenance,extremely active,6,7.2,2.09,3027,High
47,male,189.1,59.8,59.8,recomposition,sedentary,1,7.1,3.26,1643,Low
43,female,163.9,57.2,62.2,muscle gain,sedentary,3,7.6,2.29,1673,Low
59,male,171.4,54.2,54.2,recomposition,sedentary,4,6.8,2.56,1477,Low
38,male,167.8,65.6,65.6,maintenance,lightly active,2,6.9,2.93,2188,Low
37,male,178.5,84.4,84.4,endurance,lightly active,6,7.5,2.65,2768,High
27,female,162.5,89.8,89.8,recomposition,extremely active,4,8.0,3.58,2648,High
40,male,177.3,75.6,75.6,maintenance,sedentary,4,7.6,1.58,2134,Low
25,male,180.2,95.7,95.7,recomposition,sedentary,1,8.8,2.55,2109,Low
47,male,171.0,99.0,99.0,recomposition,sedentary,1,7.0,4.0,2043,Low
69,female,153.4,61.2,61.2,endurance,very active,1,5.4,3.13,1766,High
44,female,163.9,60.1,60.1,maintenance,extremely active,1,8.3,2.36,2170,High
32,female,157.7,61.6,61.6,endurance,sedentary,4,6.7,3.06,1425,Moderate
53,male,176.0,88.8,76.6,fat loss,moderately active,6,6.1,2.47,2091,High
60,female,151.7,70.1,62.1,fat loss,lightly active,5,7.9,3.53,1312,Moderate
41,male,173.2,105.1,117.2,muscle gain,very active,2,7.4,3.07,3652,High
29,female,155.6,67.7,67.7,endurance,very active,2,5.5,1.89,2172,High
54,female,163.3,82.5,82.5,endurance,lightly active,4,7.8,2.67,1803,Moderate
26,female,160.6,60.3,60.3,maintenance,very active,5,9.2,2.79,2271,High
69,female,175.0,52.4,52.4,maintenance,sedentary,5,7.4,2.83,1397,Low
33,female,164.2,64.0,64.0,maintenance,moderately active,4,6.7,2.72,2108,High
34,male,178.9,87.6,94.2,muscle gain,extremely active,2,5.0,2.9,4329,High
55,female,166.9,79.2,79.2,maintenance,extremely active,3,9.5,2.79,2652,High
16,female,173.0,87.0,87.0,endurance,sedentary,5,6.4,2.0,2196,Moderate
26,female,161.5,71.8,71.8,recomposition,sedentary,6,5.3,2.18,1635,Moderate
22,female,165.4,77.8,70.6,fat loss,extremely active,1,7.1,2.32,2232,High
37,male,176.4,88.4,98.9,muscle gain,lightly active,5,8.2,2.57,2755,High
45,female,169.3,57.9,57.9,recomposition,very active,5,8.5,2.32,2153,High
25,male,176.4,109.2,109.2,maintenance,moderately active,2,6.2,3.27,3385,Moderate
34,female,160.7,104.0,104.0,recomposition,moderately active,1,6.9,1.83,2577,Low
57,female,161.9,79.1,79.1,recomposition,lightly active,2,7.0,1.29,1941,Low
66,male,175.2,89.1,96.3,muscle gain,very active,2,8.2,3.88,3297,High
16,female,172.4,79.6,79.6,maintenance,lightly active,1,7.7,1.93,2289,Low
49,female,158.8,50.6,44.6,fat loss,very active,2,7.3,3.27,1644,High
17,female,157.8,59.6,59.6,recomposition,lightly active,2,8.1,2.93,1671,Moderate
44,male,183.0,99.3,99.3,maintenance,extremely active,6,5.4,1.95,3964,High
63,male,175.6,85.5,93.2,muscle gain,very active,1,7.5,2.41,2988,High
59,female,156.5,63.2,63.2,recomposition,moderately active,4,7.3,2.3,1672,High
28,female,168.7,69.2,69.2,endurance,sedentary,2,6.9,2.75,1621,Low
29,female,166.8,64.0,64.0,endurance,lightly active,6,6.7,1.96,2017,High
58,female,159.2,46.9,40.0,fat loss,very active,3,7.2,2.38,1509,Moderate
60,male,162.3,101.3,101.3,endurance,moderately active,4,6.3,2.47,2661,High
31,female,152.8,45.1,45.1,maintenance,sedentary,3,10.0,3.27,1286,Low
16,male,189.4,77.0,73.7,fat loss,sedentary,5,8.6,2.21,1780,Moderate
40,female,165.2,50.9,58.1,muscle gain,very active,5,8.3,1.82,2251,High
49,female,148.5,56.6,61.6,muscle gain,lightly active,4,6.4,2.12,1570,Moderate
39,female,174.1,70.6,74.6,muscle gain,moderately active,3,5.9,2.76,2502,High
66,female,169.8,84.1,84.1,recomposition,very active,3,6.7,1.26,2531,Moderate
59,male,181.9,82.0,82.0,maintenance,extremely active,2,7.1,3.34,3072,High
58,male,189.1,84.8,84.8,recomposition,lightly active,4,5.3,2.51,2311,Moderate
17,male,185.4,79.4,79.4,endurance,very active,2,7.6,2.8,3437,High
62,female,179.9,60.1,55.8,fat loss,extremely active,2,8.3,2.65,1861,High
56,male,175.2,103.3,103.3,endurance,extremely active,3,4.3,2.03,3758,High
37,female,154.2,78.0,72.9,fat loss,extremely active,6,5.9,1.74,2076,High
47,male,169.7,71.4,64.1,fat loss,sedentary,3,8.5,2.01,1520,Moderate
60,male,164.9,99.0,91.0,fat loss,sedentary,6,7.4,1.45,1650,Low
64,male,167.1,93.7,87.6,fat loss,extremely active,4,6.0,2.74,2319,High
45,male,175.3,83.8,91.7,muscle gain,lightly active,1,7.9,2.39,2354,Moderate
18,male,173.0,90.8,90.8,endurance,lightly active,4,6.3,1.43,2397,High
49,male,164.7,63.8,63.8,recomposition,moderately active,6,6.7,2.07,2050,High
52,female,163.1,66.7,66.7,maintenance,very active,6,5.6,2.96,2292,High
19,female,159.9,53.8,53.8,endurance,sedentary,2,7.0,3.41,1544,Low
60,female,162.6,66.7,66.7,maintenance,very active,2,8.2,1.6,2077,Moderate
26,male,172.4,66.0,58.9,fat loss,sedentary,5,6.4,4.01,1487,Moderate
64,female,158.9,75.9,72.0,fat loss,lightly active,3,7.8,1.83,1328,Moderate
45,female,158.7,82.0,82.0,maintenance,extremely active,5,6.9,1.31,3067,High
33,female,157.9,81.1,83.7,muscle gain,sedentary,4,8.3,3.73,1883,Low
19,male,161.7,60.7,64.6,muscle gain,sedentary,2,6.4,1.77,1887,Low
16,female,168.4,82.6,91.1,muscle gain,moderately active,2,8.9,3.57,2690,Moderate
56,female,156.5,54.7,56.8,muscle gain,lightly active,1,7.8,2.03,1677,Low
36,male,175.7,64.8,64.8,endurance,lightly active,2,7.3,2.29,2190,Low
61,male,177.8,71.5,67.4,fat loss,moderately active,5,7.3,1.59,1925,Moderate
28,female,178.1,41.6,36.8,fat loss,sedentary,2,6.4,3.39,1127,Low
65,male,168.6,94.3,102.3,muscle gain,sedentary,3,6.4,3.3,2174,Low
66,male,174.9,84.9,84.9,recomposition,extremely active,2,7.3,2.04,2795,High
21,female,163.6,69.5,76.6,muscle gain,extremely active,3,5.6,2.45,3072,High
50,male,185.9,84.2,89.1,muscle gain,moderately active,6,6.3,2.96,3184,High
66,male,172.7,51.2,51.2,recomposition,extremely active,5,5.9,2.17,2398,High
33,male,174.6,66.2,66.2,recomposition,extremely active,5,7.7,3.45,3119,High
19,female,166.2,88.1,88.1,recomposition,lightly active,2,7.7,2.43,2002,Low
63,male,173.6,69.5,69.5,recomposition,sedentary,2,8.5,2.14,1571,Low
41,female,167.1,80.7,80.7,recomposition,lightly active,1,6.6,1.39,1833,Moderate
17,male,179.5,83.4,83.4,maintenance,extremely active,6,6.0,1.59,3563,High
61,female,174.1,82.6,82.6,maintenance,extremely active,6,5.2,2.91,2574,High
52,female,172.3,62.7,62.7,recomposition,very active,3,7.3,2.66,2015,High
19,female,179.3,88.6,93.6,muscle gain,very active,5,8.7,3.07,3521,High
29,female,171.5,62.0,68.8,muscle gain,lightly active,2,6.9,2.11,2271,Moderate
16,male,171.0,67.1,76.9,muscle gain,moderately active,4,7.0,1.35,3010,High
67,female,168.9,61.9,61.9,endurance,lightly active,1,7.0,2.15,1734,Low
17,female,168.0,70.5,62.7,fat loss,lightly active,2,7.3,3.93,1594,Moderate
58,female,176.4,63.0,67.2,muscle gain,very active,3,8.2,1.82,2479,High
43,female,156.2,74.3,64.8,fat loss,moderately active,6,9.3,2.47,1780,High
47,female,166.9,61.7,65.1,muscle gain,moderately active,3,7.6,0.81,2282,High
59,male,168.9,75.6,86.8,muscle gain,lightly active,2,7.7,2.14,2468,Moderate
64,male,173.2,63.6,63.6,maintenance,very active,1,6.7,2.21,2559,Moderate
22,male,181.6,83.5,83.5,endurance,moderately active,2,6.9,2.73,2976,High
16,male,185.4,81.4,81.4,maintenance,sedentary,2,6.9,2.28,2364,Low
22,female,153.1,82.7,82.7,endurance,very active,2,6.6,1.44,2678,High
52,female,168.6,95.8,108.3,muscle gain,lightly active,1,7.2,2.04,2537,Moderate
46,male,190.3,97.8,97.8,recomposition,moderately active,5,7.7,2.36,3071,High
20,male,175.7,70.8,64.4,fat loss,extremely active,3,7.1,1.8,2843,High
28,female,176.7,58.8,58.8,recomposition,very active,2,6.7,1.9,2361,High
45,female,160.3,60.1,60.1,recomposition,sedentary,4,7.2,3.2,1420,Moderate
55,female,165.4,55.6,55.6,recomposition,very active,2,5.8,2.06,2048,Moderate
34,female,163.7,40.0,40.0,endurance,lightly active,5,8.0,2.81,1495,High
67,female,164.4,81.3,81.3,recomposition,very active,4,6.5,2.38,2394,High
69,female,178.6,43.8,43.8,maintenance,lightly active,6,5.6,1.64,1453,Moderate
57,male,167.8,64.2,64.2,recomposition,moderately active,4,7.6,2.27,2095,High
40,female,159.0,96.4,110.1,muscle gain,very active,3,7.6,2.7,3001,High
63,male,181.4,70.3,72.8,muscle gain,sedentary,1,6.0,3.72,1908,Low
55,male,174.1,100.1,100.1,endurance,sedentary,1,7.7,1.96,2494,Low
44,male,171.5,62.5,62.5,endurance,very active,4,7.8,2.44,2749,High
39,male,182.1,58.5,58.5,endurance,sedentary,1,9.4,3.14,1889,Moderate
60,male,182.7,87.7,87.7,recomposition,extremely active,3,6.7,3.38,3177,High
46,female,150.4,66.3,75.7,muscle gain,moderately active,1,6.9,2.05,2062,High
25,female,160.5,82.6,93.4,muscle gain,sedentary,3,6.3,2.39,1862,Low
69,male,166.5,87.8,93.6,muscle gain,very active,6,7.6,3.28,3017,High
19,female,171.3,46.8,46.8,maintenance,extremely active,1,7.0,2.86,2231,High
53,male,175.9,79.3,87.7,muscle gain,sedentary,6,8.2,3.22,2225,Moderate
51,male,175.2,60.3,60.3,recomposition,extremely active,6,6.5,3.32,2862,High
47,female,156.7,69.0,65.4,fat loss,moderately active,6,7.6,2.89,1518,High
18,male,170.0,70.2,70.2,endurance,very active,5,6.7,2.6,3186,High
42,female,172.7,69.6,69.6,maintenance,lightly active,2,4.8,2.03,1857,Moderate
64,female,165.8,101.0,106.1,muscle gain,sedentary,1,7.8,2.33,2101,Low
28,male,161.2,54.8,54.8,maintenance,extremely active,6,4.9,2.38,2557,High
53,male,167.9,73.7,73.7,maintenance,very active,3,6.8,3.34,2731,High
62,female,170.4,75.8,75.8,maintenance,lightly active,3,6.8,2.62,2009,Low
67,female,175.5,70.7,76.4,muscle gain,lightly active,1,7.0,2.63,2037,Low
43,female,165.3,68.6,75.6,muscle gain,very active,1,7.1,1.8,2678,High
32,male,175.2,75.4,78.7,muscle gain,lightly active,4,7.0,3.34,2692,Moderate
53,male,186.5,70.7,64.8,fat loss,very active,3,7.4,1.96,2192,High
42,female,160.1,70.8,81.1,muscle gain,sedentary,5,6.9,2.3,1939,Moderate
49,female,160.5,61.4,61.4,maintenance,extremely active,6,10.0,3.42,2230,High
56,male,177.1,99.9,89.1,fat loss,very active,1,6.6,3.12,2288,High
54,female,165.0,82.8,82.8,maintenance,lightly active,6,5.5,1.91,1855,Moderate
29,female,170.0,60.6,60.6,maintenance,moderately active,6,5.3,1.74,2190,Moderate
56,male,174.2,78.1,70.2,fat loss,sedentary,4,7.8,2.36,1495,Low
45,male,183.6,83.2,83.2,maintenance,moderately active,3,5.1,2.1,2742,Moderate
66,female,159.5,58.5,58.5,recomposition,lightly active,1,5.5,1.47,1405,Low
51,female,159.1,54.5,54.5,recomposition,lightly active,2,5.4,1.97,1483,Low
64,male,179.9,101.4,115.8,muscle gain,extremely active,5,7.5,0.58,4135,High
68,male,159.3,94.7,94.7,maintenance,moderately active,1,8.6,3.13,2720,Low
69,female,176.7,68.3,63.8,fat loss,sedentary,6,5.9,3.09,1159,Low
56,male,169.2,61.2,69.4,muscle gain,moderately active,1,7.5,3.49,2556,Moderate
48,female,163.8,46.0,46.0,recomposition,sedentary,5,3.8,2.75,1249,Moderate
22,female,153.5,78.3,78.3,maintenance,moderately active,6,6.1,2.19,2113,High
36,female,164.5,59.2,59.2,endurance,very active,2,7.7,3.22,2386,High
41,male,173.8,72.7,72.7,recomposition,sedentary,3,6.6,2.01,2043,Moderate
58,male,175.2,70.2,70.2,endurance,sedentary,4,8.2,1.57,1821,Low
47,male,178.8,99.5,99.5,maintenance,lightly active,5,4.3,2.4,2553,Moderate
39,female,165.7,48.3,44.0,fat loss,moderately active,1,6.1,2.79,1303,Moderate
23,male,173.0,94.8,94.8,maintenance,sedentary,2,7.5,1.93,2287,Low
54,male,177.8,73.8,73.8,endurance,lightly active,1,7.5,1.77,2309,Low
39,male,180.8,72.7,66.6,fat loss,very active,2,7.6,2.21,2573,High
17,male,171.1,93.3,93.3,endurance,moderately active,5,7.2,2.79,2953,High
31,male,174.6,76.3,70.5,fat loss,moderately active,3,5.6,2.4,2235,High
63,female,168.3,81.6,81.6,recomposition,sedentary,3,6.1,4.35,1615,Low
22,female,158.4,57.2,57.2,endurance,very active,3,9.8,2.4,2652,High
37,male,187.6,72.8,76.2,muscle gain,moderately active,1,5.5,3.03,3018,Moderate
43,male,165.6,92.3,102.4,muscle gain,moderately active,1,5.3,1.49,3025,High
20,male,172.6,58.9,58.9,endurance,very active,2,7.8,2.91,2993,High
24,female,159.3,82.7,94.0,muscle gain,sedentary,1,5.7,2.18,2133,Low
66,male,190.3,70.1,70.1,recomposition,very active,5,9.2,2.49,2709,High
47,female,170.1,57.2,53.7,fat loss,lightly active,6,10.0,3.68,1409,High
27,male,171.5,78.0,78.0,recomposition,sedentary,3,6.7,2.24,1789,Low
25,male,172.4,76.9,76.9,maintenance,lightly active,4,7.4,1.58,2448,Moderate
38,female,167.2,66.0,66.0,maintenance,lightly active,1,4.8,1.69,1917,Low
55,female,159.9,78.8,78.8,recomposition,moderately active,1,8.2,2.62,1902,Moderate
55,female,152.8,66.0,66.0,maintenance,lightly active,4,4.3,2.58,1649,Low
26,female,172.5,60.3,60.3,recomposition,very active,5,5.4,2.55,2027,High
55,female,155.3,47.9,47.9,maintenance,lightly active,6,7.1,1.6,1415,Moderate
64,female,161.6,52.2,52.2,endurance,sedentary,3,7.7,3.92,1379,Low
28,male,182.3,71.0,71.0,maintenance,lightly active,3,5.2,3.53,2493,Low
17,male,184.2,74.3,77.7,muscle gain,moderately active,5,6.3,2.59,3282,High
67,male,173.7,71.0,71.0,endurance,sedentary,1,5.0,1.44,1748,Low
44,male,180.7,90.7,100.5,muscle gain,sedentary,6,6.6,3.61,2233,Moderate
57,male,167.3,69.4,69.4,endurance,sedentary,2,6.0,3.3,1943,Low
33,male,180.4,48.6,48.6,endurance,lightly active,1,6.2,2.57,2149,Moderate
32,male,171.0,80.8,80.8,maintenance,extremely active,5,7.8,3.34,3368,High
28,female,177.9,87.9,87.9,maintenance,moderately active,6,7.3,2.15,2884,High
27,male,173.7,71.8,75.7,muscle gain,sedentary,3,7.7,1.83,2032,Moderate
41,female,151.9,44.6,44.6,endurance,sedentary,1,6.8,2.61,1437,Low
21,male,176.3,41.7,46.4,muscle gain,sedentary,1,7.9,1.41,1843,Low
61,female,166.3,92.0,92.0,recomposition,sedentary,2,7.0,1.72,1787,Low
43,female,165.4,64.8,64.8,endurance,moderately active,4,6.4,2.88,2123,High
65,male,182.3,71.2,65.9,fat loss,very active,4,7.7,2.67,2069,High
43,male,170.4,73.7,68.7,fat loss,moderately active,5,6.5,1.53,1795,High
32,female,165.1,93.5,93.5,endurance,moderately active,5,6.6,2.21,2571,High
43,female,156.2,79.0,79.0,endurance,moderately active,2,8.3,1.56,2326,High
24,male,179.6,71.1,78.8,muscle gain,lightly active,2,8.2,2.16,2703,Moderate
60,female,167.6,77.8,88.3,muscle gain,extremely active,6,6.6,2.08,3070,High
54,female,173.0,73.3,73.3,recomposition,very active,1,8.0,3.19,2173,High
23,male,181.2,93.4,93.4,maintenance,extremely active,4,5.5,2.39,3884,High
47,male,187.1,82.2,89.5,muscle gain,sedentary,2,6.7,2.33,2377,Moderate
45,male,170.9,82.5,92.4,muscle gain,moderately active,5,6.1,2.23,3015,High
26,female,175.4,85.1,85.1,maintenance,extremely active,2,7.0,1.3,3244,High
22,female,155.9,54.2,57.1,muscle gain,very active,1,7.9,2.43,2338,High
57,female,165.4,73.2,73.2,maintenance,very active,2,7.7,2.84,2311,High
30,female,161.2,56.4,56.4,recomposition,moderately active,1,7.5,2.66,1907,Moderate
44,male,178.9,73.6,81.5,muscle gain,lightly active,2,7.2,2.98,2643,High
29,male,171.8,77.7,77.7,maintenance,very active,3,6.8,3.02,3218,High
51,male,173.1,90.8,90.8,endurance,moderately active,6,8.4,4.04,2724,High
18,male,174.3,54.9,54.9,maintenance,moderately active,2,5.1,1.71,2239,Moderate
35,female,157.3,80.4,74.8,fat loss,lightly active,5,6.2,2.66,1719,Moderate
45,female,161.8,67.8,67.8,recomposition,sedentary,4,7.5,2.74,1371,Low
39,male,166.4,82.2,82.2,maintenance,very active,6,8.8,2.28,3063,High
49,female,161.6,57.5,57.5,recomposition,extremely active,4,6.6,2.06,2012,High
25,female,162.2,68.7,66.0,fat loss,sedentary,1,6.7,2.85,1307,Low
39,male,167.1,76.0,76.0,recomposition,moderately active,3,5.5,2.78,2366,Moderate
56,female,161.2,70.7,70.7,recomposition,very active,1,6.4,1.76,1905,High
34,female,148.1,44.7,42.0,fat loss,sedentary,2,7.8,1.24,942,Moderate
24,female,172.8,104.7,104.7,maintenance,lightly active,4,8.9,2.16,2283,Moderate
61,female,166.1,70.8,70.8,maintenance,extremely active,6,6.6,2.03,2530,High
58,male,177.1,74.4,74.4,maintenance,very active,4,6.0,2.92,2699,High
52,female,159.9,72.1,72.1,recomposition,extremely active,3,7.1,1.85,2347,High
59,male,179.2,64.2,64.2,recomposition,extremely active,4,5.1,2.38,2647,High
58,female,176.6,80.9,80.9,endurance,very active,2,8.5,1.31,2645,High
56,male,156.8,79.2,79.2,recomposition,lightly active,1,5.5,1.41,1899,Moderate
43,male,173.3,74.2,84.2,muscle gain,extremely active,5,7.4,1.96,3634,High
17,female,165.3,45.6,45.6,endurance,moderately active,6,7.4,2.32,1809,High
48,male,172.1,77.2,77.2,maintenance,moderately active,4,7.8,1.93,2283,Moderate
30,male,175.3,67.2,67.2,endurance,moderately active,3,7.3,2.6,2856,High
57,female,156.7,83.8,83.8,maintenance,moderately active,3,7.0,1.31,2160,Low
41,male,175.6,91.5,102.2,muscle gain,moderately active,3,7.5,2.35,2764,High
64,female,156.6,76.3,76.3,recomposition,very active,6,8.0,2.36,2106,High
48,male,182.9,82.9,82.9,recomposition,sedentary,4,9.2,1.49,1791,Low
45,male,174.2,79.2,72.5,fat loss,moderately active,6,5.7,2.66,2220,Moderate
65,female,151.2,57.6,55.2,fat loss,moderately active,1,4.8,0.98,1354,Low
41,male,155.0,75.9,75.9,recomposition,moderately active,3,5.1,2.02,2533,Moderate
36,male,172.7,58.0,55.6,fat loss,very active,2,4.8,3.05,2012,High
36,female,159.9,78.0,78.0,maintenance,lightly active,1,5.6,0.94,1833,Low
63,female,155.9,60.3,60.3,maintenance,extremely active,6,5.4,2.97,2025,High
56,male,176.1,95.0,95.0,maintenance,sedentary,1,6.5,1.68,2065,Low
24,female,170.6,68.5,68.5,maintenance,very active,4,8.0,2.09,2595,High
42,female,164.7,70.0,70.0,endurance,sedentary,2,7.8,3.48,1523,Moderate
36,female,166.4,56.0,56.0,maintenance,very active,1,6.3,2.06,2171,High
50,male,191.0,65.6,65.6,endurance,sedentary,6,6.4,3.63,1899,Moderate
18,female,165.3,64.5,64.5,maintenance,lightly active,2,9.4,2.29,1902,Moderate
54,female,159.7,75.1,75.1,maintenance,lightly active,3,7.7,2.44,1963,Low
56,female,161.6,67.8,67.8,recomposition,sedentary,2,7.2,3.09,1507,Low
28,male,172.4,106.2,120.6,muscle gain,lightly active,5,7.1,2.88,3222,Moderate
24,female,172.9,62.7,62.7,endurance,very active,6,6.7,2.61,2683,High
49,female,154.4,57.7,57.7,endurance,sedentary,3,9.4,2.18,1409,Moderate
29,male,172.9,81.0,72.2,fat loss,very active,5,6.8,1.41,2409,High
66,female,168.9,61.6,58.3,fat loss,moderately active,3,7.2,1.45,1326,Moderate
57,female,176.2,87.0,96.1,muscle gain,extremely active,4,5.0,3.42,3005,High
67,male,180.7,78.4,75.8,fat loss,very active,5,6.2,3.69,2202,High
44,female,157.4,50.1,43.9,fat loss,moderately active,6,6.3,2.59,1277,High
66,male,183.2,66.5,66.5,endurance,extremely active,4,7.6,1.26,3085,High
16,female,163.4,55.0,49.4,fat loss,sedentary,3,6.1,1.96,1273,Low
31,female,170.3,81.9,89.8,muscle gain,moderately active,3,7.1,1.92,2672,High
16,female,168.5,78.1,78.1,endurance,lightly active,6,6.3,2.11,2216,High
52,male,165.3,55.7,63.5,muscle gain,moderately active,3,5.7,1.88,2380,High
43,female,166.8,71.8,64.6,fat loss,moderately active,3,5.6,2.86,1787,High
31,male,175.1,72.0,76.9,muscle gain,moderately active,5,6.8,2.67,2737,High
32,female,162.9,79.2,88.7,muscle gain,lightly active,6,7.1,3.61,2221,High
50,female,161.3,74.8,74.8,maintenance,very active,3,6.8,2.23,2294,High
25,male,171.7,81.7,81.7,maintenance,sedentary,6,6.0,2.64,2165,Moderate
43,male,173.5,79.7,73.6,fat loss,sedentary,6,6.8,3.02,1634,Moderate
49,male,179.0,50.2,55.9,muscle gain,sedentary,3,6.6,3.22,1844,Low
28,female,156.5,76.6,76.6,maintenance,moderately active,2,5.7,1.64,2332,Moderate
28,male,171.3,75.5,75.5,maintenance,moderately active,2,7.1,2.78,2599,Moderate
35,male,165.6,83.9,83.9,maintenance,extremely active,1,9.2,2.6,2966,High
47,male,171.0,76.7,76.7,endurance,lightly active,2,6.8,2.71,2504,Moderate
29,male,183.2,67.9,67.9,maintenance,moderately active,1,5.2,2.54,2764,Moderate
36,male,175.6,76.6,76.6,recomposition,extremely active,2,8.8,3.7,2796,High
45,male,169.8,75.4,75.4,maintenance,very active,6,8.5,1.88,2781,High
26,male,183.7,90.9,90.9,maintenance,extremely active,2,8.7,1.83,3958,High
46,female,155.3,43.8,42.3,fat loss,moderately active,3,6.9,1.93,1239,Moderate
23,male,184.9,72.3,72.3,recomposition,sedentary,3,6.1,2.3,2110,Low
23,female,170.2,57.8,57.8,endurance,moderately active,4,5.9,2.71,2371,High
28,female,166.9,93.0,93.0,endurance,very active,4,8.4,2.18,3077,High
31,female,164.5,67.1,67.1,recomposition,sedentary,4,8.9,3.2,1780,Low
17,male,191.0,103.1,116.3,muscle gain,moderately active,1,5.9,2.5,3868,Moderate
67,male,177.7,79.6,79.6,maintenance,moderately active,2,4.0,2.43,2459,Moderate
32,female,164.4,63.7,63.7,recomposition,extremely active,6,7.0,1.57,2401,High
59,female,161.2,63.5,63.5,recomposition,extremely active,6,5.9,3.77,2136,High
64,female,160.1,59.0,59.0,recomposition,very active,1,6.2,2.47,1757,High
59,male,184.2,50.1,44.4,fat loss,lightly active,4,6.7,3.65,1398,Moderate
60,male,170.4,82.1,82.1,recomposition,lightly active,1,7.5,2.06,1966,Low
21,male,177.2,89.1,89.1,maintenance,moderately active,4,6.1,3.08,2918,High
36,male,166.7,44.2,41.6,fat loss,sedentary,1,7.2,2.11,1317,Low
56,female,165.6,65.3,65.3,maintenance,very active,5,6.8,3.77,2193,High
47,male,174.8,88.5,88.5,recomposition,extremely active,6,4.2,3.28,3186,High
16,male,177.0,87.7,87.7,endurance,sedentary,1,7.7,3.09,2710,Low
46,female,174.6,65.9,65.9,recomposition,extremely active,3,6.5,1.99,2701,High
59,female,174.8,86.3,94.0,muscle gain,sedentary,2,5.5,3.83,1905,Low
60,male,168.9,80.1,80.1,recomposition,moderately active,2,6.1,3.93,2397,Moderate
36,male,180.5,88.3,88.3,recomposition,lightly active,5,7.2,2.23,2228,Moderate
28,female,162.4,59.2,55.9,fat loss,moderately active,1,7.1,2.61,1645,Moderate
32,female,161.4,70.6,70.6,endurance,moderately active,1,7.8,3.15,2081,High
32,female,147.9,84.6,79.0,fat loss,moderately active,3,7.5,1.12,1732,High
34,female,165.3,88.6,88.6,recomposition,sedentary,2,5.6,3.3,1878,Low
32,female,155.4,74.1,74.1,recomposition,very active,6,3.5,3.22,2218,High
40,male,164.3,97.5,97.5,endurance,extremely active,3,7.1,2.11,3371,High
18,male,165.9,78.1,78.1,recomposition,moderately active,4,7.8,0.97,2446,High
30,female,175.6,60.5,55.7,fat loss,extremely active,1,6.8,2.73,1995,High
32,male,160.0,89.5,89.5,endurance,sedentary,3,7.8,1.71,2247,Moderate
24,male,184.9,100.1,109.0,muscle gain,very active,2,5.8,1.39,4229,High
63,male,177.6,98.0,98.0,maintenance,lightly active,3,6.6,2.76,2419,Low
52,female,173.8,54.4,54.4,endurance,very active,2,5.9,3.42,2326,High
65,male,159.7,47.2,48.8,muscle gain,moderately active,1,7.8,2.35,1928,Low
46,male,162.2,71.1,71.1,recomposition,sedentary,4,5.9,3.33,1699,Low
21,male,175.0,71.8,71.8,recomposition,lightly active,4,9.5,2.96,2475,Moderate
64,male,188.8,80.6,80.6,maintenance,moderately active,4,6.4,1.54,2562,Moderate
40,female,159.4,48.8,48.8,recomposition,extremely active,3,8.0,2.11,2158,High
52,male,181.0,64.9,64.9,recomposition,sedentary,4,6.4,3.26,1664,Low
36,female,154.2,88.1,88.1,maintenance,extremely active,5,8.6,2.11,2854,High
42,male,175.4,74.6,68.6,fat loss,sedentary,2,8.6,3.07,1491,Low
42,female,163.8,79.7,79.7,recomposition,lightly active,2,6.6,2.21,1901,Low
31,female,171.1,40.0,40.0,recomposition,sedentary,5,7.3,3.0,1334,Moderate
45,female,165.1,57.6,65.7,muscle gain,extremely active,1,8.5,2.8,2718,High
55,female,171.2,43.2,43.2,endurance,moderately active,3,7.4,2.33,1675,High
17,male,175.3,69.2,74.5,muscle gain,very active,4,5.9,2.99,3266,High
23,female,160.0,79.4,70.2,fat loss,very active,4,7.1,0.99,2244,High
61,female,168.0,54.6,47.3,fat loss,moderately active,5,6.1,1.74,1300,Moderate
46,female,165.4,71.8,71.8,maintenance,lightly active,3,7.2,2.18,1593,Moderate
68,female,157.0,83.6,91.7,muscle gain,sedentary,3,6.1,3.32,1700,Low
48,female,169.5,85.6,85.6,recomposition,moderately active,1,7.4,1.49,2312,Moderate
51,female,159.3,62.7,62.7,recomposition,moderately active,5,4.9,2.48,1786,High
64,female,157.6,40.0,40.0,maintenance,moderately active,2,5.7,2.72,1321,Low
51,female,166.4,56.3,59.3,muscle gain,extremely active,6,6.0,2.67,2537,High
33,male,171.9,67.7,67.7,endurance,sedentary,4,6.8,2.43,1961,Moderate
44,male,181.7,94.5,94.5,endurance,very active,6,5.2,2.07,3062,High
28,male,173.6,70.7,78.0,muscle gain,sedentary,6,5.9,2.33,2182,Moderate
34,male,164.5,96.0,102.9,muscle gain,moderately active,3,7.9,3.18,3306,High
52,male,163.2,95.0,95.0,endurance,very active,3,8.1,2.02,3055,High
24,male,162.9,73.8,73.8,recomposition,sedentary,6,4.0,0.99,1701,Moderate
52,male,179.3,80.4,80.4,maintenance,moderately active,6,6.3,2.83,2856,High
47,male,166.9,73.4,73.4,maintenance,lightly active,5,8.5,3.55,2001,Low
32,female,166.6,81.0,81.0,recomposition,moderately active,6,7.5,1.76,2304,High
18,female,158.7,67.1,73.8,muscle gain,moderately active,4,7.5,3.45,2574,High
54,female,151.5,78.3,78.3,endurance,moderately active,1,7.7,2.86,2167,Moderate
60,male,178.1,80.6,80.6,maintenance,very active,4,5.8,1.69,2763,Moderate
55,male,176.1,57.8,51.5,fat loss,lightly active,3,7.3,2.01,1381,Low
38,female,157.8,58.4,58.4,endurance,extremely active,1,7.6,1.98,2604,High
51,male,172.7,89.1,89.1,endurance,extremely active,4,7.1,2.62,3192,High
38,female,169.8,72.3,72.3,endurance,moderately active,4,6.5,2.37,2469,High
35,male,186.5,93.3,93.3,recomposition,extremely active,5,6.9,3.27,3713,High
33,male,186.8,74.7,83.6,muscle gain,lightly active,5,5.6,3.09,2504,Moderate
27,female,174.2,58.4,58.4,maintenance,lightly active,2,7.7,1.42,1753,Low
68,male,172.6,64.4,64.4,maintenance,lightly active,6,5.3,1.51,1863,Low
51,male,164.0,74.3,74.3,maintenance,very active,3,6.0,2.93,2763,High
25,female,166.3,82.0,72.0,fat loss,sedentary,3,7.8,2.14,1456,Low
62,male,182.1,83.9,92.5,muscle gain,lightly active,2,7.3,2.38,2590,Low
24,female,162.6,62.2,62.2,maintenance,sedentary,6,6.4,2.88,1580,Low
48,male,176.2,65.9,65.9,maintenance,moderately active,3,4.9,3.1,2476,Moderate
24,male,184.7,57.6,59.6,muscle gain,lightly active,2,6.9,1.64,2393,Moderate
35,female,146.5,81.4,81.4,recomposition,extremely active,6,6.2,0.94,2407,High
51,male,183.1,90.6,90.6,endurance,very active,6,7.6,2.42,3059,High
69,female,158.0,50.3,50.3,maintenance,extremely active,2,6.4,1.9,1751,Moderate
69,female,155.5,75.5,75.5,recomposition,moderately active,4,4.9,2.55,1913,High
64,female,166.0,40.0,37.1,fat loss,moderately active,6,5.3,2.44,1161,Moderate
28,male,180.7,89.1,84.8,fat loss,extremely active,4,6.5,1.82,2702,High
21,female,168.6,53.7,46.6,fat loss,very active,3,7.1,3.96,1645,High
64,female,166.4,75.4,75.4,endurance,extremely active,4,5.6,2.51,2577,High
65,female,160.2,77.8,87.7,muscle gain,extremely active,1,6.1,2.1,2616,High
31,male,186.6,110.9,110.9,recomposition,sedentary,6,8.0,2.57,2276,Low
17,female,154.7,79.6,79.6,recomposition,lightly active,4,8.3,2.87,1889,Moderate
50,male,173.2,100.6,93.4,fat loss,very active,1,7.3,2.06,2563,High
20,female,164.3,63.1,54.5,fat loss,sedentary,3,6.7,4.12,1248,Low
18,male,178.4,77.9,77.9,recomposition,sedentary,3,6.3,1.43,2024,Low
66,female,166.5,53.5,53.5,recomposition,sedentary,6,7.6,1.48,1302,Low
42,female,158.5,65.2,65.2,maintenance,sedentary,6,6.6,1.38,1475,Low
22,male,178.0,94.8,104.1,muscle gain,very active,2,8.1,2.5,3537,High
51,female,169.7,57.8,57.8,maintenance,lightly active,2,8.2,2.83,1788,Low
35,female,167.8,45.4,45.4,recomposition,extremely active,1,7.5,2.27,2095,High
44,male,171.9,70.7,63.4,fat loss,sedentary,4,6.4,2.83,1488,Low
64,male,174.4,88.7,77.2,fat loss,moderately active,3,6.5,2.82,2125,Moderate
28,female,171.8,64.0,67.7,muscle gain,very active,4,5.0,2.25,2715,High
50,male,173.8,82.0,72.6,fat loss,lightly active,2,6.9,2.8,1835,Low
60,male,164.6,81.8,78.0,fat loss,very active,5,6.9,2.36,1940,High
38,female,152.6,71.1,71.1,maintenance,extremely active,4,5.3,2.21,2370,High
68,male,177.9,83.8,83.8,endurance,very active,6,9.8,2.15,3252,High
40,female,160.8,52.7,52.7,recomposition,very active,2,7.7,2.66,1799,High
40,male,174.3,88.8,94.9,muscle gain,moderately active,2,6.0,3.35,3107,Moderate
63,female,157.9,81.7,81.7,maintenance,extremely active,4,9.5,1.66,2787,High
50,male,167.0,79.3,79.3,maintenance,very active,5,6.4,2.16,2859,High
62,female,158.7,69.0,77.8,muscle gain,sedentary,2,8.0,2.61,1656,Low
58,female,159.3,72.5,72.5,endurance,very active,4,7.1,3.73,2189,High
54,male,162.5,68.9,68.9,endurance,sedentary,4,6.4,2.8,1746,Low
29,male,179.8,87.6,87.6,endurance,extremely active,4,6.6,1.93,3641,High
37,female,170.6,73.2,73.2,maintenance,lightly active,4,8.7,1.85,2037,Low
62,female,162.0,64.7,64.7,recomposition,very active,2,8.1,3.19,2096,High
49,female,180.4,98.7,98.7,recomposition,very active,1,6.9,2.28,2820,High
31,male,185.0,91.5,91.5,recomposition,lightly active,2,4.5,1.64,2424,Moderate
33,female,174.1,46.1,41.5,fat loss,extremely active,1,7.4,3.21,1848,High
57,female,172.7,62.9,62.9,endurance,moderately active,4,5.5,2.72,2119,High
25,male,175.9,73.3,73.3,endurance,moderately active,4,7.6,1.66,2843,High
22,male,172.1,85.7,85.7,recomposition,moderately active,1,6.1,1.56,2651,Moderate
57,male,164.5,90.3,90.3,maintenance,lightly active,5,6.3,0.98,2118,Moderate
31,female,156.6,84.0,84.0,maintenance,sedentary,5,6.2,2.06,1920,Low
57,male,161.1,103.8,118.6,muscle gain,extremely active,3,8.2,2.71,3697,High
44,male,167.7,111.7,96.4,fat loss,extremely active,1,4.9,3.17,3008,High
69,female,151.8,77.6,77.6,endurance,extremely active,1,7.9,2.8,2333,High
44,male,180.6,91.3,102.9,muscle gain,extremely active,6,7.4,1.59,3724,High
62,female,161.2,57.7,65.6,muscle gain,very active,2,6.9,2.3,2215,High
61,female,163.5,73.7,73.7,maintenance,extremely active,6,6.5,3.5,2270,High
27,female,158.6,62.8,62.8,recomposition,extremely active,4,7.6,2.14,2222,High
69,female,161.1,61.7,67.2,muscle gain,lightly active,4,6.5,3.04,1877,Moderate
56,female,160.5,87.3,94.3,muscle gain,moderately active,6,6.5,2.95,2615,High
21,female,163.0,63.0,71.1,muscle gain,sedentary,6,7.1,3.03,1905,Moderate
16,female,162.9,90.2,97.2,muscle gain,very active,2,9.1,2.8,3035,High
30,male,178.2,89.2,77.9,fat loss,sedentary,6,5.2,3.03,1810,Moderate
16,male,166.7,67.9,75.7,muscle gain,very active,1,7.6,1.46,3166,High
35,female,167.9,44.4,44.4,maintenance,extremely active,5,6.8,3.56,2141,High
69,male,188.5,78.5,78.5,maintenance,moderately active,3,6.7,1.24,2502,Moderate
41,female,164.6,67.9,75.0,muscle gain,very active,4,5.2,2.72,2370,High
17,female,161.3,40.0,40.0,endurance,extremely active,6,4.9,2.47,2031,High
42,female,170.0,80.8,84.7,muscle gain,very active,3,7.4,2.06,2949,High
27,male,172.0,83.7,83.7,endurance,moderately active,1,5.5,1.82,2928,Moderate
62,male,166.7,86.8,86.8,recomposition,extremely active,5,8.2,2.88,2941,High
20,male,185.7,86.9,86.9,recomposition,sedentary,1,5.8,3.06,2307,Low
57,female,162.2,40.0,42.7,muscle gain,lightly active,5,7.7,2.43,1536,Moderate
40,female,163.2,58.7,58.7,endurance,lightly active,3,6.3,2.3,1959,Moderate
17,female,162.6,64.1,64.1,maintenance,lightly active,3,6.3,3.4,2078,Moderate
52,female,159.1,79.1,79.1,maintenance,very active,2,5.9,2.2,2362,High
40,female,168.4,97.1,102.5,muscle gain,very active,4,7.5,2.47,3242,High
57,female,168.8,64.8,64.8,maintenance,sedentary,2,7.9,2.36,1529,Low
49,male,181.3,85.3,85.3,recomposition,lightly active,2,6.6,4.23,2071,Low
58,female,158.8,103.7,103.7,endurance,extremely active,3,7.7,1.91,3323,High
40,male,171.4,73.5,73.5,endurance,moderately active,5,7.0,3.08,2714,High
16,female,149.6,74.1,70.5,fat loss,lightly active,4,5.4,1.31,1422,Moderate
23,female,168.8,51.9,46.7,fat loss,moderately active,6,7.5,1.83,1759,High
40,male,161.9,80.8,80.8,endurance,very active,2,6.6,2.28,2867,High
37,female,156.1,58.7,58.7,endurance,moderately active,1,3.9,2.41,1965,Moderate
58,male,174.2,67.0,64.4,fat loss,extremely active,2,6.5,2.31,2221,High
38,female,158.6,71.1,71.1,endurance,extremely active,1,5.0,2.43,2668,High
62,male,176.8,95.8,95.8,recomposition,extremely active,4,5.5,2.02,3629,High
26,male,165.6,73.1,73.1,endurance,sedentary,6,6.7,3.4,2035,High
36,female,168.1,71.1,65.3,fat loss,moderately active,3,6.9,1.8,1727,High
56,male,169.4,83.9,83.9,endurance,moderately active,2,6.0,3.02,2644,Moderate
22,female,162.6,97.7,102.1,muscle gain,very active,4,7.6,2.97,3158,High
33,female,160.3,65.7,65.7,maintenance,extremely active,5,6.9,1.84,2577,High
56,male,167.9,87.3,94.3,muscle gain,moderately active,6,6.5,2.24,2719,High
47,male,186.0,78.1,71.1,fat loss,lightly active,3,7.1,2.5,1941,Moderate
58,male,178.5,91.7,91.7,recomposition,extremely active,3,8.4,3.67,2957,High
43,male,187.6,95.6,86.5,fat loss,very active,4,4.4,2.24,2554,High
62,male,173.9,72.2,72.2,maintenance,moderately active,2,8.6,5.04,2190,Moderate
63,female,164.7,77.1,72.7,fat loss,extremely active,1,6.3,3.04,1949,High
68,male,187.3,55.2,55.2,endurance,lightly active,5,6.1,2.74,1789,Moderate
22,female,165.6,64.8,64.8,maintenance,lightly active,1,6.5,3.12,1657,Low
47,male,173.8,97.1,92.3,fat loss,sedentary,5,5.9,1.3,1720,Low
22,female,163.9,92.2,92.2,endurance,sedentary,4,5.8,3.32,1916,Moderate
28,female,159.8,79.7,79.7,recomposition,extremely active,3,8.0,1.57,2979,High
32,male,180.0,76.9,66.6,fat loss,sedentary,3,7.2,3.11,1633,Low
50,female,152.7,88.0,92.7,muscle gain,very active,6,4.7,2.09,2867,High
39,male,183.9,83.3,83.3,maintenance,sedentary,5,7.8,1.94,2191,Low
62,male,181.2,69.0,69.0,recomposition,lightly active,1,7.6,3.74,1856,Low
32,female,155.7,71.2,71.2,endurance,lightly active,6,5.2,2.43,1920,High
49,female,155.9,79.7,79.7,endurance,lightly active,1,7.2,1.43,2059,Moderate
57,male,169.0,88.2,79.3,fat loss,sedentary,5,7.7,3.18,1656,Low
68,male,189.8,83.3,83.3,maintenance,extremely active,3,5.1,1.65,3366,High
29,male,164.3,74.0,65.4,fat loss,moderately active,3,7.3,3.45,1938,High
55,male,165.0,80.5,83.6,muscle gain,moderately active,4,6.2,2.49,2814,High
20,male,179.0,76.9,81.1,muscle gain,very active,3,7.7,1.61,3338,High
45,male,186.4,96.0,106.0,muscle gain,extremely active,1,5.9,3.07,4300,High
38,female,159.7,73.7,83.0,muscle gain,lightly active,1,8.3,2.86,2257,Low
67,male,182.0,88.9,88.9,maintenance,moderately active,5,6.7,1.01,2413,Moderate
57,female,153.3,70.7,70.7,maintenance,moderately active,5,6.3,2.46,1921,High
66,female,157.9,70.9,70.9,endurance,lightly active,3,6.1,2.71,1625,Low
61,female,169.7,60.6,60.6,maintenance,sedentary,3,8.0,2.67,1512,Low
38,male,180.5,95.2,91.2,fat loss,extremely active,3,6.1,2.37,2686,High
55,female,157.5,46.3,46.3,maintenance,very active,6,8.3,3.02,1778,High
17,female,169.8,66.4,72.1,muscle gain,very active,1,7.3,2.9,2985,High
46,male,178.6,97.3,91.3,fat loss,lightly active,4,5.3,2.52,2059,Moderate
18,female,165.3,69.3,69.3,recomposition,very active,2,7.0,2.33,2542,High
55,male,173.9,64.3,64.3,recomposition,sedentary,2,7.1,2.6,1694,Low
68,female,159.8,41.3,45.6,muscle gain,sedentary,1,5.3,2.08,1339,Low
52,male,178.8,59.1,65.4,muscle gain,extremely active,3,7.0,1.78,2889,High
61,female,153.8,65.0,65.0,maintenance,lightly active,1,7.7,1.71,1538,Low
28,male,167.3,58.9,58.9,maintenance,very active,5,8.4,2.43,2289,High
69,male,179.0,55.1,55.1,endurance,lightly active,2,8.3,1.9,1886,Low
45,male,179.3,64.6,57.2,fat loss,very active,6,9.9,2.39,1982,High
52,male,181.3,55.7,50.0,fat loss,very active,1,7.0,3.43,1816,Moderate
57,male,177.2,83.8,83.8,recomposition,very active,3,7.7,2.36,2475,High
50,male,166.8,64.8,64.8,endurance,extremely active,3,6.3,2.6,2802,High
33,male,179.8,56.3,56.3,recomposition,moderately active,5,9.3,2.34,2282,High
49,female,150.9,64.8,71.8,muscle gain,extremely active,2,5.9,3.41,2594,High
51,female,160.8,78.8,90.5,muscle gain,lightly active,2,9.2,3.66,2248,High
62,female,166.5,73.9,73.9,endurance,extremely active,3,9.1,2.17,2759,High
41,female,159.5,67.7,67.7,recomposition,moderately active,6,6.1,3.01,1795,High
43,male,181.2,79.0,79.0,maintenance,extremely active,5,8.2,3.96,3109,High
43,male,165.1,75.0,75.0,maintenance,extremely active,4,7.5,1.69,3021,High
22,male,168.0,75.4,67.9,fat loss,very active,6,6.5,3.19,2374,High
20,male,172.7,96.5,96.5,endurance,extremely active,5,6.8,1.28,4211,High
17,male,186.3,110.1,105.8,fat loss,very active,5,7.3,2.52,2964,High
51,female,161.6,92.9,92.9,endurance,very active,3,7.4,2.4,2886,High
38,female,161.4,62.6,56.8,fat loss,lightly active,3,8.8,1.31,1400,High
62,female,169.7,43.9,37.4,fat loss,lightly active,6,7.7,3.26,1156,High
53,male,184.4,82.7,77.6,fat loss,sedentary,6,6.1,2.6,1689,Moderate
23,female,145.0,54.7,54.7,maintenance,very active,5,7.9,1.85,2028,High
21,male,157.3,88.5,76.3,fat loss,very active,1,4.9,2.73,2297,Moderate
35,male,174.5,111.0,122.4,muscle gain,very active,1,6.5,3.13,3988,High
65,male,182.9,56.0,56.0,recomposition,very active,3,6.7,1.26,2354,High
18,female,164.3,71.2,71.2,recomposition,lightly active,4,7.8,0.5,1956,Moderate
26,male,168.9,101.6,111.3,muscle gain,extremely active,4,9.1,2.47,3456,High
17,male,187.3,72.7,67.3,fat loss,moderately active,2,7.3,1.96,2230,High
38,male,159.4,91.1,83.0,fat loss,very active,5,6.6,3.44,2473,High
69,male,172.4,88.8,88.8,maintenance,sedentary,6,6.2,2.24,1836,Low
52,male,172.1,97.3,97.3,maintenance,moderately active,2,8.0,2.72,2958,Moderate
42,male,183.1,106.8,106.8,endurance,moderately active,5,6.8,2.37,3147,High
23,male,184.1,84.7,84.7,maintenance,extremely active,1,6.4,1.42,3518,High
35,male,181.7,55.6,63.0,muscle gain,very active,3,8.1,2.52,2976,High
44,male,165.5,70.2,70.2,recomposition,extremely active,6,8.4,1.57,2594,High
30,male,181.0,110.6,110.6,endurance,lightly active,2,5.8,1.54,3186,High
54,female,168.7,77.4,77.4,endurance,very active,5,5.2,1.73,2723,Moderate
68,male,163.3,87.0,81.9,fat loss,very active,6,6.9,1.67,2005,High
27,female,170.4,69.3,69.3,maintenance,lightly active,3,5.6,2.35,1988,Low
29,female,154.9,66.3,66.3,endurance,lightly active,6,5.5,2.23,2130,High
22,male,173.7,92.4,92.4,endurance,very active,4,5.8,2.7,3677,High
55,male,166.0,80.5,80.5,recomposition,sedentary,4,8.3,1.4,1619,Low
40,male,173.5,74.7,68.5,fat loss,moderately active,1,7.8,2.32,2171,Moderate
31,male,177.5,68.6,75.8,muscle gain,very active,5,9.9,2.16,2526,High
27,male,174.4,52.0,52.0,endurance,extremely active,2,6.2,2.64,3061,High
19,male,164.1,89.7,78.1,fat loss,moderately active,2,8.6,2.67,2156,Moderate
41,male,188.2,76.0,76.0,recomposition,very active,6,7.6,2.61,2924,High
52,male,182.0,58.7,58.7,maintenance,extremely active,3,6.3,1.81,2833,High
28,female,152.8,65.7,65.7,recomposition,lightly active,3,6.8,2.52,1726,Moderate
16,male,172.9,88.1,88.1,recomposition,very active,6,6.3,2.14,3200,High
41,female,159.9,40.5,38.8,fat loss,very active,2,7.3,3.42,1390,High
52,male,167.1,81.6,78.2,fat loss,extremely active,5,8.2,2.58,2352,High
34,female,161.4,85.9,93.2,muscle gain,very active,4,6.6,2.56,3135,High
29,male,165.7,70.1,70.1,endurance,sedentary,1,8.0,1.6,2012,Low
24,female,158.6,77.8,77.8,endurance,sedentary,4,8.5,2.09,1811,Moderate
56,female,166.5,67.2,67.2,recomposition,very active,3,8.8,2.68,2062,High
62,male,167.2,94.5,105.7,muscle gain,lightly active,5,5.6,2.44,2554,Moderate
57,female,160.5,65.9,65.9,endurance,lightly active,3,6.9,2.44,1719,Moderate
43,male,175.4,70.5,70.5,recomposition,moderately active,2,7.9,1.27,2405,High
55,male,176.5,88.9,94.0,muscle gain,very active,2,5.7,1.93,3153,High
37,female,165.4,77.0,77.0,recomposition,lightly active,4,5.4,2.31,2078,Moderate
17,female,152.4,83.7,83.7,maintenance,moderately active,6,7.0,3.34,2425,High
35,male,178.2,73.5,73.5,maintenance,moderately active,3,6.5,1.18,2315,Moderate
54,female,165.6,62.7,69.7,muscle gain,sedentary,1,6.8,1.77,1682,Low
50,female,163.4,104.5,104.5,recomposition,very active,5,6.4,1.17,2561,High
69,female,170.9,41.7,46.8,muscle gain,moderately active,2,9.6,2.73,1697,Moderate
69,male,177.6,103.0,103.0,endurance,lightly active,3,6.4,3.33,2575,Low
29,female,158.7,70.6,63.6,fat loss,very active,6,7.7,2.75,1999,High
16,male,170.4,82.8,91.6,muscle gain,sedentary,1,7.6,2.9,2541,Low
30,female,175.9,65.6,60.6,fat loss,lightly active,1,5.0,1.78,1610,Low
63,female,158.1,61.6,64.8,muscle gain,lightly active,2,8.8,2.76,1936,Low
59,female,162.2,96.6,96.6,recomposition,very active,3,7.8,1.96,2388,Moderate
21,female,170.3,60.9,60.9,endurance,extremely active,6,7.2,2.54,3038,High
24,female,162.5,54.7,50.2,fat loss,extremely active,4,8.3,2.85,2111,High
46,male,171.9,55.6,60.7,muscle gain,sedentary,5,6.9,2.3,1927,Moderate
51,male,185.0,112.7,103.0,fat loss,sedentary,3,8.1,3.07,2006,Low
69,female,159.1,82.2,82.2,endurance,very active,3,4.7,2.39,2509,High
56,male,181.3,82.9,82.9,maintenance,moderately active,3,8.0,2.69,2565,Moderate
27,female,163.0,50.1,56.5,muscle gain,lightly active,1,7.2,3.82,1827,Moderate
18,male,163.8,68.4,68.4,recomposition,extremely active,4,7.2,2.85,2849,High
50,female,156.1,48.3,41.6,fat loss,sedentary,2,6.0,1.98,1023,Low
45,male,175.7,81.3,81.3,recomposition,sedentary,6,6.7,2.16,1874,Low
65,male,175.7,77.2,70.2,fat loss,moderately active,5,6.7,3.11,1839,High
47,male,167.2,69.5,69.5,maintenance,lightly active,6,5.6,3.23,1947,Moderate
43,male,175.7,86.7,76.0,fat loss,lightly active,2,7.4,2.47,1817,Low
32,male,167.0,82.6,89.1,muscle gain,very active,1,8.9,1.43,3186,High
20,male,183.3,85.5,85.5,recomposition,lightly active,3,5.3,1.83,2397,Moderate
63,female,164.9,80.6,80.6,maintenance,moderately active,4,7.6,2.63,2123,Moderate
60,female,165.9,76.8,76.8,maintenance,moderately active,4,6.5,2.91,1986,Moderate
24,female,166.3,57.6,57.6,recomposition,very active,4,6.4,3.2,2251,High
54,female,153.2,74.9,74.9,endurance,extremely active,5,7.1,1.08,2845,High
35,female,157.5,82.2,93.8,muscle gain,very active,2,7.1,3.11,3054,High
39,female,155.8,69.0,69.0,endurance,lightly active,2,7.2,3.5,1768,Moderate
61,male,167.8,87.8,83.0,fat loss,moderately active,2,5.6,0.82,1981,Moderate
61,female,174.6,70.3,70.3,endurance,moderately active,3,8.3,2.5,1997,High
26,male,179.6,64.9,64.9,endurance,moderately active,4,7.1,3.03,2711,High
32,male,185.4,92.4,92.4,maintenance,lightly active,5,7.7,1.51,2691,Moderate
60,female,163.6,54.9,52.3,fat loss,sedentary,3,8.5,2.15,1077,Low
65,male,172.2,62.3,62.3,maintenance,lightly active,3,4.7,2.89,1777,Low
20,female,166.5,78.7,81.5,muscle gain,moderately active,6,7.8,2.13,2614,High
61,female,173.1,95.9,95.9,maintenance,sedentary,3,6.8,2.25,1998,Low
42,female,164.5,76.7,85.1,muscle gain,sedentary,1,8.2,2.65,1960,Low
47,female,153.5,52.3,44.6,fat loss,moderately active,3,6.0,1.68,1277,High
20,female,162.3,94.5,94.5,endurance,extremely active,1,8.1,1.75,3127,High
52,male,189.9,71.0,71.0,endurance,sedentary,3,5.7,2.83,2060,Low
52,female,161.5,41.9,41.9,maintenance,sedentary,6,7.5,3.16,1200,Low
51,male,183.1,79.8,79.8,endurance,lightly active,5,7.3,2.78,2255,High
58,male,167.5,98.9,98.9,endurance,sedentary,6,6.8,3.45,2165,Moderate
67,male,178.7,74.0,74.0,endurance,extremely active,2,5.8,2.79,2958,High
61,male,169.9,57.5,57.5,endurance,very active,3,6.6,3.79,2336,High
56,female,160.3,66.5,62.4,fat loss,sedentary,6,8.1,2.55,1147,Low
68,male,179.8,76.5,76.5,recomposition,sedentary,5,8.8,2.68,1800,Low
52,female,149.3,40.0,40.0,endurance,moderately active,2,9.3,2.78,1492,High
52,female,157.5,77.7,67.1,fat loss,moderately active,6,7.6,2.06,1787,High
45,female,149.0,79.3,67.5,fat loss,very active,1,7.3,1.96,1869,High
57,female,158.7,57.0,60.3,muscle gain,extremely active,2,7.5,1.87,2489,High
19,male,180.4,89.9,89.9,endurance,lightly active,4,9.3,2.11,2574,High
43,male,187.3,75.1,75.1,endurance,very active,4,7.6,3.95,3128,High
38,female,167.9,40.0,40.0,maintenance,lightly active,5,7.1,3.78,1477,Low
65,female,182.9,63.8,63.8,endurance,lightly active,5,6.7,2.27,1951,Moderate
19,female,173.2,70.9,60.3,fat loss,extremely active,2,6.8,2.21,2370,High
50,male,171.0,85.6,85.6,endurance,lightly active,3,7.5,1.0,2654,Moderate
25,male,178.9,82.3,82.3,endurance,sedentary,5,6.1,1.8,2166,Moderate
63,male,183.6,72.4,72.4,endurance,moderately active,6,6.2,1.93,2433,Moderate
62,male,166.9,79.5,88.0,muscle gain,moderately active,6,6.9,2.19,2716,Moderate
28,male,171.4,84.7,84.7,recomposition,moderately active,6,6.5,2.1,2605,Moderate
63,female,165.8,77.7,88.8,muscle gain,sedentary,5,7.7,2.65,1696,Low
42,male,173.7,92.1,92.1,maintenance,sedentary,3,7.8,3.04,2210,Low
68,female,159.0,62.7,62.7,endurance,very active,5,7.3,1.99,1968,High
55,female,164.4,77.9,77.9,maintenance,sedentary,1,7.6,3.51,1689,Low
17,female,164.1,78.0,78.0,recomposition,lightly active,6,7.1,2.74,1829,High
26,male,169.9,91.6,91.6,maintenance,extremely active,6,3.0,3.12,3458,High
37,male,165.9,104.4,94.6,fat loss,lightly active,4,5.9,2.19,2111,Moderate
27,female,157.0,58.6,55.5,fat loss,lightly active,4,7.8,2.88,1413,Moderate
23,male,168.4,57.7,57.7,recomposition,extremely active,4,6.0,2.82,2858,High
68,female,164.4,57.9,63.6,muscle gain,very active,1,8.0,3.53,2104,Moderate
62,female,159.9,77.4,83.8,muscle gain,very active,2,8.1,2.96,2584,High
39,male,171.8,100.4,89.1,fat loss,sedentary,5,6.7,3.1,1805,Moderate
27,female,170.2,59.0,59.0,endurance,lightly active,1,6.3,2.13,2046,Low
25,male,169.9,78.9,75.8,fat loss,moderately active,5,7.0,3.34,1948,High
65,male,174.2,85.7,85.7,maintenance,extremely active,2,6.9,1.61,2606,High
33,female,163.7,63.7,72.2,muscle gain,moderately active,1,7.8,2.1,2490,High
16,female,156.6,50.2,50.2,endurance,very active,4,4.2,2.7,2169,High
37,male,183.9,85.0,85.0,recomposition,lightly active,2,6.1,1.69,2134,Low
40,female,156.6,74.1,66.7,fat loss,lightly active,3,5.8,1.85,1480,Moderate
49,female,171.9,73.5,73.5,recomposition,very active,6,4.0,1.85,2228,High
34,female,168.5,69.4,60.5,fat loss,moderately active,5,6.4,2.77,1795,High
65,male,181.4,68.6,68.6,maintenance,sedentary,6,5.2,2.39,1853,Low
50,male,181.3,101.5,110.2,muscle gain,lightly active,3,6.5,3.17,2857,Moderate
69,female,161.1,76.8,76.8,recomposition,extremely active,3,6.4,3.82,2418,High
35,female,160.0,62.2,62.2,maintenance,moderately active,5,7.5,2.69,1848,High
51,female,175.2,73.6,73.6,maintenance,very active,1,6.7,2.14,2097,High
35,male,180.8,100.9,100.9,endurance,extremely active,6,5.0,2.76,3963,High
53,male,156.4,89.6,89.6,maintenance,lightly active,3,7.4,1.87,2184,Low
56,female,170.1,89.1,97.8,muscle gain,lightly active,3,9.9,2.46,2065,Low
33,male,182.4,65.5,65.5,maintenance,moderately active,4,8.3,4.22,2627,Moderate
66,male,171.0,84.3,84.3,endurance,moderately active,1,7.8,2.36,2319,Low
62,female,164.7,75.2,68.1,fat loss,extremely active,2,6.8,2.71,1978,High
64,female,162.9,44.7,47.7,muscle gain,sedentary,1,6.4,2.39,1384,Low
27,male,171.3,88.6,88.6,maintenance,moderately active,4,6.3,2.21,2875,High
54,male,171.6,77.6,85.1,muscle gain,sedentary,5,7.3,2.84,2154,Low
21,male,170.2,62.9,62.9,recomposition,lightly active,1,5.6,1.61,2021,Moderate
21,female,156.8,72.2,66.8,fat loss,moderately active,1,7.3,2.38,1799,Moderate
68,male,173.1,87.2,97.3,muscle gain,very active,5,6.2,1.55,3223,High
24,female,169.1,83.3,83.3,maintenance,extremely active,3,4.9,3.58,2939,High
62,male,188.1,90.0,90.0,endurance,sedentary,6,6.2,3.19,2080,Moderate
39,female,169.3,57.6,62.9,muscle gain,extremely active,4,8.5,1.96,2848,High
32,female,165.7,73.4,77.4,muscle gain,very active,5,7.2,1.2,3110,High
19,female,167.2,71.4,71.4,endurance,lightly active,3,3.0,2.84,2365,High
52,female,159.8,50.9,50.9,maintenance,lightly active,2,6.2,2.47,1259,Low
54,female,157.7,83.6,86.3,muscle gain,very active,5,8.1,4.07,2888,High
41,male,164.0,86.4,86.4,endurance,very active,4,6.6,3.48,2943,High
59,female,169.4,73.5,67.0,fat loss,lightly active,4,7.6,2.94,1631,Low
33,female,162.6,48.4,48.4,recomposition,moderately active,3,6.5,2.13,1621,High
45,female,158.1,70.1,70.1,endurance,extremely active,4,7.2,2.32,2424,High
31,male,162.5,92.4,92.4,maintenance,sedentary,3,7.0,2.71,2141,Low
47,female,164.4,64.5,64.5,endurance,moderately active,6,6.2,2.75,2027,High
23,male,165.4,90.0,90.0,recomposition,extremely active,5,7.7,2.0,3222,High
41,female,162.5,66.5,66.5,maintenance,sedentary,3,8.8,1.55,1667,Low
45,female,161.3,95.4,86.1,fat loss,moderately active,6,7.5,3.85,2099,High
46,male,171.9,68.3,59.6,fat loss,moderately active,1,7.1,2.52,1793,Moderate
40,female,165.1,71.6,71.6,recomposition,lightly active,5,6.0,2.8,1990,High
50,female,166.9,80.0,80.0,recomposition,moderately active,3,8.1,1.9,1953,Moderate
43,male,178.2,77.5,77.5,recomposition,very active,2,6.4,3.46,2651,High
31,male,169.7,91.2,96.3,muscle gain,lightly active,5,7.7,3.23,3234,Moderate
27,male,176.1,83.8,78.2,fat loss,moderately active,4,7.9,2.54,2292,High
50,female,157.3,59.4,53.0,fat loss,moderately active,1,8.2,2.65,1389,Moderate
66,female,151.8,53.4,51.6,fat loss,sedentary,2,8.2,2.7,967,Low
56,female,162.9,40.0,45.3,muscle gain,lightly active,3,8.2,2.57,1568,Moderate
50,female,169.0,70.3,70.3,endurance,very active,4,5.5,2.89,2491,High
65,female,167.9,63.0,63.0,recomposition,moderately active,5,6.0,2.76,1892,Moderate
64,male,174.2,88.7,79.7,fat loss,extremely active,3,5.4,2.38,2393,High
43,male,178.8,86.2,98.8,muscle gain,extremely active,5,5.3,1.68,3618,High
21,male,180.8,87.8,87.8,endurance,lightly active,5,8.8,2.48,2608,High
50,male,178.3,69.8,69.8,maintenance,extremely active,3,5.8,3.03,2830,High
49,female,152.2,60.5,66.5,muscle gain,extremely active,6,5.6,2.97,2454,High
30,male,181.5,60.7,68.6,muscle gain,moderately active,6,6.9,3.42,2594,High
61,male,168.9,66.2,68.5,muscle gain,very active,2,6.1,3.49,2787,High
62,male,165.8,80.5,80.5,maintenance,lightly active,4,9.7,2.99,2193,Moderate
33,male,152.6,83.7,83.7,maintenance,sedentary,6,6.7,2.63,1813,Low
41,male,174.5,57.2,57.2,maintenance,lightly active,4,7.5,2.74,1935,Moderate
26,male,169.2,65.2,65.2,recomposition,very active,5,6.1,2.1,2517,High
25,female,162.0,87.9,99.5,muscle gain,moderately active,5,5.0,3.06,2750,High
30,male,161.2,93.4,93.4,maintenance,moderately active,4,6.1,3.43,2757,Moderate
35,male,170.5,68.6,68.6,endurance,moderately active,3,6.1,3.23,2714,High
30,male,178.3,82.0,87.3,muscle gain,very active,4,6.1,2.89,3660,High
24,female,154.3,73.2,73.2,endurance,very active,5,5.1,2.33,2439,High
40,female,158.3,82.0,82.0,maintenance,very active,2,7.2,2.25,2602,High
49,female,156.8,74.2,78.0,muscle gain,moderately active,6,6.6,2.39,2473,High
33,female,159.8,64.2,64.2,recomposition,sedentary,2,5.1,1.99,1608,Low
44,female,165.9,86.1,91.6,muscle gain,lightly active,3,7.1,2.69,2365,Moderate
30,female,159.9,71.8,78.2,muscle gain,sedentary,1,7.9,0.54,1884,Low
54,male,175.6,101.1,111.2,muscle gain,very active,6,8.4,2.12,3262,High
51,female,170.5,45.8,45.8,maintenance,lightly active,5,4.1,2.55,1485,Low
67,male,171.8,95.4,83.6,fat loss,lightly active,1,6.1,4.25,1700,Low
18,male,179.5,54.4,56.1,muscle gain,moderately active,2,5.4,2.5,2932,Moderate
62,female,172.7,67.6,67.6,recomposition,moderately active,4,6.2,2.53,1861,High
34,male,173.8,75.6,81.0,muscle gain,extremely active,3,8.7,1.92,3551,High
19,male,172.3,113.8,113.8,maintenance,sedentary,1,6.1,3.7,2455,Low
53,female,161.9,68.7,76.6,muscle gain,extremely active,6,6.4,1.93,2479,High
25,male,167.9,90.4,90.4,endurance,lightly active,3,6.0,3.92,2760,Moderate
25,male,162.0,85.3,95.5,muscle gain,extremely active,5,9.0,1.98,3826,High
68,female,155.3,71.0,71.0,recomposition,moderately active,5,4.2,3.16,1834,Moderate
27,female,163.1,50.3,50.3,recomposition,moderately active,2,6.3,2.46,1616,High
45,male,162.5,63.2,63.2,maintenance,very active,3,6.0,2.11,2658,High
26,female,172.1,86.8,86.8,endurance,sedentary,5,4.9,3.21,2067,Low
22,female,159.6,51.9,51.9,endurance,very active,5,8.3,3.43,2361,High
16,male,179.2,71.4,68.0,fat loss,very active,2,4.8,2.37,2044,High
16,male,172.1,53.9,53.9,maintenance,sedentary,2,6.4,2.48,1893,Low
41,male,168.4,86.1,75.4,fat loss,sedentary,5,6.9,2.21,1638,Low
39,male,175.6,85.9,85.9,endurance,very active,3,6.1,2.66,3157,High
18,male,176.7,90.8,90.8,endurance,sedentary,1,4.9,1.73,2414,Low
34,male,175.7,95.6,95.6,maintenance,moderately active,3,6.8,0.61,2823,Moderate
30,male,173.7,67.1,71.0,muscle gain,lightly active,1,6.1,1.19,2272,Moderate
46,male,167.4,67.8,67.8,endurance,very active,4,8.0,2.35,2510,High
69,male,178.0,75.5,80.0,muscle gain,extremely active,6,7.6,1.75,3256,High
53,male,178.3,91.5,91.5,recomposition,extremely active,1,9.3,2.42,3445,High
65,male,176.4,50.6,50.6,recomposition,very active,2,7.1,2.14,2252,Moderate
26,male,175.8,81.8,90.9,muscle gain,very active,4,7.7,2.01,3510,High
27,female,160.0,65.1,71.8,muscle gain,sedentary,1,6.6,2.05,1768,Low
56,male,170.6,92.5,92.5,endurance,extremely active,4,9.1,3.18,3848,High
32,female,165.4,92.7,92.7,maintenance,extremely active,2,7.0,2.66,3243,High
61,female,170.6,64.7,64.7,maintenance,sedentary,4,6.9,3.6,1550,Low
41,female,155.7,49.5,49.5,endurance,very active,3,7.6,2.57,1837,High
26,female,172.3,87.1,87.1,maintenance,sedentary,6,6.2,1.16,2019,Low
61,male,172.9,84.6,84.6,maintenance,very active,6,6.4,1.77,2598,High
45,female,159.5,77.9,84.9,muscle gain,lightly active,6,7.6,2.58,2408,Moderate
59,male,178.3,63.6,63.6,recomposition,sedentary,1,7.9,2.67,1581,Low
40,male,168.9,55.4,48.2,fat loss,lightly active,6,7.7,2.09,1499,High
22,male,172.4,105.0,115.0,muscle gain,lightly active,1,6.9,1.94,2993,Moderate
52,male,182.9,67.0,67.0,endurance,lightly active,2,7.3,2.07,2200,Low
22,male,181.5,75.6,82.5,muscle gain,lightly active,6,8.2,2.4,2860,High
51,male,167.6,87.4,87.4,endurance,moderately active,6,5.7,2.47,2721,High
38,female,156.3,65.8,65.8,endurance,very active,2,7.0,1.73,2331,High
58,female,168.3,53.4,57.6,muscle gain,moderately active,6,3.5,2.67,2055,High
62,male,171.4,83.1,83.1,endurance,moderately active,1,7.9,2.67,2363,Moderate
37,female,168.8,73.2,73.2,recomposition,lightly active,3,6.1,2.42,1967,Moderate
63,male,176.6,89.9,89.9,endurance,lightly active,1,6.1,2.02,2464,Low
21,male,174.6,90.1,90.1,maintenance,sedentary,4,6.9,2.97,2175,Low
21,female,161.4,83.7,78.4,fat loss,lightly active,6,7.7,3.43,1751,Moderate
69,female,146.3,71.3,71.3,maintenance,sedentary,4,9.9,2.19,1355,Low
47,male,182.1,45.2,45.2,endurance,moderately active,4,5.1,2.06,1865,High
40,male,163.3,94.5,83.7,fat loss,very active,2,6.0,2.83,2645,High
24,male,171.8,71.1,64.0,fat loss,extremely active,4,7.3,1.68,2722,High
31,male,182.3,89.9,89.9,endurance,lightly active,2,6.1,1.61,2513,Low
53,male,186.0,87.1,87.1,maintenance,sedentary,4,8.0,2.05,2032,Low
60,female,147.2,80.3,80.3,maintenance,extremely active,1,6.8,2.72,2593,Moderate
65,female,158.6,72.8,72.8,recomposition,very active,4,8.1,1.88,2102,Moderate
38,male,179.0,78.8,78.8,recomposition,lightly active,3,6.7,2.49,2302,Moderate
40,female,174.4,68.2,68.2,maintenance,extremely active,5,7.7,1.09,2751,High
24,male,173.1,110.6,110.6,recomposition,very active,6,5.9,2.93,3473,High
20,male,181.1,61.2,61.2,maintenance,very active,6,9.3,3.51,2663,High
39,male,171.2,40.0,45.0,muscle gain,lightly active,3,5.0,1.86,1904,Moderate
47,female,162.7,61.4,61.4,recomposition,moderately active,4,6.2,2.81,1927,Moderate
21,female,163.1,82.8,94.1,muscle gain,lightly active,4,5.3,2.35,2531,Moderate
38,female,174.0,78.7,78.7,endurance,very active,6,8.0,2.57,2806,High
50,male,162.0,67.0,74.2,muscle gain,extremely active,5,7.6,2.33,2940,High
59,female,163.1,72.3,65.4,fat loss,extremely active,1,5.5,2.29,2071,High
66,male,165.3,60.7,60.7,endurance,lightly active,5,8.2,1.92,1789,High
34,male,186.5,86.3,81.5,fat loss,very active,3,6.2,1.73,2800,High
37,female,167.4,76.3,76.3,endurance,very active,6,7.5,3.27,2535,High
63,male,167.6,84.4,84.4,recomposition,sedentary,4,7.7,1.32,1709,Low
53,female,155.6,84.2,84.2,maintenance,very active,3,6.7,2.49,2400,High
30,female,172.6,61.5,65.3,muscle gain,sedentary,2,8.1,2.46,1882,Moderate
52,female,151.5,66.9,76.7,muscle gain,sedentary,6,6.8,2.47,1615,Moderate
24,male,187.6,75.1,69.1,fat loss,sedentary,1,7.4,2.97,1598,Low
40,male,171.7,86.8,86.8,endurance,moderately active,1,6.7,2.24,2914,High
32,female,158.9,50.9,53.0,muscle gain,sedentary,1,4.8,2.96,1681,Low
69,female,169.8,70.0,65.7,fat loss,moderately active,4,6.9,3.89,1549,Moderate
17,female,163.0,75.7,73.3,fat loss,very active,2,6.0,2.39,1915,High
62,female,153.8,41.4,41.4,recomposition,moderately active,4,8.7,1.08,1315,Moderate
31,male,171.9,65.1,65.1,maintenance,lightly active,5,5.4,2.4,2019,Moderate
17,male,174.7,87.9,100.5,muscle gain,lightly active,2,8.5,2.33,2574,Moderate
51,female,161.5,77.2,77.2,endurance,very active,1,6.8,2.78,2392,High
52,male,181.0,76.2,83.5,muscle gain,lightly active,3,7.5,1.1,2769,Moderate
23,female,162.8,59.1,59.1,endurance,very active,4,5.3,2.73,2402,High
18,male,165.1,88.4,82.6,fat loss,very active,5,6.6,2.21,2485,High
22,female,180.0,52.4,52.4,maintenance,moderately active,1,6.2,3.06,2227,Low
38,female,161.3,66.2,58.5,fat loss,lightly active,6,9.5,2.14,1504,High
23,male,184.0,104.8,98.7,fat loss,sedentary,4,6.2,3.11,1828,Moderate
53,male,176.0,94.0,94.0,recomposition,very active,3,8.4,1.44,3244,High
20,female,175.4,54.6,54.6,recomposition,lightly active,2,8.4,2.51,1826,Moderate
58,male,172.1,105.6,105.6,maintenance,moderately active,6,8.4,1.82,3018,High
63,female,165.5,73.6,73.6,maintenance,sedentary,1,6.3,2.16,1498,Low
54,female,161.3,60.6,67.6,muscle gain,very active,3,9.2,4.4,2018,High
66,female,153.0,82.2,82.2,recomposition,extremely active,3,9.4,1.84,2307,High
66,male,173.4,70.2,66.8,fat loss,extremely active,4,7.4,2.24,2073,High
18,female,165.2,67.5,67.5,maintenance,lightly active,2,6.4,1.7,2143,Low
34,male,166.5,86.5,86.5,endurance,sedentary,6,6.0,2.29,2007,Moderate
57,female,164.8,77.7,77.7,recomposition,sedentary,3,7.6,2.4,1554,Low
34,female,175.1,76.4,76.4,endurance,lightly active,5,7.1,1.99,2284,High
55,male,172.1,83.0,89.7,muscle gain,sedentary,4,7.2,3.6,2254,Low
57,male,178.0,89.0,80.3,fat loss,sedentary,2,5.4,3.31,1604,Low
69,male,175.8,79.6,79.6,endurance,very active,6,7.0,1.84,2515,High
33,female,161.0,62.4,62.4,maintenance,sedentary,3,8.4,3.07,1424,Low
34,male,159.5,62.7,62.7,recomposition,very active,4,8.0,2.16,2282,High
17,male,178.3,67.2,67.2,endurance,extremely active,4,6.5,1.64,3116,High
31,female,165.2,43.1,46.2,muscle gain,extremely active,4,6.9,2.0,2431,High
31,female,175.1,73.8,68.6,fat loss,extremely active,4,5.2,1.62,2199,High
40,female,163.0,74.8,74.8,endurance,lightly active,4,6.2,3.16,1872,High
38,female,154.9,58.5,61.9,muscle gain,very active,5,6.6,1.89,2124,High
62,female,171.1,64.8,58.9,fat loss,sedentary,3,7.8,3.4,1082,Low
57,female,171.8,57.0,57.0,maintenance,lightly active,5,6.2,2.6,1641,Low
55,male,179.3,87.6,75.8,fat loss,very active,4,5.8,2.22,2278,High
16,female,161.3,68.7,64.4,fat loss,lightly active,6,7.9,2.15,1602,High
41,female,167.4,52.8,52.8,recomposition,lightly active,4,6.5,3.73,1571,Low
55,female,161.5,67.9,61.3,fat loss,moderately active,4,6.0,2.51,1534,Moderate
29,female,148.6,58.5,58.5,recomposition,lightly active,3,8.0,2.15,1639,Moderate
38,female,166.9,87.0,87.0,maintenance,very active,3,7.6,3.1,2456,High
55,male,173.9,87.9,78.4,fat loss,extremely active,5,6.8,2.91,2679,High
58,female,173.1,66.4,66.4,endurance,moderately active,4,6.6,1.81,2157,High
62,female,157.9,69.1,62.6,fat loss,moderately active,3,7.5,2.5,1479,Moderate
39,male,183.5,72.8,72.8,recomposition,very active,5,7.6,1.23,2627,High
37,female,164.7,65.7,60.5,fat loss,moderately active,1,7.3,2.48,1666,High
36,male,179.4,72.2,72.2,maintenance,moderately active,1,7.1,2.72,2655,Moderate
52,female,163.8,87.2,82.0,fat loss,extremely active,4,6.3,2.81,2053,High
38,female,163.3,61.6,61.6,endurance,lightly active,3,6.3,1.8,1924,High
37,male,166.2,75.1,75.1,maintenance,lightly active,5,6.8,1.98,2444,Moderate
25,male,174.6,93.2,89.3,fat loss,sedentary,4,5.8,2.67,1820,Low
41,female,171.5,71.2,66.4,fat loss,sedentary,5,5.7,3.38,1468,Moderate
28,male,163.7,100.7,100.7,maintenance,very active,2,6.9,2.56,3362,High
44,female,161.8,71.1,71.1,maintenance,lightly active,2,8.2,2.11,1873,Low
63,male,179.0,95.5,99.7,muscle gain,very active,2,4.5,3.18,3264,Moderate
57,female,159.0,57.7,57.7,recomposition,sedentary,4,6.5,2.59,1256,Moderate
41,female,151.7,74.9,74.9,recomposition,very active,5,7.3,2.63,2053,High
68,female,163.2,54.7,54.7,recomposition,moderately active,6,8.3,3.06,1659,High
68,male,191.5,86.8,86.8,recomposition,extremely active,2,9.2,2.43,2983,High
39,female,161.9,63.8,63.8,endurance,extremely active,1,6.7,1.85,2854,High
57,male,160.8,84.1,89.8,muscle gain,moderately active,6,9.4,2.39,2790,High
34,male,174.6,88.2,85.5,fat loss,extremely active,4,7.5,3.28,2814,High
63,male,167.1,60.1,52.2,fat loss,extremely active,3,8.0,3.82,1869,High
36,female,160.1,84.9,73.7,fat loss,very active,2,5.7,1.65,2165,High
29,female,154.8,64.8,68.7,muscle gain,moderately active,6,7.5,3.65,2243,High
23,male,173.6,73.4,69.4,fat loss,extremely active,5,8.1,2.24,2510,High
61,male,169.1,85.7,85.7,endurance,extremely active,2,6.2,2.51,3093,High
32,female,154.9,68.5,75.0,muscle gain,moderately active,2,3.9,3.69,2140,High
59,male,172.8,51.9,58.8,muscle gain,lightly active,6,7.2,2.21,2017,Low
20,male,182.7,76.7,76.7,maintenance,lightly active,5,6.7,2.31,2469,Moderate
43,female,146.4,68.9,68.9,maintenance,extremely active,5,8.6,2.05,2149,High
39,male,168.2,86.9,80.5,fat loss,sedentary,1,6.4,2.53,1712,Low
39,female,167.2,73.9,73.9,endurance,sedentary,4,6.2,2.72,2029,Moderate
25,female,161.1,55.2,55.2,recomposition,moderately active,1,5.6,2.02,1714,High
19,male,166.1,69.2,69.2,endurance,extremely active,3,6.2,3.52,3250,High
34,male,165.6,84.9,84.9,endurance,lightly active,1,10.0,1.98,2729,Moderate
41,female,160.7,54.8,54.8,endurance,moderately active,2,5.1,2.85,1841,High
58,female,160.9,75.7,78.8,muscle gain,sedentary,2,5.4,2.52,1809,Low
40,female,159.6,79.6,79.6,recomposition,extremely active,2,6.9,3.37,2647,High
29,male,176.1,77.7,74.1,fat loss,extremely active,6,9.4,1.94,2746,High
30,female,171.3,56.7,63.5,muscle gain,very active,3,7.9,2.9,2845,High
49,female,154.5,80.0,80.0,recomposition,sedentary,1,8.9,4.19,1384,Low
39,male,180.4,91.4,91.4,recomposition,sedentary,6,6.5,1.49,2135,Moderate
64,female,171.4,60.1,60.1,recomposition,very active,1,5.3,1.87,1893,Moderate
39,female,161.7,65.9,65.9,recomposition,sedentary,1,6.5,3.96,1494,Low
46,male,176.4,77.3,72.0,fat loss,sedentary,6,6.9,2.41,1589,Low
19,male,163.2,64.7,64.7,maintenance,extremely active,3,7.0,2.58,2943,High
26,female,164.5,71.9,71.9,recomposition,moderately active,3,6.7,2.27,2004,Moderate
61,male,167.2,78.2,66.6,fat loss,moderately active,2,7.7,3.66,1778,Low
34,male,177.4,86.7,92.1,muscle gain,very active,4,6.1,1.37,3945,High
38,male,175.0,84.2,84.2,maintenance,lightly active,3,5.9,3.37,2208,Moderate
47,female,160.9,71.0,71.0,recomposition,lightly active,1,5.6,1.47,1851,Low
19,male,168.6,94.4,94.4,endurance,moderately active,6,7.2,1.4,2912,High
43,female,171.2,61.4,61.4,recomposition,sedentary,6,7.1,1.74,1500,Low
34,female,161.8,48.0,48.0,endurance,lightly active,2,8.3,2.41,1873,Moderate
24,female,167.7,71.3,78.9,muscle gain,moderately active,4,8.9,2.0,2692,High
38,female,166.3,76.9,85.0,muscle gain,extremely active,3,5.6,1.96,2834,High
40,male,174.5,75.2,84.1,muscle gain,very active,1,7.0,1.85,3119,High
26,male,170.6,64.7,64.7,endurance,very active,3,6.8,1.86,2872,High
45,male,175.3,85.9,85.9,recomposition,lightly active,4,5.2,1.85,2406,Moderate
56,female,156.3,85.4,85.4,maintenance,sedentary,1,6.4,2.66,1673,Low
30,female,154.8,79.7,79.7,maintenance,lightly active,3,8.9,2.05,1980,Moderate
68,male,172.1,91.4,94.3,muscle gain,very active,2,6.2,0.63,3527,High
49,female,158.2,94.6,94.6,endurance,sedentary,3,6.0,2.47,2109,Low
57,female,173.0,103.1,103.1,recomposition,extremely active,4,6.9,3.02,3134,High
19,male,169.4,103.6,103.6,maintenance,lightly active,3,8.1,2.3,2653,Low
57,male,167.9,90.3,90.3,recomposition,very active,5,6.6,1.62,2305,High
34,male,173.3,74.2,74.2,recomposition,extremely active,4,7.2,3.02,2767,High
54,male,180.1,74.8,77.1,muscle gain,very active,5,4.3,1.54,2820,High
59,male,176.3,91.0,91.0,recomposition,sedentary,4,7.7,2.28,1956,Low
29,female,164.9,69.3,69.3,recomposition,lightly active,5,7.3,2.48,1956,High
30,female,163.5,72.8,72.8,recomposition,moderately active,1,8.1,3.26,2370,Moderate
19,female,153.3,60.5,56.3,fat loss,extremely active,6,4.8,2.9,2139,High
48,male,158.2,97.6,85.4,fat loss,very active,5,6.6,2.67,2285,High
57,female,160.4,42.2,38.1,fat loss,very active,2,8.2,3.15,1371,High
38,male,161.9,101.6,106.7,muscle gain,extremely active,1,6.3,1.69,4016,High
24,male,165.1,109.0,101.7,fat loss,sedentary,1,7.1,3.61,1746,Low
33,female,171.7,76.8,76.8,maintenance,sedentary,5,6.5,0.5,1723,Low
37,female,162.7,72.5,72.5,endurance,moderately active,3,6.5,3.5,2213,High
65,male,186.7,77.1,71.6,fat loss,moderately active,2,8.4,1.91,2263,Low
22,male,179.9,54.4,62.4,muscle gain,lightly active,2,5.3,2.77,2463,High
34,female,170.4,64.7,57.9,fat loss,very active,3,6.9,3.51,1755,High
50,female,154.6,53.9,50.5,fat loss,sedentary,1,7.3,2.89,1024,Low
28,male,176.1,80.6,77.7,fat loss,sedentary,4,8.1,2.76,1747,Moderate
63,female,171.6,55.3,55.3,recomposition,extremely active,1,6.9,3.11,2044,High
65,female,164.9,68.6,68.6,endurance,sedentary,4,8.2,1.46,1517,Low
36,male,176.1,89.0,89.0,recomposition,moderately active,1,6.9,1.57,2791,Moderate
56,female,153.3,79.8,79.8,recomposition,extremely active,5,7.1,2.69,2573,High
56,female,176.4,94.8,83.2,fat loss,very active,2,7.1,2.36,2383,High
52,female,157.5,76.9,76.9,endurance,moderately active,4,7.8,2.28,2129,High
26,male,175.5,95.7,95.7,maintenance,lightly active,3,7.7,3.37,2626,Moderate
18,male,168.8,104.0,104.0,endurance,sedentary,6,5.7,3.31,2486,Low
34,female,145.9,47.4,50.8,muscle gain,sedentary,5,7.3,1.86,1508,Moderate
23,female,155.4,41.0,41.0,recomposition,moderately active,6,7.6,2.81,1590,High
31,male,167.2,83.0,83.0,maintenance,moderately active,5,8.8,1.4,2365,High
50,female,160.3,78.6,78.6,maintenance,lightly active,6,5.8,1.39,1948,Moderate
47,female,153.0,70.2,60.7,fat loss,lightly active,2,7.6,1.88,1433,Low
27,male,170.4,100.0,100.0,maintenance,sedentary,2,6.6,2.46,2266,Low
16,female,156.7,58.5,50.7,fat loss,sedentary,5,7.2,2.04,1412,Moderate
28,male,173.9,85.9,85.9,recomposition,lightly active,1,5.7,2.82,2288,Low
40,male,169.6,86.8,86.8,recomposition,extremely active,2,7.0,2.49,3394,High
58,male,175.0,76.7,76.7,endurance,lightly active,5,7.4,3.28,2092,Moderate
35,male,173.1,48.3,48.3,maintenance,sedentary,3,5.8,2.88,1702,Low
31,female,181.2,91.0,91.0,endurance,moderately active,2,8.7,1.77,2674,High
45,male,186.1,70.1,70.1,endurance,sedentary,2,5.1,3.13,2063,Low
19,female,162.0,74.4,74.4,maintenance,moderately active,5,7.6,1.9,2432,High
28,male,172.3,85.3,85.3,endurance,very active,3,4.1,2.79,3140,High
17,female,159.1,79.4,79.4,recomposition,sedentary,1,6.7,2.16,1685,Low
44,male,167.8,51.3,56.6,muscle gain,extremely active,4,7.6,3.43,2828,High
39,female,157.5,80.8,80.8,maintenance,very active,5,7.9,3.01,3037,High
47,female,174.7,75.2,68.1,fat loss,extremely active,1,6.9,2.02,2227,Moderate
49,female,159.1,53.8,57.4,muscle gain,very active,1,6.7,2.23,2195,Moderate
37,male,177.7,88.5,96.3,muscle gain,extremely active,4,7.7,4.79,3964,High
62,male,171.5,75.1,81.3,muscle gain,moderately active,6,8.1,1.62,2364,High
65,male,172.5,94.9,99.9,muscle gain,sedentary,1,8.7,2.0,2421,Low
21,male,171.0,93.9,83.2,fat loss,sedentary,4,5.5,2.03,1910,Moderate
65,male,195.7,57.1,57.1,maintenance,sedentary,5,6.8,1.69,1580,Low
26,female,171.2,61.7,66.2,muscle gain,sedentary,1,4.4,1.76,2147,Low
29,male,160.5,108.4,114.2,muscle gain,extremely active,2,5.4,2.42,4144,High
44,male,163.8,93.1,93.1,recomposition,extremely active,4,6.2,2.83,2930,High
17,male,180.3,62.3,62.3,endurance,very active,4,8.0,1.38,3081,High
35,female,167.0,64.8,58.8,fat loss,sedentary,4,6.4,2.15,1231,Moderate
26,female,160.3,78.3,78.3,maintenance,extremely active,2,6.7,1.94,2564,High
42,female,161.3,60.5,60.5,endurance,lightly active,6,7.4,1.68,1764,High
59,male,180.2,75.6,75.6,recomposition,extremely active,3,6.2,3.2,2835,High
65,male,173.7,79.3,68.2,fat loss,very active,4,4.6,1.96,1948,High
27,female,161.8,65.4,65.4,recomposition,moderately active,4,6.1,1.54,1922,High
45,female,159.7,64.2,56.5,fat loss,very active,4,6.9,3.12,1623,High
41,male,181.1,105.7,105.7,recomposition,very active,2,7.6,3.38,3189,High
38,male,177.8,73.3,73.3,maintenance,extremely active,2,6.8,2.67,3275,High
50,male,170.3,64.2,64.2,maintenance,very active,1,7.5,1.84,2542,Moderate
69,female,158.4,60.9,64.8,muscle gain,lightly active,5,8.1,2.31,1680,Moderate
37,male,188.9,102.8,102.8,endurance,sedentary,2,8.3,2.04,2276,Low
19,female,163.8,68.5,61.0,fat loss,extremely active,1,7.2,2.47,2204,High
65,female,161.9,66.5,66.5,endurance,very active,1,5.6,3.0,2016,High
66,female,163.8,81.7,78.6,fat loss,sedentary,6,5.5,2.48,1162,Low
33,female,165.4,67.9,73.3,muscle gain,very active,3,5.6,2.5,2820,High
43,male,175.8,63.7,63.7,maintenance,extremely active,4,5.7,2.14,2667,High
62,female,171.4,70.2,70.2,maintenance,very active,4,7.1,2.97,2259,High
43,male,180.0,78.4,88.2,muscle gain,lightly active,6,9.3,2.76,2540,High
41,male,176.8,88.5,93.3,muscle gain,sedentary,6,7.3,1.21,2268,Low
65,male,170.1,104.9,104.9,maintenance,extremely active,5,6.9,1.25,3654,High
60,male,177.7,74.6,66.0,fat loss,lightly active,6,8.2,2.27,1656,Moderate
43,male,174.5,52.0,44.5,fat loss,extremely active,2,6.0,3.18,2061,High
24,male,172.8,77.2,81.3,muscle gain,moderately active,3,8.3,3.32,2882,High
39,male,193.8,84.2,74.7,fat loss,very active,2,8.2,3.03,2598,High
52,male,164.2,82.8,79.7,fat loss,lightly active,5,7.1,2.39,1742,Low
30,male,181.7,77.8,70.1,fat loss,very active,2,9.5,3.53,2338,High
45,male,169.0,100.8,100.8,endurance,moderately active,5,8.3,1.99,2835,High
51,female,159.2,85.4,81.0,fat loss,lightly active,2,7.1,2.26,1572,Low
20,male,193.0,78.5,69.3,fat loss,very active,5,6.8,1.51,2515,High
46,male,168.3,69.1,69.1,recomposition,moderately active,1,6.5,2.26,2466,Moderate
55,male,169.9,55.5,55.5,maintenance,very active,5,6.8,1.9,2250,High
27,male,174.9,84.6,84.6,maintenance,sedentary,5,6.9,3.58,2214,Low
45,female,172.6,58.6,58.6,recomposition,sedentary,4,6.6,3.44,1450,Moderate
54,female,155.8,68.1,68.1,recomposition,very active,4,6.7,2.54,1971,High
18,female,164.2,65.6,65.6,maintenance,extremely active,3,5.6,2.83,2866,High
50,female,153.0,70.5,70.5,endurance,sedentary,4,6.3,2.08,1630,Moderate
30,male,165.7,71.3,75.5,muscle gain,sedentary,4,5.1,0.72,2228,Moderate
37,female,157.5,68.3,76.8,muscle gain,lightly active,3,7.5,1.97,2102,Moderate
50,male,173.4,85.7,85.7,maintenance,sedentary,4,7.1,3.02,1838,Low
16,female,164.4,80.3,80.3,endurance,lightly active,1,6.9,2.81,2356,Moderate
16,male,185.6,71.7,71.7,endurance,very active,3,8.1,2.23,3215,High
40,female,159.0,101.3,101.3,recomposition,very active,3,6.0,3.02,2614,High
67,male,167.7,78.2,67.7,fat loss,very active,6,6.1,2.17,2500,High
16,female,168.6,66.9,66.9,recomposition,moderately active,2,5.2,1.7,1989,Moderate
58,male,170.9,82.9,75.4,fat loss,sedentary,6,8.2,3.02,1539,Low
20,female,156.1,62.8,62.8,endurance,moderately active,6,7.7,2.07,2163,High
42,female,163.2,91.2,85.2,fat loss,extremely active,5,8.6,3.22,2361,High
39,female,166.8,63.2,60.2,fat loss,lightly active,5,8.9,1.1,1362,Moderate
41,male,173.6,86.9,86.9,maintenance,moderately active,2,6.5,2.1,2755,Moderate
20,male,173.5,83.6,83.6,maintenance,lightly active,1,6.1,2.92,2341,Low
56,female,160.8,73.1,77.4,muscle gain,lightly active,5,4.8,2.85,2028,Moderate
30,male,178.2,77.8,77.8,maintenance,moderately active,5,5.7,2.35,2733,High
57,male,169.2,82.6,82.6,recomposition,sedentary,5,6.6,2.7,1801,Low
51,male,172.7,73.2,73.2,recomposition,sedentary,4,4.5,2.6,1772,Low
45,male,173.4,58.3,58.3,recomposition,sedentary,6,5.7,1.46,1806,Low
32,male,180.2,84.8,95.7,muscle gain,very active,1,6.9,2.25,3637,High
51,male,166.8,84.9,84.9,maintenance,extremely active,1,8.1,2.66,3151,High
69,female,157.7,73.0,64.2,fat loss,moderately active,1,6.1,2.85,1538,Moderate
65,female,164.7,61.0,65.2,muscle gain,very active,2,7.2,2.45,2234,High
65,male,174.9,69.9,69.9,endurance,extremely active,1,9.2,2.11,3034,High
27,male,166.9,55.2,53.5,fat loss,very active,1,4.8,1.57,1948,High
47,male,165.9,70.2,70.2,maintenance,lightly active,5,8.3,3.03,2350,Moderate
37,female,159.0,69.8,69.8,maintenance,very active,1,7.5,2.95,2348,Moderate
68,male,168.2,84.7,90.4,muscle gain,lightly active,5,8.5,3.19,2816,Moderate
67,female,174.1,76.0,69.1,fat loss,extremely active,4,8.2,1.75,2329,High
62,female,165.3,79.4,72.2,fat loss,extremely active,4,6.2,2.59,1999,High
24,female,160.9,74.5,74.5,recomposition,sedentary,1,7.0,2.02,1699,Low
33,male,169.5,67.1,67.1,maintenance,extremely active,1,5.2,2.53,3049,High
54,female,161.8,55.5,55.5,maintenance,lightly active,1,6.4,4.53,1648,Low
56,female,166.6,59.7,56.9,fat loss,moderately active,2,7.0,3.13,1496,Moderate
34,female,161.6,57.6,57.6,maintenance,very active,6,7.4,1.97,2322,High
23,female,169.0,60.9,54.8,fat loss,sedentary,3,7.9,2.32,1193,Low
23,female,153.2,80.0,86.1,muscle gain,sedentary,2,8.9,2.25,1918,Low
52,male,165.0,49.2,49.2,endurance,moderately active,2,6.5,2.59,2040,High
40,female,153.1,62.5,62.5,maintenance,moderately active,3,8.4,1.43,1817,Moderate
42,female,162.6,75.7,71.2,fat loss,moderately active,4,7.3,2.73,1558,High
60,male,184.1,122.1,122.1,maintenance,extremely active,5,5.4,1.02,4155,High
16,male,178.7,76.7,70.4,fat loss,lightly active,1,6.8,1.33,1858,Moderate
56,female,155.2,82.9,71.8,fat loss,very active,5,7.1,3.9,1798,Moderate
30,male,171.0,72.8,72.8,recomposition,sedentary,1,6.0,2.25,1968,Low
66,male,169.2,80.9,80.9,recomposition,moderately active,2,5.8,3.5,2437,Moderate
67,female,154.0,54.3,58.9,muscle gain,moderately active,4,5.7,1.93,1693,High
43,female,164.7,55.0,55.0,recomposition,moderately active,1,6.3,1.03,1662,Low
33,female,174.8,50.3,43.0,fat loss,sedentary,2,6.0,1.76,1159,Low
28,male,189.6,85.5,85.5,maintenance,sedentary,4,8.5,4.38,2439,Moderate
25,male,183.8,77.6,77.6,maintenance,extremely active,5,4.1,1.51,3670,High
69,female,172.0,64.1,61.6,fat loss,extremely active,1,7.1,3.74,1876,High
26,female,169.1,64.5,64.5,recomposition,sedentary,5,7.6,2.74,1632,Moderate
40,male,172.0,74.2,74.2,maintenance,lightly active,3,5.8,2.58,2054,Low
41,male,179.2,66.0,66.0,maintenance,extremely active,4,6.7,1.98,3086,High
52,male,172.6,70.1,70.1,recomposition,sedentary,2,6.6,1.87,1820,Low
61,female,153.5,51.8,51.8,recomposition,moderately active,6,6.9,2.89,1504,High
46,male,177.8,76.8,76.8,maintenance,lightly active,5,7.8,3.42,2302,Moderate
56,female,173.0,67.1,67.1,endurance,extremely active,4,7.7,2.64,2454,High
46,male,175.9,94.3,90.0,fat loss,very active,2,6.3,3.02,2684,High
39,female,166.1,76.0,76.0,recomposition,very active,5,5.2,2.2,2171,High
24,male,165.0,60.6,65.5,muscle gain,sedentary,3,7.2,4.02,2044,Moderate
27,female,154.5,66.6,66.6,maintenance,sedentary,4,6.2,2.67,1647,Low
39,female,158.2,62.8,62.8,recomposition,very active,4,6.4,3.92,2207,High
18,male,165.2,89.5,89.5,endurance,lightly active,5,7.3,1.82,2828,High
33,male,169.7,74.8,74.8,maintenance,moderately active,6,6.5,2.47,2730,High
40,female,161.3,68.8,66.6,fat loss,sedentary,3,7.4,3.25,1258,Low
41,female,175.4,73.6,73.6,endurance,sedentary,1,10.0,2.6,2105,Moderate
59,female,165.8,92.4,92.4,maintenance,very active,3,7.8,2.86,2764,High
68,female,164.5,46.4,43.2,fat loss,sedentary,3,8.6,1.82,931,Low
55,female,155.9,62.5,58.0,fat loss,sedentary,3,7.6,2.22,1098,Low
20,female,151.5,50.4,44.1,fat loss,extremely active,3,7.1,1.89,1891,High
38,male,173.1,82.7,89.1,muscle gain,very active,4,7.6,2.44,3237,High
55,female,151.2,65.3,75.1,muscle gain,lightly active,4,7.6,2.37,1652,Moderate
48,male,172.3,80.8,80.8,endurance,extremely active,3,8.0,2.13,3308,High
40,male,193.0,101.8,101.8,endurance,extremely active,4,7.1,2.94,3496,High
39,male,180.4,120.8,112.0,fat loss,moderately active,6,5.4,1.75,2718,High
37,male,173.1,78.2,87.1,muscle gain,moderately active,4,5.2,1.0,3035,High
47,male,170.7,71.8,81.6,muscle gain,very active,4,7.6,2.1,2956,High
25,female,176.7,75.2,75.2,maintenance,sedentary,2,5.6,4.01,2014,Low
43,male,175.9,49.0,44.5,fat loss,extremely active,3,7.8,2.86,2204,High
27,male,172.1,97.5,110.9,muscle gain,sedentary,1,8.6,1.91,2424,Low
52,male,178.7,75.1,75.1,maintenance,very active,4,6.7,2.81,2790,Moderate
62,female,172.5,52.2,52.2,maintenance,moderately active,1,8.5,2.41,1696,Low
43,female,148.9,76.5,76.5,endurance,sedentary,5,7.3,2.77,1630,Moderate
36,female,173.4,81.4,81.4,endurance,moderately active,6,7.0,3.12,2708,High
66,male,166.8,67.0,72.4,muscle gain,lightly active,5,7.1,2.64,2217,Moderate
51,female,159.3,52.6,52.6,endurance,extremely active,1,6.0,2.58,2111,High
39,female,160.5,65.3,65.3,endurance,moderately active,4,5.8,3.54,2144,High
17,male,162.2,70.8,79.5,muscle gain,lightly active,3,5.0,2.88,2414,Moderate
16,female,155.2,73.8,73.8,maintenance,lightly active,1,6.1,2.64,1958,Low
27,male,163.2,78.0,78.0,recomposition,sedentary,5,9.6,2.53,2080,Moderate
28,female,166.7,86.6,86.6,endurance,moderately active,6,5.2,2.1,3015,High
54,female,164.5,51.2,51.2,recomposition,moderately active,3,5.6,1.63,1808,Low
43,male,188.0,82.5,82.5,endurance,extremely active,6,6.0,2.97,3630,High
69,female,160.7,46.1,46.1,recomposition,very active,1,6.1,3.39,1590,Moderate
45,male,167.6,99.5,89.1,fat loss,moderately active,6,7.3,2.8,2398,Moderate
64,male,160.9,84.7,92.0,muscle gain,lightly active,5,6.3,2.9,2382,Low
45,female,170.0,111.5,111.5,endurance,lightly active,5,6.8,1.88,2365,Moderate
35,female,166.0,81.3,81.3,maintenance,very active,4,6.0,2.08,2898,High
54,female,169.6,72.3,67.4,fat loss,sedentary,1,6.4,1.6,1205,Low
40,female,169.1,71.3,78.5,muscle gain,sedentary,3,6.9,2.33,2031,Low
30,male,181.5,92.6,92.6,maintenance,extremely active,6,6.8,3.19,3805,High
41,female,171.5,69.7,69.7,maintenance,sedentary,3,9.4,2.01,1871,Low
51,female,162.4,71.6,61.6,fat loss,lightly active,1,7.0,2.45,1521,Moderate
36,female,156.6,42.5,47.5,muscle gain,moderately active,3,6.7,2.99,1780,High
54,female,161.2,70.6,77.6,muscle gain,sedentary,1,4.0,3.35,1836,Low
68,female,160.7,69.3,75.6,muscle gain,very active,3,7.3,1.35,2261,High
38,female,166.6,90.8,90.8,endurance,moderately active,4,4.6,2.17,2449,High
31,male,186.4,82.6,75.2,fat loss,sedentary,1,7.7,1.98,1573,Low
37,male,173.0,65.9,65.9,recomposition,moderately active,3,7.2,1.89,2280,High
61,male,171.8,92.4,95.3,muscle gain,extremely active,4,8.0,2.23,3247,High
25,female,151.6,69.0,69.0,maintenance,lightly active,5,6.2,1.14,2018,High
68,female,162.1,66.3,76.0,muscle gain,very active,1,7.0,2.24,2056,High
38,male,175.7,103.3,103.3,endurance,moderately active,4,7.8,2.52,3095,High
61,female,154.2,66.0,66.0,endurance,moderately active,4,5.9,1.77,1846,High
58,female,158.5,60.5,62.6,muscle gain,moderately active,1,7.7,2.16,2008,Moderate
58,male,171.0,87.9,82.7,fat loss,moderately active,1,7.7,2.51,1955,Low
65,male,172.4,71.8,68.1,fat loss,sedentary,4,6.8,2.58,1513,Low
25,female,158.7,59.2,59.2,recomposition,moderately active,6,8.9,1.36,1930,High
48,male,179.5,64.9,64.9,endurance,moderately active,6,7.6,2.99,2497,High
21,female,163.0,75.0,68.2,fat loss,very active,5,5.0,3.01,1993,High
32,female,170.1,64.5,57.6,fat loss,very active,6,8.2,1.98,1977,High
18,female,173.3,101.9,101.9,maintenance,moderately active,4,6.2,3.67,3110,Moderate
52,male,171.5,88.1,88.1,endurance,lightly active,1,8.0,2.82,2848,Moderate
48,female,164.6,51.9,51.9,recomposition,very active,4,7.4,2.72,1773,High
55,male,165.5,79.9,73.4,fat loss,extremely active,3,3.8,2.98,2357,High
25,male,176.6,42.2,42.2,endurance,extremely active,2,7.7,1.78,2484,High
33,male,164.2,76.5,79.9,muscle gain,lightly active,1,6.7,2.25,2615,Low
52,male,167.8,60.5,62.6,muscle gain,lightly active,1,6.4,2.93,1978,Low
60,male,160.9,71.5,79.0,muscle gain,moderately active,5,6.5,1.94,2516,High
63,female,161.4,63.7,63.7,recomposition,very active,2,7.9,2.25,2059,Moderate
19,male,186.3,45.9,49.0,muscle gain,very active,4,5.9,2.92,2889,High
37,female,162.8,61.2,61.2,recomposition,very active,2,8.3,2.72,1986,High
16,male,179.5,91.6,104.2,muscle gain,moderately active,3,5.2,2.51,3677,High
60,male,191.5,70.2,60.7,fat loss,extremely active,3,7.4,2.54,2542,High
22,female,168.6,63.2,54.4,fat loss,sedentary,2,7.9,2.38,1266,Low
60,female,157.7,56.5,56.5,maintenance,lightly active,3,7.9,3.1,1511,Low
24,female,150.7,71.9,68.2,fat loss,moderately active,5,7.2,3.96,1623,High
16,female,169.0,54.5,54.5,maintenance,moderately active,4,6.8,2.7,2243,Moderate
63,male,170.6,86.9,86.9,recomposition,extremely active,5,6.3,3.4,2955,High
39,male,171.1,82.3,82.3,maintenance,very active,6,5.5,2.19,3206,High
38,female,156.6,82.8,82.8,maintenance,moderately active,3,6.2,2.02,2130,High
50,female,162.2,79.4,68.7,fat loss,moderately active,5,5.8,1.95,1756,Moderate
30,male,163.5,56.4,50.8,fat loss,sedentary,1,5.6,1.86,1382,Low
53,male,169.3,79.5,71.5,fat loss,lightly active,4,9.2,2.29,1779,Moderate
39,female,152.1,92.1,89.2,fat loss,sedentary,3,4.9,3.12,1406,Low
30,female,158.6,100.1,100.1,maintenance,sedentary,1,8.4,3.2,1745,Low
37,male,183.0,93.7,103.2,muscle gain,moderately active,6,5.5,2.14,3434,High
16,male,193.9,83.6,83.6,recomposition,sedentary,5,5.8,2.27,2256,Moderate
32,female,167.5,60.8,68.3,muscle gain,sedentary,4,5.8,2.5,1703,Moderate
47,male,172.1,95.4,99.9,muscle gain,extremely active,5,5.7,2.66,3714,High
23,male,179.1,99.1,99.1,maintenance,extremely active,5,8.1,2.91,3534,High
22,male,170.2,63.2,68.2,muscle gain,moderately active,5,7.7,2.22,2454,High
51,female,164.9,47.1,44.0,fat loss,extremely active,2,6.7,2.36,1753,High
39,male,172.1,69.9,65.8,fat loss,sedentary,3,10.0,3.45,1573,Low
23,male,156.6,98.5,98.5,endurance,extremely active,3,7.0,2.3,3398,High
56,male,175.9,66.5,61.8,fat loss,moderately active,6,7.1,2.1,2127,High
57,female,153.5,59.3,65.6,muscle gain,lightly active,1,6.2,2.44,1589,Low
17,male,183.9,64.3,64.3,maintenance,very active,6,6.0,2.55,3080,High
26,male,175.0,118.5,118.5,maintenance,moderately active,3,6.4,1.42,3339,Moderate
35,male,166.2,78.0,78.0,recomposition,very active,5,8.0,2.19,2497,High
55,female,163.5,78.1,78.1,recomposition,lightly active,2,7.7,2.79,1823,Moderate
19,female,156.9,57.2,57.2,recomposition,moderately active,6,8.5,3.9,1888,High
59,female,155.5,62.6,65.9,muscle gain,sedentary,4,6.1,2.13,1476,Low
33,male,179.4,55.2,55.2,endurance,lightly active,6,7.7,3.04,2358,High
22,female,155.2,50.3,44.4,fat loss,moderately active,3,7.4,2.63,1546,Moderate
62,male,181.5,69.8,75.1,muscle gain,extremely active,6,7.5,3.31,3391,High
20,female,161.8,74.4,83.4,muscle gain,sedentary,6,6.0,2.07,1982,Low
22,male,173.3,68.9,76.6,muscle gain,moderately active,1,5.8,3.27,2955,Moderate
67,female,159.9,72.2,72.2,maintenance,sedentary,3,7.6,3.48,1468,Low
44,female,160.2,68.8,61.4,fat loss,moderately active,3,8.0,3.51,1671,Moderate
41,male,179.7,70.3,70.3,endurance,extremely active,2,6.3,3.5,3055,High
53,female,151.6,52.7,45.9,fat loss,lightly active,6,7.7,2.63,989,Moderate
50,male,185.8,74.5,84.8,muscle gain,very active,1,8.4,2.91,3471,High
49,male,172.4,71.7,71.7,maintenance,lightly active,2,6.6,2.21,2136,Low
17,male,184.3,92.5,92.5,endurance,extremely active,2,5.3,0.94,4120,High
45,female,160.7,63.5,63.5,maintenance,very active,3,5.4,2.68,2073,High
31,male,167.4,90.3,90.3,maintenance,lightly active,5,6.2,2.39,2441,Moderate
59,female,160.7,62.3,68.3,muscle gain,lightly active,1,6.5,3.17,1968,Low
43,female,158.1,62.3,62.3,recomposition,extremely active,4,7.0,3.1,2278,High
22,female,160.3,71.7,71.7,maintenance,moderately active,3,7.0,1.76,2541,Moderate
63,female,159.0,81.7,74.8,fat loss,lightly active,4,6.7,4.14,1547,Low
31,male,182.5,93.4,93.4,maintenance,moderately active,1,7.8,2.77,2864,Moderate
30,female,170.8,57.2,57.2,endurance,sedentary,6,6.1,1.6,1718,Moderate
66,male,175.4,85.4,85.4,endurance,sedentary,4,8.5,1.7,2255,Moderate
57,female,162.8,75.1,79.2,muscle gain,moderately active,2,8.1,0.98,2326,High
62,male,170.4,75.8,75.8,recomposition,lightly active,5,8.0,3.03,2060,Moderate
51,female,163.2,54.7,62.1,muscle gain,moderately active,3,6.2,2.13,2168,High
65,female,154.9,71.6,71.6,recomposition,lightly active,3,6.9,1.91,1345,Low
22,female,154.7,95.6,95.6,maintenance,moderately active,2,7.9,2.05,2668,Low
48,male,172.1,65.4,74.9,muscle gain,very active,3,6.8,2.29,3121,High
31,female,170.4,57.8,57.8,endurance,very active,2,6.2,2.9,2293,High
37,male,186.2,93.7,102.0,muscle gain,lightly active,5,6.1,1.35,3143,Moderate
28,male,171.9,96.5,100.4,muscle gain,lightly active,3,6.2,1.75,2932,High
27,male,171.7,87.8,87.8,endurance,very active,1,5.6,2.83,2964,High
39,female,160.7,76.9,81.5,muscle gain,extremely active,5,10.0,2.08,3159,High
65,female,168.5,59.0,50.7,fat loss,moderately active,6,4.7,2.91,1434,High
50,female,159.1,40.0,40.0,endurance,sedentary,6,5.8,2.15,1234,Moderate
34,male,180.9,82.4,82.4,maintenance,moderately active,3,7.7,3.6,2881,High
39,male,175.8,107.7,107.7,endurance,very active,2,6.2,2.65,3392,High
44,female,157.1,58.2,55.8,fat loss,extremely active,2,6.6,3.36,1881,High
29,male,180.1,89.6,89.6,recomposition,extremely active,3,7.5,2.86,3210,High
44,male,182.8,65.7,57.4,fat loss,very active,1,8.2,2.9,2385,High
53,female,152.7,62.7,62.7,maintenance,moderately active,6,6.7,1.97,1913,Moderate
29,male,186.0,88.6,99.2,muscle gain,sedentary,2,8.1,3.32,2802,Low
47,female,172.1,80.4,80.4,maintenance,extremely active,5,5.0,2.65,2897,High
54,female,155.7,64.5,66.4,muscle gain,moderately active,3,6.3,1.83,2008,High
44,female,172.3,61.2,61.2,endurance,very active,5,7.6,1.02,2266,High
31,female,160.0,69.7,69.7,recomposition,very active,6,9.4,2.6,2157,High
45,female,177.8,66.1,57.9,fat loss,sedentary,3,5.8,3.56,1317,Low
58,female,158.2,45.2,45.2,maintenance,lightly active,6,5.6,1.86,1305,Moderate
27,male,188.6,98.9,98.9,recomposition,very active,3,7.4,1.84,3404,High
47,male,179.3,97.9,97.9,maintenance,moderately active,2,7.1,2.28,2758,Moderate
52,male,176.6,59.0,59.0,recomposition,very active,5,6.1,3.27,2270,High
33,female,172.4,43.1,43.1,maintenance,moderately active,1,5.5,1.21,1791,Low
36,female,166.3,65.7,65.7,endurance,sedentary,1,6.4,2.04,1628,Low
63,male,171.1,69.1,69.1,recomposition,lightly active,3,7.6,1.8,1856,Moderate
35,female,153.8,67.2,67.2,maintenance,moderately active,4,6.6,2.89,2081,High
48,male,175.4,100.5,100.5,endurance,lightly active,3,8.4,2.4,2552,Low
24,female,156.2,61.9,65.9,muscle gain,sedentary,1,6.8,2.26,1639,Low
66,female,153.6,62.7,62.7,recomposition,sedentary,4,7.7,2.37,1236,Low
48,female,164.7,65.5,65.5,recomposition,lightly active,4,7.3,3.05,1562,Moderate
57,male,155.9,80.5,86.5,muscle gain,extremely active,2,6.5,3.29,3447,High
48,male,176.3,69.3,69.3,endurance,extremely active,4,8.0,3.22,2981,High
35,female,168.0,87.8,98.7,muscle gain,extremely active,3,5.5,2.9,3398,High
34,female,169.1,61.3,61.3,endurance,extremely active,1,6.3,3.47,2744,High
53,female,173.3,56.2,51.0,fat loss,extremely active,5,6.5,1.85,1713,High
62,male,186.8,98.4,106.5,muscle gain,very active,3,7.5,2.77,3387,High
22,male,176.2,89.6,98.0,muscle gain,sedentary,6,7.8,4.14,2447,Moderate
61,male,175.0,68.0,75.5,muscle gain,lightly active,2,6.0,1.21,2376,Low
60,female,160.4,80.5,80.5,maintenance,very active,1,5.9,2.13,2578,Moderate
21,male,175.0,87.3,87.3,recomposition,lightly active,5,7.1,1.77,2710,High
21,male,169.5,101.0,101.0,maintenance,lightly active,6,5.2,2.7,2915,High
53,male,171.4,79.7,79.7,maintenance,sedentary,6,8.2,3.51,1786,Low
61,female,177.1,56.8,50.4,fat loss,lightly active,6,6.7,2.88,1260,Moderate
37,female,163.1,63.5,55.2,fat loss,lightly active,2,5.6,2.35,1559,Moderate
50,female,158.7,85.3,95.9,muscle gain,extremely active,5,5.6,2.88,3331,High
69,male,172.5,82.4,79.8,fat loss,very active,1,7.4,2.3,2259,Moderate
33,male,171.0,63.6,56.2,fat loss,sedentary,3,7.3,2.64,1555,Low
28,male,178.5,80.2,75.3,fat loss,moderately active,6,6.1,2.93,2154,High
69,male,180.5,89.6,95.9,muscle gain,extremely active,4,6.9,3.73,3953,High
31,female,177.7,73.3,68.7,fat loss,moderately active,6,5.6,2.81,1811,High
41,female,167.4,86.2,75.8,fat loss,extremely active,6,6.7,2.65,2118,High
39,female,168.8,67.1,70.5,muscle gain,sedentary,5,8.8,3.92,1930,Moderate
44,male,165.4,71.4,75.1,muscle gain,lightly active,5,9.6,1.13,2278,High
30,male,178.8,103.3,103.3,endurance,extremely active,3,6.7,2.44,3689,High
52,female,156.9,81.3,81.3,recomposition,very active,4,7.5,1.98,2368,High
53,male,186.3,72.7,72.7,recomposition,lightly active,1,7.5,2.33,1897,Low
26,male,180.2,63.6,63.6,recomposition,extremely active,4,4.9,2.92,3036,High
41,male,180.0,83.9,74.1,fat loss,lightly active,6,5.6,3.19,1888,High
19,male,190.8,73.1,73.1,maintenance,very active,1,4.2,2.14,3467,High
27,female,164.0,53.4,53.4,recomposition,lightly active,3,7.5,2.97,1695,Moderate
69,female,161.0,84.4,84.4,endurance,lightly active,6,9.3,1.87,2066,Moderate
43,male,180.9,65.8,65.8,maintenance,lightly active,3,8.3,1.6,2029,Moderate
49,female,165.1,63.5,66.7,muscle gain,lightly active,4,7.1,2.55,1744,High
63,male,183.7,76.3,76.3,recomposition,moderately active,5,6.9,2.35,2306,Moderate
54,male,174.7,115.0,105.1,fat loss,extremely active,5,6.6,3.54,3115,High
58,male,175.9,88.3,88.3,endurance,very active,5,8.3,3.99,3088,High
54,female,167.3,74.7,78.0,muscle gain,sedentary,1,7.3,2.07,1956,Low
42,female,174.5,74.1,70.7,fat loss,moderately active,1,7.1,1.23,1871,High
50,female,164.9,65.6,71.1,muscle gain,moderately active,5,5.7,1.54,2075,High
31,male,176.9,74.4,74.4,endurance,sedentary,6,7.7,1.92,2201,Moderate
64,male,169.6,98.6,98.6,maintenance,lightly active,2,6.8,2.65,2405,Low
25,female,176.3,58.9,55.3,fat loss,extremely active,4,7.5,2.32,2298,High
63,male,179.6,52.2,55.0,muscle gain,lightly active,1,8.2,1.62,1941,Low
63,male,182.7,65.7,65.7,recomposition,very active,2,5.0,3.75,2343,High
23,female,162.7,78.3,69.4,fat loss,sedentary,3,6.6,2.96,1498,Low
54,female,157.6,49.7,49.7,endurance,extremely active,1,6.5,3.73,2275,High
69,male,175.0,65.3,65.3,recomposition,extremely active,4,6.4,1.24,2509,High
46,male,195.3,82.1,82.1,recomposition,sedentary,4,5.7,3.39,2145,Low
34,female,155.9,54.7,54.7,recomposition,very active,1,6.1,2.4,1955,High
63,male,171.1,80.1,68.5,fat loss,extremely active,4,5.7,2.23,2366,High
43,male,178.0,85.2,85.2,endurance,extremely active,3,8.0,2.52,3742,High
22,male,180.1,100.5,112.9,muscle gain,very active,1,7.5,2.01,3939,High
29,male,165.4,83.4,77.0,fat loss,very active,2,7.4,2.4,2321,Moderate
52,female,157.5,88.7,80.5,fat loss,moderately active,4,4.7,3.16,1744,Moderate
40,female,165.6,74.8,66.7,fat loss,sedentary,5,9.3,1.13,1340,Moderate
27,female,161.0,54.3,50.3,fat loss,sedentary,3,6.5,3.55,1153,Low
59,male,175.2,90.8,90.8,endurance,lightly active,4,9.1,2.77,2438,Moderate
22,male,183.0,71.4,68.9,fat loss,lightly active,3,7.9,2.42,1935,Moderate
27,female,157.5,70.2,70.2,recomposition,extremely active,6,6.7,3.15,2553,High
41,male,163.1,68.8,65.9,fat loss,extremely active,6,9.5,2.75,2156,High
18,female,161.3,74.1,74.1,endurance,lightly active,3,7.7,2.16,2108,Moderate
36,female,171.8,74.8,74.8,maintenance,lightly active,2,6.7,1.96,1991,Low
65,male,172.9,73.1,73.1,maintenance,very active,4,6.5,3.55,2455,High
66,female,171.2,65.2,60.7,fat loss,very active,6,8.2,1.46,1640,High
63,female,156.6,69.5,69.5,endurance,extremely active,4,6.4,2.36,2519,High
33,male,182.3,68.4,68.4,maintenance,very active,3,6.5,1.51,3104,High
19,female,158.3,75.8,73.2,fat loss,very active,5,6.3,2.84,2019,High
60,male,191.9,84.9,84.9,recomposition,very active,2,6.1,2.43,2751,High
36,female,163.9,60.8,60.8,endurance,extremely active,2,6.2,1.63,2564,High
56,female,158.0,60.2,54.0,fat loss,lightly active,1,9.1,1.89,1270,Low
22,male,171.9,87.3,89.9,muscle gain,lightly active,6,8.2,2.53,2955,High
52,female,163.6,75.7,75.7,recomposition,extremely active,6,7.3,2.7,2394,High
47,male,174.6,77.7,67.0,fat loss,sedentary,6,6.3,1.14,1522,Moderate
65,female,166.1,65.5,65.5,recomposition,lightly active,1,6.3,2.01,1809,Low
21,female,163.0,71.1,71.1,recomposition,sedentary,6,6.6,2.61,1539,Moderate
38,female,153.4,68.1,68.1,maintenance,extremely active,2,9.1,3.35,2581,High
69,female,160.6,67.9,77.7,muscle gain,extremely active,6,7.3,3.09,2728,High
37,male,174.8,72.3,72.3,maintenance,moderately active,3,7.9,2.18,2496,Moderate
51,female,158.3,71.5,64.7,fat loss,sedentary,2,7.2,3.2,1269,Low
24,male,176.8,88.6,88.6,recomposition,lightly active,4,5.9,2.28,2204,High
55,female,163.2,66.9,66.9,recomposition,moderately active,5,7.1,0.5,1848,High
30,male,173.6,90.5,90.5,maintenance,lightly active,3,5.7,3.51,2713,Low
46,female,171.4,74.6,74.6,recomposition,very active,5,8.4,2.82,2354,High
63,male,172.7,75.6,75.6,maintenance,very active,1,6.1,2.63,2637,Low
51,female,158.3,66.1,66.1,maintenance,moderately active,6,6.3,2.51,2112,High
41,male,180.9,81.9,81.9,endurance,very active,4,8.0,2.71,3325,High
26,female,175.8,64.0,64.0,endurance,sedentary,4,6.2,2.51,1902,Moderate
34,male,173.5,49.4,49.4,endurance,sedentary,6,6.7,2.3,1694,Moderate
61,male,179.5,66.4,66.4,maintenance,lightly active,1,3.8,2.04,1743,Low
27,male,180.9,67.2,69.3,muscle gain,sedentary,6,6.6,2.55,2298,High
51,male,162.6,75.5,70.2,fat loss,sedentary,2,7.7,1.88,1461,Low
42,female,171.9,58.3,58.3,maintenance,very active,6,6.2,1.7,2321,High
33,male,178.2,82.2,82.2,endurance,sedentary,5,7.7,2.69,2254,Moderate
54,male,175.4,84.0,84.0,endurance,lightly active,3,7.0,3.19,2419,Moderate
35,male,184.4,70.4,66.6,fat loss,very active,1,8.3,1.94,2332,High
31,male,169.2,89.7,89.7,maintenance,lightly active,1,6.1,2.06,2316,Low
44,female,156.6,90.9,90.9,recomposition,lightly active,1,6.7,1.31,1750,Moderate
56,female,160.7,64.3,64.3,recomposition,very active,1,5.2,1.58,1872,High
62,male,171.2,70.7,70.7,endurance,sedentary,4,6.9,1.61,1732,Low
50,female,154.7,58.4,56.2,fat loss,lightly active,6,6.5,3.18,1250,Moderate
51,female,151.4,47.1,47.1,maintenance,moderately active,5,8.2,1.28,1400,High
58,female,160.0,50.9,46.5,fat loss,sedentary,5,6.3,2.82,987,Moderate
30,female,161.2,63.7,63.7,recomposition,very active,6,6.5,2.31,2438,High
29,female,163.7,74.8,74.8,maintenance,moderately active,4,6.2,2.92,2261,Moderate
42,male,169.1,94.3,94.3,maintenance,lightly active,1,7.0,3.32,2475,Moderate
50,female,164.3,64.7,64.7,endurance,moderately active,3,9.4,2.48,2057,High
50,male,166.5,102.4,102.4,endurance,sedentary,5,3.0,3.29,2322,Moderate
24,male,175.3,83.2,88.9,muscle gain,very active,3,6.9,3.58,3391,High
58,female,169.1,71.6,71.6,endurance,moderately active,2,8.4,3.44,2130,Moderate
35,male,164.6,73.9,73.9,endurance,sedentary,3,6.4,2.03,1948,Moderate
63,female,160.0,67.9,60.8,fat loss,very active,5,7.6,1.12,1511,High
55,female,161.7,59.0,59.0,recomposition,moderately active,3,8.4,2.41,1836,Moderate
69,female,157.9,74.3,65.6,fat loss,sedentary,3,6.7,2.62,1113,Low
50,male,181.8,87.5,87.5,recomposition,lightly active,3,6.2,1.13,2529,Low
44,male,187.7,107.4,107.4,recomposition,very active,3,8.1,2.54,3177,High
26,male,182.9,78.8,78.8,endurance,moderately active,2,7.6,0.7,2700,High
37,female,167.6,87.3,87.3,maintenance,lightly active,2,6.9,3.58,2416,Low
62,male,176.5,78.3,87.7,muscle gain,sedentary,1,7.7,2.83,1936,Low
36,female,173.8,66.5,66.5,recomposition,sedentary,5,8.2,1.93,1389,Low
18,male,181.3,73.1,83.0,muscle gain,lightly active,2,6.9,2.59,2502,Moderate
29,male,163.6,84.8,78.3,fat loss,lightly active,6,7.4,2.68,1888,High
48,male,169.4,63.0,58.8,fat loss,very active,6,7.6,2.84,1845,High
49,male,175.0,81.8,81.8,endurance,moderately active,5,6.4,2.55,2629,High
69,male,178.1,89.1,92.7,muscle gain,sedentary,6,8.4,3.16,1964,Moderate
66,male,173.2,99.9,92.5,fat loss,very active,6,5.8,1.61,2582,High
44,female,158.4,87.2,76.1,fat loss,extremely active,5,6.8,2.41,2308,High
45,female,152.7,54.0,48.8,fat loss,extremely active,3,7.9,3.75,1557,High
59,female,173.7,61.3,61.3,recomposition,extremely active,6,5.7,2.25,1931,High
18,male,166.4,75.7,65.1,fat loss,moderately active,3,8.0,2.67,2008,High
48,male,186.9,98.9,98.9,endurance,lightly active,1,7.2,1.8,2883,Moderate
41,female,156.8,69.5,69.5,maintenance,sedentary,4,8.6,4.01,1672,Low
58,female,170.9,52.5,59.1,muscle gain,very active,1,7.7,2.7,2175,Moderate
59,female,171.8,89.3,89.3,endurance,moderately active,1,6.8,1.62,2385,Moderate
51,male,178.6,77.0,77.0,maintenance,very active,1,7.3,3.26,2725,High
51,male,182.2,76.0,85.1,muscle gain,lightly active,6,7.3,1.75,2585,Moderate
53,female,163.1,63.7,63.7,recomposition,sedentary,1,9.4,2.98,1477,Low
47,female,178.6,87.3,87.3,recomposition,very active,3,7.1,3.22,2589,High
28,female,168.2,90.3,90.3,recomposition,lightly active,5,6.8,3.92,2111,High
31,female,156.7,55.9,55.9,recomposition,moderately active,5,6.8,2.66,1884,High
56,male,166.5,80.2,80.2,endurance,extremely active,1,7.2,2.53,3408,High
49,female,161.9,64.1,64.1,maintenance,lightly active,6,5.6,1.08,1685,Moderate
28,female,161.2,73.6,79.9,muscle gain,sedentary,6,6.5,2.18,1949,Moderate
63,female,151.4,61.3,56.0,fat loss,very active,6,5.8,2.0,1427,High
68,female,165.7,73.9,81.7,muscle gain,moderately active,4,5.9,2.37,2222,High
49,male,182.9,104.3,104.3,recomposition,lightly active,4,8.0,2.14,2401,Low
28,female,145.3,49.7,49.7,endurance,moderately active,2,7.0,3.05,1950,Moderate
66,male,171.7,41.5,44.6,muscle gain,extremely active,1,6.1,2.11,2607,High
28,female,157.7,50.0,43.8,fat loss,sedentary,5,6.8,2.83,1256,Moderate
39,male,173.5,80.1,80.1,recomposition,very active,6,6.7,2.42,2685,High
62,female,145.0,64.2,64.2,recomposition,moderately active,5,7.1,2.06,1783,High
44,female,157.0,58.5,56.0,fat loss,extremely active,4,5.2,2.0,1828,High
29,male,179.4,86.2,81.6,fat loss,extremely active,4,5.7,2.66,2779,High
20,male,163.5,67.6,72.1,muscle gain,sedentary,2,5.3,3.46,2317,Low
35,female,165.7,71.9,71.9,maintenance,sedentary,1,5.9,1.99,1598,Low
52,male,174.1,72.3,67.8,fat loss,sedentary,2,6.1,2.53,1497,Low
54,female,166.6,65.2,65.2,maintenance,sedentary,3,5.8,2.84,1500,Low
28,female,170.2,63.4,63.4,maintenance,lightly active,2,7.9,2.49,1969,Low
24,female,170.8,64.8,64.8,recomposition,lightly active,4,9.2,1.27,1824,Moderate
53,male,188.2,83.8,83.8,endurance,extremely active,5,8.0,2.84,3386,High
24,male,176.1,85.5,73.8,fat loss,very active,5,6.3,1.45,2482,High
19,female,170.0,71.7,71.7,maintenance,lightly active,5,7.3,1.46,2058,Low
42,female,159.9,56.7,56.7,endurance,moderately active,2,6.9,1.59,1955,High
46,female,157.5,63.6,57.5,fat loss,lightly active,6,6.3,2.39,1457,High
29,male,179.0,105.3,105.3,endurance,moderately active,6,8.6,1.83,2879,High
27,female,152.6,63.3,65.5,muscle gain,lightly active,3,9.4,1.5,2079,Moderate
28,female,155.4,71.6,71.6,recomposition,very active,2,5.2,2.77,2207,High
34,female,158.3,73.9,73.9,recomposition,lightly active,6,8.7,2.48,1806,Moderate
16,male,162.5,73.6,73.6,endurance,extremely active,6,6.3,3.03,3127,High
16,female,164.5,73.3,63.9,fat loss,extremely active,3,6.7,1.99,2317,High
36,female,170.2,82.8,82.8,endurance,sedentary,1,7.3,2.46,1908,Low
17,male,179.1,88.9,88.9,maintenance,moderately active,4,8.9,3.06,2949,High
33,female,156.2,68.0,68.0,recomposition,extremely active,5,7.3,1.58,2485,High
47,female,166.7,41.1,41.1,recomposition,extremely active,3,7.5,2.04,1980,High
17,male,166.3,45.1,45.1,maintenance,lightly active,1,8.0,3.19,2104,Low
49,female,158.8,71.5,71.5,maintenance,moderately active,5,8.2,2.51,1946,High
49,female,150.0,80.4,80.4,endurance,sedentary,5,7.6,2.39,1752,Low
46,female,165.0,60.2,60.2,maintenance,lightly active,6,8.2,2.47,1773,High
49,male,161.9,91.9,91.9,endurance,lightly active,6,6.3,3.36,2454,High
59,female,155.8,72.1,72.1,recomposition,lightly active,3,4.9,2.48,1782,Moderate
19,female,170.2,51.4,51.4,recomposition,lightly active,2,9.2,2.53,1660,Moderate
25,male,172.3,82.6,82.6,maintenance,very active,1,5.8,2.49,3103,High
33,female,150.6,51.7,53.3,muscle gain,extremely active,1,6.4,1.37,2454,High
53,male,176.6,74.4,74.4,recomposition,moderately active,5,6.6,2.85,2170,Moderate
63,male,163.5,100.5,109.9,muscle gain,moderately active,6,6.4,1.93,3207,High
65,female,160.8,50.4,50.4,recomposition,very active,4,6.1,1.62,1666,Moderate
47,male,164.5,59.6,59.6,recomposition,very active,6,7.6,1.28,2345,High
38,male,163.1,58.4,58.4,maintenance,moderately active,2,7.6,1.42,2407,High
38,male,175.8,56.9,56.9,endurance,sedentary,5,7.7,0.91,1892,Moderate
19,female,159.6,54.8,46.8,fat loss,moderately active,3,7.7,1.78,1603,High
41,male,178.1,66.3,68.4,muscle gain,sedentary,3,6.5,2.2,2127,Moderate
43,female,154.1,61.8,64.5,muscle gain,very active,4,6.5,3.24,2188,High
27,female,163.7,105.6,105.6,endurance,extremely active,1,8.3,2.54,3476,High
57,female,163.0,78.8,78.8,maintenance,very active,3,6.4,2.68,2326,Moderate
59,female,150.3,75.2,78.3,muscle gain,extremely active,3,6.4,3.4,2644,High
32,male,171.9,92.3,92.3,endurance,moderately active,3,8.1,0.5,3246,High
65,male,165.8,67.1,67.1,maintenance,moderately active,5,7.0,2.77,2270,Moderate
21,female,163.1,103.5,114.4,muscle gain,moderately active,2,6.4,2.72,2995,Moderate
65,female,171.9,74.0,74.0,endurance,lightly active,1,6.4,3.08,1915,Low
57,female,166.2,72.7,65.3,fat loss,extremely active,4,8.3,1.24,2175,High
28,male,196.5,82.3,82.3,endurance,sedentary,1,7.7,2.1,2165,Low
51,male,165.6,62.5,55.5,fat loss,extremely active,6,7.3,1.85,2114,High
32,female,163.5,56.6,56.6,maintenance,extremely active,6,5.6,1.6,2218,High
59,female,166.9,64.8,64.8,maintenance,extremely active,3,7.3,4.12,2691,High
24,male,172.3,101.1,101.1,endurance,sedentary,5,6.7,2.1,2601,Moderate
29,female,162.3,51.1,51.1,endurance,extremely active,4,5.9,3.15,2360,High
32,female,164.5,67.1,67.1,endurance,lightly active,5,6.3,2.99,1985,High
26,male,171.9,81.1,81.1,endurance,lightly active,2,7.8,1.49,2416,High
33,female,157.9,47.5,47.5,endurance,very active,6,8.5,2.13,2303,High
48,male,172.0,59.7,59.7,maintenance,lightly active,6,5.7,2.54,1704,Moderate
50,male,165.2,68.3,68.3,endurance,extremely active,4,5.9,2.78,2991,High
45,male,170.4,68.8,68.8,recomposition,moderately active,6,7.8,2.73,2248,High
26,female,173.4,86.3,95.9,muscle gain,sedentary,2,6.5,3.73,2088,Low
26,female,166.6,74.1,74.1,endurance,lightly active,5,7.7,3.14,2121,High
65,female,161.4,72.5,69.6,fat loss,very active,6,6.5,2.96,1554,High
29,female,154.5,68.1,65.5,fat loss,moderately active,5,7.7,3.18,1819,High
21,male,173.2,81.0,77.9,fat loss,lightly active,6,5.4,3.45,1975,High
40,male,163.0,66.2,66.2,maintenance,lightly active,2,7.7,2.06,2155,Moderate
16,male,178.8,79.3,67.5,fat loss,very active,1,4.5,1.39,2459,High
34,female,178.2,59.5,66.7,muscle gain,lightly active,4,8.1,2.08,2293,High
62,female,154.0,70.5,80.8,muscle gain,sedentary,2,7.0,1.54,1611,Low
30,female,154.0,56.3,64.6,muscle gain,moderately active,4,7.5,1.81,2244,High
54,male,173.7,78.6,71.7,fat loss,extremely active,3,7.3,2.57,2525,High
42,male,167.8,89.7,94.6,muscle gain,lightly active,6,5.0,2.11,2675,High
35,male,174.9,69.6,74.7,muscle gain,very active,1,8.6,2.95,3316,High
51,male,177.4,93.5,93.5,recomposition,moderately active,6,7.4,2.71,3305,High
48,male,172.8,61.1,61.1,maintenance,extremely active,2,7.9,2.76,2579,High
33,female,162.4,43.8,48.1,muscle gain,very active,2,6.0,1.61,2162,High
28,female,164.3,60.3,51.4,fat loss,moderately active,1,7.3,1.89,1520,Moderate
65,male,178.5,91.6,91.6,maintenance,lightly active,5,5.4,1.16,2412,Low
25,male,172.6,60.8,62.9,muscle gain,extremely active,5,7.2,2.9,3379,High
67,female,167.6,86.1,86.1,recomposition,sedentary,6,5.9,3.85,1798,Low
41,male,178.2,90.5,95.3,muscle gain,moderately active,1,10.0,2.63,3109,High
69,male,169.6,74.5,74.5,endurance,lightly active,3,7.7,2.69,2236,Low
35,female,167.4,79.6,73.5,fat loss,moderately active,6,8.6,2.13,1635,High
46,female,154.7,59.7,59.7,endurance,extremely active,1,6.7,2.35,2361,High
49,female,172.7,74.1,74.1,recomposition,sedentary,4,7.5,3.39,1528,Low
34,male,175.6,84.2,84.2,recomposition,sedentary,2,8.1,2.56,2095,Low
27,female,166.3,77.1,77.1,endurance,extremely active,3,5.7,2.95,3230,High
44,male,179.5,63.6,63.6,maintenance,very active,5,6.2,3.41,2566,High
51,male,175.8,87.0,87.0,recomposition,moderately active,5,8.2,3.27,2613,Moderate
30,female,151.6,90.0,90.0,maintenance,lightly active,1,6.7,2.52,2067,Low
57,female,171.7,65.3,65.3,recomposition,very active,4,6.1,2.57,2104,High
50,male,177.9,60.9,60.9,maintenance,lightly active,3,6.2,2.23,2079,Moderate
24,female,170.7,75.5,75.5,endurance,very active,5,5.5,2.85,2623,High
66,male,169.5,94.9,107.5,muscle gain,moderately active,6,4.6,2.21,2747,High
18,male,176.6,83.2,83.2,recomposition,very active,6,5.0,2.75,3191,High
51,male,179.8,73.8,67.2,fat loss,very active,1,7.1,3.23,2134,Moderate
39,female,170.2,55.5,50.1,fat loss,moderately active,5,7.8,1.32,1686,High
51,female,161.5,66.8,66.8,recomposition,sedentary,6,10.0,1.2,1285,Moderate
57,male,162.5,80.9,87.3,muscle gain,very active,5,7.0,2.47,3152,High
53,male,167.7,82.5,70.6,fat loss,very active,3,5.5,2.97,2227,High
51,male,160.5,65.4,65.4,recomposition,moderately active,5,7.0,2.7,2060,Moderate
61,male,168.7,81.5,81.5,recomposition,moderately active,1,7.8,1.65,2331,Moderate
53,male,185.6,55.4,55.4,recomposition,very active,3,8.2,3.13,2176,High
59,male,189.4,88.1,88.1,maintenance,lightly active,5,8.1,3.84,2605,Low
37,female,164.4,40.0,40.0,endurance,moderately active,4,7.7,1.89,1715,High
26,male,170.5,96.5,83.2,fat loss,sedentary,2,7.1,1.99,1738,Low
28,male,173.4,45.8,40.6,fat loss,very active,4,7.9,2.52,2193,High
49,female,163.0,50.6,55.0,muscle gain,sedentary,1,5.6,2.41,1472,Low
44,male,164.1,57.1,57.1,endurance,extremely active,6,4.6,3.34,2614,High
20,male,171.0,63.2,63.2,recomposition,very active,4,9.5,2.7,2760,High
27,male,185.0,84.2,84.2,maintenance,moderately active,4,6.9,2.3,2942,Moderate
68,male,167.7,88.7,88.7,endurance,moderately active,3,7.6,2.09,2762,Moderate
55,male,169.8,76.0,76.0,endurance,sedentary,2,3.6,1.43,1964,Low
56,female,166.1,69.3,60.9,fat loss,very active,2,8.9,3.46,1882,High
26,male,177.0,68.8,68.8,maintenance,lightly active,3,8.4,2.94,2578,Low
19,female,156.3,77.5,77.5,endurance,very active,3,5.1,2.44,2586,High
31,female,176.8,73.5,64.0,fat loss,extremely active,3,6.6,2.58,2253,High
62,male,179.3,72.5,69.0,fat loss,extremely active,4,7.3,2.42,2117,High
43,male,188.7,52.9,59.2,muscle gain,extremely active,3,5.5,1.26,3261,High
58,male,174.1,79.7,79.7,endurance,very active,2,7.6,1.51,2920,High
42,male,174.7,78.4,88.3,muscle gain,lightly active,4,8.3,2.36,2768,High
42,female,163.0,55.7,55.7,recomposition,lightly active,2,7.4,2.35,1571,Low
48,female,164.1,40.0,45.4,muscle gain,extremely active,6,5.1,2.49,2169,High
67,male,165.7,71.0,71.0,recomposition,extremely active,5,5.8,3.69,2585,High
39,male,176.8,96.8,96.8,endurance,lightly active,2,6.9,2.3,2680,Moderate
48,male,182.5,84.1,71.8,fat loss,very active,5,6.7,1.97,2464,High
65,female,167.5,75.1,85.4,muscle gain,extremely active,6,6.7,2.54,2830,High
36,female,162.2,73.2,73.2,maintenance,extremely active,5,6.7,1.52,2755,High
61,male,164.9,86.4,75.7,fat loss,extremely active,5,4.8,2.61,2391,High
44,male,174.6,105.5,105.5,recomposition,lightly active,2,8.0,1.99,2606,Low
63,male,183.6,81.3,86.6,muscle gain,moderately active,2,7.8,2.66,2971,Moderate
41,male,166.4,65.8,63.2,fat loss,moderately active,4,7.6,2.37,1821,High
49,male,173.3,88.9,88.9,recomposition,extremely active,2,7.5,2.4,3111,High
33,male,172.3,72.1,68.8,fat loss,extremely active,1,6.7,2.94,2463,High
50,male,170.1,78.5,86.9,muscle gain,moderately active,6,6.3,3.01,2578,High
33,male,176.7,85.2,76.0,fat loss,extremely active,3,5.8,3.92,2651,High
48,male,178.1,68.5,64.8,fat loss,lightly active,5,8.9,2.99,1798,Moderate
58,female,161.3,64.9,64.9,maintenance,very active,5,7.0,2.33,2186,High
39,female,147.8,98.7,98.7,endurance,extremely active,1,5.0,2.06,3165,High
39,male,163.5,72.3,75.5,muscle gain,extremely active,2,7.0,2.74,3108,High
33,male,176.8,93.6,107.3,muscle gain,sedentary,4,4.5,3.52,2677,Moderate
55,female,168.8,60.6,60.6,endurance,sedentary,4,7.3,3.1,1715,Moderate
47,female,162.2,65.8,65.8,endurance,lightly active,2,7.2,2.0,1907,Moderate
43,male,188.2,106.7,113.3,muscle gain,sedentary,1,6.3,2.82,2732,Low
17,female,153.4,55.0,47.7,fat loss,lightly active,4,5.9,2.66,1317,Moderate
21,male,168.4,79.6,79.6,recomposition,extremely active,2,7.7,3.23,3153,High
16,male,179.0,105.9,105.9,recomposition,very active,2,6.9,2.71,3344,High
61,female,162.1,46.1,46.1,endurance,sedentary,3,4.7,2.68,1255,Low
61,female,157.6,56.2,56.2,recomposition,very active,3,8.4,1.67,1909,High
19,female,156.7,66.9,66.9,endurance,extremely active,3,5.9,3.05,2925,High
18,male,184.0,79.9,74.1,fat loss,extremely active,3,5.4,1.53,2775,High
58,female,160.0,50.3,48.0,fat loss,extremely active,4,8.6,2.56,1607,High
44,male,175.9,50.3,50.3,recomposition,extremely active,4,8.3,2.11,2503,High
32,female,180.8,75.2,75.2,recomposition,very active,1,6.5,2.07,2492,High
49,male,179.5,83.3,89.6,muscle gain,extremely active,2,5.5,2.91,3355,High
28,male,173.2,83.2,83.2,maintenance,very active,4,5.9,2.5,3222,High
26,female,158.3,72.4,82.7,muscle gain,very active,5,6.5,0.82,2943,High
35,female,161.8,54.9,49.8,fat loss,sedentary,1,8.5,2.36,1132,Low
64,female,161.8,89.1,89.1,endurance,extremely active,5,8.6,2.23,2724,High
57,male,174.7,96.3,96.3,endurance,sedentary,1,7.2,3.38,2358,Low
26,male,180.5,87.6,87.6,endurance,lightly active,4,7.8,1.63,2605,Moderate
46,female,176.0,61.7,61.7,maintenance,very active,2,6.7,3.84,2097,High
63,female,160.0,76.1,66.2,fat loss,very active,6,6.0,3.1,1726,High
67,male,179.0,75.1,75.1,maintenance,extremely active,5,5.2,2.31,3164,High
57,female,170.2,62.5,62.5,recomposition,sedentary,5,7.4,2.21,1372,Low
22,female,171.4,65.9,60.6,fat loss,very active,5,8.1,2.05,1935,High
29,male,167.8,88.7,83.4,fat loss,sedentary,1,6.4,2.72,1675,Low
27,female,161.1,81.9,81.9,endurance,very active,6,8.4,1.95,2580,High
24,female,163.0,51.6,49.3,fat loss,lightly active,1,6.5,2.42,1270,Low
25,female,145.6,67.5,67.5,maintenance,moderately active,4,7.1,1.74,1982,Moderate
33,female,161.6,69.2,61.9,fat loss,sedentary,4,6.7,3.0,1210,Low
45,male,183.2,105.8,93.5,fat loss,sedentary,6,8.5,2.62,1858,Low
37,female,169.3,80.6,80.6,recomposition,extremely active,5,7.6,2.17,2784,High
38,female,162.4,48.4,45.2,fat loss,moderately active,5,6.9,2.33,1456,High
29,female,174.9,75.4,75.4,recomposition,moderately active,6,7.1,2.01,2250,High
24,female,160.3,51.8,51.8,endurance,lightly active,1,5.6,2.72,1660,Moderate
69,male,182.2,52.3,52.3,maintenance,extremely active,1,4.3,1.62,2449,High
48,male,155.6,92.3,81.2,fat loss,very active,2,6.4,3.13,2339,High
28,male,187.1,110.7,110.7,endurance,moderately active,2,6.8,2.62,3615,Moderate
59,female,167.4,60.5,66.9,muscle gain,sedentary,3,7.6,2.19,1580,Low
60,female,165.0,89.3,89.3,recomposition,very active,5,6.8,2.91,2297,High
68,female,167.3,71.1,62.5,fat loss,lightly active,3,6.4,2.77,1388,Low
24,male,162.7,96.2,83.9,fat loss,lightly active,6,3.5,1.77,2007,Low
50,female,162.6,53.6,53.6,recomposition,very active,4,7.6,3.42,1756,High
68,male,173.1,83.7,89.2,muscle gain,extremely active,3,7.3,0.75,3433,High
59,male,179.6,58.1,58.1,maintenance,lightly active,5,8.0,3.26,1946,Moderate
28,female,163.7,79.3,79.3,maintenance,sedentary,3,7.0,2.39,1697,Low
64,male,174.4,85.1,76.1,fat loss,moderately active,1,8.4,3.19,1940,Moderate
38,male,173.3,92.7,96.4,muscle gain,very active,6,6.3,3.51,3486,High
42,male,178.7,93.1,84.0,fat loss,very active,1,7.0,2.2,2311,Moderate
46,male,173.2,57.9,54.2,fat loss,extremely active,3,7.3,2.23,2088,High
57,male,172.6,59.3,59.3,endurance,lightly active,1,7.8,2.72,2086,Low
22,female,165.3,61.7,53.3,fat loss,very active,5,7.5,1.71,1847,High
45,female,155.4,67.4,67.4,endurance,very active,4,7.6,2.27,2172,High
60,male,182.6,92.5,92.5,maintenance,extremely active,6,7.3,2.21,3584,High
45,male,173.8,57.2,62.2,muscle gain,extremely active,6,6.8,1.67,3125,High
30,male,160.0,78.6,78.6,maintenance,lightly active,2,8.1,2.17,2351,Moderate
19,male,174.0,79.5,79.5,endurance,lightly active,2,5.0,3.03,2466,Moderate
45,female,165.3,65.2,65.2,recomposition,moderately active,2,6.2,2.98,1880,Moderate
53,male,174.1,65.6,59.1,fat loss,lightly active,1,8.9,2.38,1631,Moderate
45,male,170.3,52.5,52.5,recomposition,sedentary,6,6.2,2.54,1582,Moderate
68,male,174.9,82.4,82.4,recomposition,lightly active,1,6.9,2.29,2350,Low
48,male,167.7,87.4,87.4,endurance,lightly active,3,8.7,1.27,2448,Moderate
43,male,166.0,94.1,103.6,muscle gain,very active,2,6.8,1.79,3639,High
18,male,183.6,75.0,75.0,endurance,sedentary,1,6.0,3.17,2597,Low
46,female,167.5,62.8,69.7,muscle gain,very active,5,8.4,3.34,2736,High
25,female,165.2,44.3,46.5,muscle gain,very active,4,6.7,1.9,2320,High
55,female,166.3,80.9,80.9,recomposition,sedentary,6,6.7,3.28,1721,Low
24,male,181.4,79.2,79.2,maintenance,extremely active,4,4.6,1.66,3467,High
64,female,155.5,92.6,103.3,muscle gain,very active,3,6.8,2.14,2731,High
32,female,153.0,86.4,92.7,muscle gain,very active,2,7.8,2.42,3043,High
39,male,180.1,81.2,81.2,recomposition,very active,4,6.5,2.31,3016,High
23,male,184.6,87.3,87.3,endurance,extremely active,5,5.5,2.02,3940,High
27,female,147.5,88.9,101.7,muscle gain,moderately active,1,6.4,2.59,2603,Moderate
65,male,162.1,75.6,75.6,maintenance,moderately active,2,6.3,3.04,2181,Low
31,male,171.3,92.2,102.1,muscle gain,very active,3,6.7,1.48,3302,High
43,female,171.3,40.0,45.6,muscle gain,sedentary,1,6.4,2.59,1486,Low
68,female,147.6,72.9,72.9,recomposition,sedentary,1,9.0,3.18,1330,Low
49,female,161.4,55.3,55.3,recomposition,very active,2,7.4,2.21,1988,High
18,female,173.2,73.3,73.3,maintenance,lightly active,3,4.9,2.12,1963,Low
35,female,168.0,60.6,60.6,maintenance,lightly active,4,7.1,1.9,1826,Moderate
36,female,160.6,57.9,57.9,maintenance,sedentary,5,7.0,3.9,1472,Low
30,male,173.7,76.8,76.8,endurance,moderately active,6,8.4,3.55,2771,High
29,female,153.7,51.1,51.1,endurance,moderately active,3,6.8,2.29,2039,High
43,female,172.7,60.7,56.4,fat loss,extremely active,4,6.8,3.33,2145,High
36,female,160.6,58.4,58.4,endurance,moderately active,1,9.2,2.13,2153,High
31,female,162.5,67.8,70.1,muscle gain,lightly active,6,5.7,2.39,2133,High
38,male,180.8,74.0,74.0,recomposition,very active,2,8.0,1.76,2730,High
34,male,175.5,75.0,75.0,endurance,lightly active,1,7.1,1.21,2604,Moderate
28,male,185.3,75.5,75.5,maintenance,sedentary,4,6.4,2.09,2353,Low
40,male,164.0,75.6,75.6,maintenance,sedentary,3,6.2,2.2,2086,Low
66,male,163.2,48.6,48.6,recomposition,extremely active,3,8.6,2.8,2194,High
43,female,159.0,71.1,81.0,muscle gain,very active,3,7.6,2.96,2573,High
48,female,152.0,68.9,78.2,muscle gain,sedentary,4,7.7,2.41,1733,Moderate
69,male,173.6,53.9,53.9,recomposition,lightly active,5,8.1,1.81,1753,Moderate
49,male,177.8,75.1,82.0,muscle gain,extremely active,4,7.4,2.04,3369,High
28,female,165.8,68.4,68.4,recomposition,very active,4,5.7,3.61,2299,High
37,female,163.2,79.2,90.8,muscle gain,moderately active,5,5.1,2.94,3010,High
42,female,169.3,88.9,81.3,fat loss,lightly active,5,8.8,3.5,1692,Moderate
41,male,176.3,89.3,84.4,fat loss,lightly active,2,7.2,3.74,2075,Moderate
24,male,181.3,99.4,111.3,muscle gain,very active,3,7.1,2.04,3767,High
21,female,159.6,75.6,72.4,fat loss,sedentary,3,9.2,3.07,1417,Low
34,male,173.6,79.3,91.2,muscle gain,extremely active,6,5.7,1.87,3444,High
65,male,173.3,104.2,104.2,maintenance,lightly active,4,4.0,3.22,2345,Low
54,male,177.9,83.2,93.3,muscle gain,lightly active,5,4.8,3.08,2681,Moderate
61,male,174.9,85.2,85.2,maintenance,lightly active,5,6.4,1.02,2330,Low
25,male,171.2,74.3,84.7,muscle gain,very active,6,7.1,2.78,3632,High
38,female,157.8,57.1,50.0,fat loss,sedentary,4,8.7,1.9,1160,Low
47,male,171.2,79.4,83.7,muscle gain,sedentary,2,8.0,2.26,2217,Low
39,female,179.5,58.1,55.8,fat loss,lightly active,3,3.9,2.04,1478,Low
38,female,168.6,73.7,73.7,recomposition,sedentary,1,10.0,3.14,1546,Low
35,male,170.0,63.4,63.4,maintenance,lightly active,5,6.5,2.02,2173,Low
18,male,178.6,81.6,81.6,maintenance,moderately active,4,8.5,1.6,2834,Moderate
62,female,170.5,64.4,61.6,fat loss,very active,1,7.7,1.93,1562,High
66,female,163.2,68.9,68.9,maintenance,lightly active,3,7.0,2.35,1786,Low
20,male,178.9,80.6,80.6,endurance,moderately active,5,6.7,2.79,2874,High
38,male,189.6,62.5,65.9,muscle gain,extremely active,5,5.7,3.34,3527,High
43,female,161.0,62.2,62.2,endurance,moderately active,5,5.5,2.86,2083,High
58,male,163.7,88.7,88.7,maintenance,extremely active,1,6.8,2.91,3127,High
69,male,167.6,96.1,85.9,fat loss,lightly active,3,5.3,3.02,1725,Low
38,male,170.1,67.4,63.8,fat loss,extremely active,4,9.0,3.07,2557,High
56,male,168.2,64.6,64.6,maintenance,moderately active,1,7.1,3.22,2108,Low
66,female,170.2,56.1,56.1,endurance,sedentary,2,9.5,4.25,1218,Low
60,male,183.8,79.9,79.9,maintenance,extremely active,6,6.5,3.06,3300,High
31,male,185.8,81.3,74.1,fat loss,very active,4,6.3,2.7,2641,High
60,female,158.5,61.7,67.4,muscle gain,lightly active,4,7.7,2.17,1639,Moderate
38,male,190.0,83.0,83.0,endurance,very active,1,6.7,2.72,3318,High
16,male,172.5,104.0,104.0,endurance,extremely active,4,8.2,3.31,4340,High
56,female,159.3,40.0,40.0,recomposition,sedentary,6,8.7,1.65,1180,Low
61,male,182.4,94.9,94.9,endurance,sedentary,6,8.3,3.38,2337,Moderate
34,female,157.0,53.5,53.5,endurance,very active,2,8.6,2.2,2253,High
40,male,169.7,65.6,65.6,maintenance,lightly active,2,8.0,2.34,2182,Moderate
35,male,178.6,70.4,70.4,endurance,extremely active,4,6.3,2.87,3265,High
22,male,174.3,64.4,61.0,fat loss,very active,6,8.4,2.13,2100,High
69,female,165.4,83.6,83.6,endurance,extremely active,1,7.8,2.82,2678,High
17,male,166.7,97.1,97.1,maintenance,very active,2,6.3,1.69,3559,High
46,male,174.9,82.3,82.3,maintenance,extremely active,1,6.4,3.11,3428,High
16,female,161.3,53.7,53.7,endurance,very active,5,6.9,2.64,2391,High
53,male,175.1,68.9,77.0,muscle gain,sedentary,3,8.3,2.5,2006,Moderate
64,female,148.5,101.8,95.7,fat loss,lightly active,5,7.1,2.69,1779,Moderate
50,male,166.3,62.7,62.7,recomposition,extremely active,1,7.0,2.49,2585,High
48,female,160.4,83.2,83.2,recomposition,lightly active,1,6.8,2.81,1944,Low
60,male,177.7,92.6,89.4,fat loss,extremely active,4,6.6,2.35,2456,High
68,female,151.8,54.0,54.0,maintenance,extremely active,3,5.6,2.3,1870,High
62,male,169.4,75.8,80.5,muscle gain,very active,2,8.0,1.26,3111,Moderate
28,female,164.8,63.8,63.8,endurance,sedentary,2,5.8,3.46,1581,Moderate
46,female,164.0,78.4,78.4,endurance,sedentary,5,7.1,1.69,1783,Low
60,male,168.7,82.3,72.2,fat loss,very active,1,6.5,3.63,2237,Moderate
31,male,179.8,69.6,69.6,maintenance,moderately active,6,7.9,2.33,2810,High
52,male,169.7,70.1,70.1,recomposition,moderately active,1,6.6,3.35,2348,Moderate
17,female,161.1,52.4,56.6,muscle gain,sedentary,5,5.8,3.23,1902,Moderate
63,female,166.1,40.0,40.0,endurance,moderately active,4,8.2,3.17,1644,High
49,female,157.4,64.4,64.4,endurance,sedentary,1,6.0,2.53,1622,Low
56,male,180.2,78.3,73.4,fat loss,sedentary,5,7.2,1.66,1479,Low
60,female,171.0,53.1,45.3,fat loss,extremely active,3,8.5,2.37,1629,High
27,male,177.5,79.5,79.5,maintenance,very active,2,6.1,2.28,3369,High
40,female,172.3,67.8,67.8,endurance,extremely active,1,6.9,2.43,2705,High
62,male,167.1,95.5,95.5,recomposition,extremely active,1,6.5,1.64,2959,High
24,female,163.2,65.2,65.2,recomposition,extremely active,3,7.2,2.3,2163,High
60,female,159.9,63.2,63.2,recomposition,moderately active,2,6.9,0.5,1833,Moderate
31,female,150.3,71.2,68.4,fat loss,lightly active,6,8.1,2.29,1370,High
47,male,177.7,77.0,67.3,fat loss,very active,4,6.3,2.59,2166,High
43,male,175.9,64.6,57.8,fat loss,very active,1,8.5,1.95,2258,High
53,female,162.2,43.5,43.5,endurance,moderately active,6,8.9,2.31,1444,High
61,male,173.5,113.9,113.9,endurance,moderately active,2,7.3,2.61,3385,High
34,male,187.5,83.5,83.5,endurance,lightly active,4,6.1,3.21,2527,Moderate
25,female,158.2,65.7,62.5,fat loss,moderately active,5,7.0,3.24,1671,High
38,female,168.7,92.9,92.9,endurance,extremely active,5,6.9,2.71,3105,High
49,female,159.7,70.1,70.1,endurance,moderately active,3,9.1,2.48,1937,High
56,female,167.8,66.0,66.0,recomposition,moderately active,1,6.9,2.75,1782,Moderate
56,male,174.5,102.5,102.5,maintenance,extremely active,2,8.7,3.76,3324,High
34,male,162.7,91.9,83.3,fat loss,extremely active,4,7.1,2.85,2493,High
66,female,159.6,71.3,74.9,muscle gain,very active,6,7.1,2.68,2574,High
20,male,166.1,83.7,95.5,muscle gain,sedentary,1,6.6,3.25,2253,Low
22,male,174.1,78.1,78.1,recomposition,extremely active,1,6.7,2.53,2824,High
17,male,176.5,80.7,80.7,endurance,sedentary,3,8.1,1.9,2020,Moderate
66,female,162.8,43.0,43.0,maintenance,sedentary,5,6.1,2.82,1178,Low
25,female,163.0,90.1,83.7,fat loss,lightly active,6,8.2,2.62,1610,High
48,male,175.6,104.4,116.8,muscle gain,moderately active,2,8.7,2.35,3274,Moderate
59,male,182.4,63.1,63.1,recomposition,sedentary,4,6.3,2.88,1888,Low
57,male,172.5,96.0,96.0,recomposition,moderately active,6,8.4,1.23,2617,High
67,female,160.0,70.1,62.6,fat loss,extremely active,6,8.3,2.12,1867,High
18,male,171.0,97.8,101.2,muscle gain,very active,5,8.0,1.88,3670,High
37,female,163.2,66.2,68.4,muscle gain,extremely active,5,6.2,1.96,2841,High
43,male,167.8,85.8,78.6,fat loss,extremely active,2,6.9,2.39,2546,High
53,male,173.5,77.8,89.4,muscle gain,extremely active,2,6.9,1.86,3473,High
49,male,163.0,55.8,55.8,endurance,sedentary,6,9.5,3.67,1852,High
46,female,163.4,78.7,74.9,fat loss,very active,4,7.0,2.82,1906,High
32,male,161.7,66.8,66.8,maintenance,sedentary,1,6.8,1.94,1742,Low
21,male,176.1,81.2,81.2,recomposition,very active,1,5.6,1.28,2957,Moderate
39,male,165.5,65.3,65.3,recomposition,extremely active,6,5.8,2.09,2858,High
30,male,172.3,61.3,66.0,muscle gain,sedentary,1,6.2,2.27,2034,Low
45,male,179.2,77.1,77.1,maintenance,moderately active,5,7.4,2.06,2631,High
59,female,168.7,90.5,90.5,recomposition,sedentary,2,5.3,4.28,1766,Low
45,male,167.5,63.6,63.6,recomposition,moderately active,2,6.2,1.34,2432,Moderate
47,male,173.9,79.5,79.5,endurance,moderately active,1,4.8,2.54,2837,High
18,male,169.9,59.3,65.3,muscle gain,extremely active,4,8.7,2.41,3166,High
50,female,147.7,53.4,51.1,fat loss,lightly active,5,7.1,2.33,999,Moderate
39,male,170.0,78.2,78.2,endurance,very active,1,7.4,1.14,3024,High
22,male,180.8,45.3,45.3,recomposition,very active,5,5.7,2.47,2320,High
27,male,171.6,72.7,72.7,maintenance,very active,4,8.4,2.63,2796,High
58,male,190.7,86.6,86.6,maintenance,extremely active,5,8.8,3.0,3167,High
65,male,177.9,65.1,65.1,endurance,sedentary,4,7.1,2.84,1763,Low
43,female,150.4,64.0,64.0,endurance,sedentary,1,6.4,3.35,1469,Moderate
68,male,172.4,86.1,86.1,endurance,very active,3,7.7,1.07,2884,High
25,male,169.4,65.8,65.8,maintenance,sedentary,6,7.9,2.34,1839,Low
32,male,180.6,79.8,79.8,recomposition,moderately active,5,8.0,4.25,2497,Moderate
66,male,163.5,91.5,91.5,maintenance,moderately active,3,7.8,3.24,2578,Moderate
25,female,169.2,68.7,68.7,maintenance,very active,6,8.2,1.48,2516,High
51,female,161.0,57.5,57.5,recomposition,sedentary,1,6.2,2.56,1329,Low
27,female,171.7,70.5,63.8,fat loss,moderately active,4,8.1,1.77,1832,High
33,male,183.6,68.0,68.0,endurance,very active,5,6.5,2.2,2858,High
41,female,153.5,57.9,66.3,muscle gain,sedentary,5,4.0,3.9,1712,Low
35,male,178.7,64.9,64.9,maintenance,lightly active,2,6.4,3.17,2462,Low
63,female,159.9,84.8,84.8,recomposition,lightly active,1,6.3,1.44,1924,Low
68,female,153.3,46.5,53.3,muscle gain,lightly active,5,7.3,1.96,1270,Moderate
43,female,152.8,52.7,54.9,muscle gain,moderately active,6,8.0,2.5,1844,High
44,female,157.4,41.4,38.8,fat loss,sedentary,5,7.2,2.31,1018,Low
18,male,178.1,86.0,77.9,fat loss,moderately active,6,9.4,2.72,2236,High
28,male,168.0,83.2,83.2,endurance,sedentary,6,6.4,1.96,2109,Moderate
18,female,170.3,80.7,80.7,maintenance,sedentary,6,4.6,2.24,1784,Low
62,male,175.8,64.5,64.5,recomposition,moderately active,5,7.3,1.95,2073,High
28,female,168.3,62.7,60.3,fat loss,extremely active,5,6.3,2.24,1991,High
34,female,161.1,71.9,71.9,endurance,very active,5,5.7,2.99,2164,High
61,female,167.2,62.2,68.9,muscle gain,lightly active,2,6.6,2.71,1977,Moderate
54,male,176.4,85.3,85.3,maintenance,lightly active,4,6.1,2.01,2383,Low
49,female,159.9,60.3,60.3,maintenance,moderately active,2,6.2,3.29,1706,Moderate
18,male,175.8,95.0,95.0,recomposition,sedentary,4,8.8,3.24,2355,Moderate
46,male,170.8,71.7,67.2,fat loss,very active,4,7.1,2.5,2168,High
46,male,173.6,96.7,96.7,endurance,sedentary,1,6.7,2.32,2462,Low
33,female,165.7,70.1,63.3,fat loss,very active,1,8.9,3.73,2032,High
56,female,161.1,61.5,61.5,recomposition,lightly active,6,6.6,3.62,1471,Moderate
66,female,152.9,71.6,82.2,muscle gain,lightly active,4,5.5,1.44,1891,Moderate
29,female,155.6,69.3,69.3,endurance,moderately active,1,5.4,3.34,2307,Moderate
33,male,182.1,82.1,82.1,maintenance,sedentary,3,6.9,3.71,2296,Moderate
33,male,180.3,83.4,83.4,endurance,lightly active,6,5.0,2.96,2756,High
61,female,171.5,92.2,92.2,endurance,lightly active,5,5.6,2.17,2481,Moderate
20,male,176.5,64.2,67.5,muscle gain,extremely active,5,6.5,2.26,3712,High
64,male,182.2,98.1,108.9,muscle gain,sedentary,4,8.4,3.7,2311,Low
57,female,153.4,62.5,56.9,fat loss,sedentary,5,8.6,3.08,1104,Moderate
42,female,153.0,47.6,47.6,recomposition,lightly active,2,7.8,2.88,1299,Low
47,male,174.2,96.2,83.9,fat loss,moderately active,6,7.0,4.13,2422,High
64,female,165.9,67.7,65.2,fat loss,very active,5,6.3,1.79,1614,High
57,male,168.7,70.3,70.3,endurance,moderately active,2,7.5,2.44,2726,Moderate
30,male,170.0,75.2,75.2,recomposition,moderately active,2,9.1,2.63,2415,Moderate
18,male,174.6,42.5,42.5,maintenance,moderately active,5,7.2,2.35,2213,High
51,female,155.2,78.2,68.9,fat loss,sedentary,2,6.4,1.21,1247,Low
23,male,180.8,91.2,91.2,endurance,sedentary,5,6.8,3.2,2330,Low
20,male,168.3,76.7,76.7,endurance,very active,3,6.7,1.97,3023,High
69,female,154.6,47.8,41.7,fat loss,extremely active,2,7.7,1.96,1446,High
41,female,167.0,65.6,65.6,recomposition,sedentary,1,6.1,2.25,1522,Low
51,female,160.0,71.3,80.1,muscle gain,extremely active,5,7.5,2.34,2689,High
27,female,164.6,58.4,58.4,recomposition,extremely active,2,7.7,2.41,2420,High
21,female,162.1,46.4,48.2,muscle gain,very active,4,7.4,3.17,2264,High
19,female,169.2,51.3,46.4,fat loss,moderately active,2,5.7,3.32,1629,High
35,female,164.5,87.5,87.5,recomposition,lightly active,1,6.8,2.32,2264,Moderate
16,female,156.8,52.5,52.5,endurance,moderately active,1,6.4,2.08,1986,High
38,male,182.6,109.0,109.0,recomposition,sedentary,6,6.9,2.41,2290,Low
33,male,160.3,82.5,77.3,fat loss,lightly active,2,6.2,1.87,1707,Low
44,female,166.6,66.0,66.0,maintenance,lightly active,4,8.5,2.48,1778,Moderate
47,male,171.7,74.1,74.1,maintenance,moderately active,3,7.2,1.84,2511,High
32,female,158.7,78.3,78.3,recomposition,lightly active,3,5.1,3.99,1839,Moderate
40,male,164.8,81.7,81.7,recomposition,moderately active,5,5.4,2.59,2267,High
20,female,150.9,59.9,59.9,endurance,very active,6,8.4,2.12,2371,High
32,male,174.3,62.9,62.9,recomposition,extremely active,2,6.8,2.99,2901,High
68,female,161.1,51.4,51.4,endurance,extremely active,1,6.5,1.64,2110,High
69,male,177.3,65.0,65.0,endurance,sedentary,2,8.4,2.0,1654,Low
42,male,166.7,83.6,90.0,muscle gain,moderately active,1,6.8,2.8,3143,Moderate
66,male,171.6,58.7,58.7,recomposition,moderately active,1,5.6,2.59,1908,Low
43,female,150.7,74.7,69.6,fat loss,moderately active,5,5.6,3.23,1530,Moderate
22,male,166.6,95.3,95.3,recomposition,very active,1,7.8,0.59,3286,High
62,female,157.1,63.4,66.9,muscle gain,lightly active,1,9.4,3.07,1904,Low
38,male,174.9,62.7,65.0,muscle gain,moderately active,3,8.0,2.12,2615,High
49,male,172.3,53.4,53.4,maintenance,extremely active,4,6.5,1.68,2475,High
51,female,163.5,74.5,77.6,muscle gain,moderately active,3,6.7,1.29,2407,High
32,male,172.1,102.1,102.1,recomposition,moderately active,5,7.1,2.11,2630,High
55,male,178.1,66.5,66.5,maintenance,extremely active,5,4.6,3.61,3304,High
43,female,159.3,96.3,96.3,recomposition,sedentary,1,7.0,3.18,1692,Low
35,female,165.8,59.7,59.7,maintenance,lightly active,5,7.7,3.64,1822,Moderate
32,female,163.6,56.7,60.7,muscle gain,moderately active,1,9.1,2.42,2181,High
56,male,170.9,58.1,58.1,recomposition,sedentary,6,8.3,2.57,1480,Moderate
29,female,159.0,80.2,80.2,endurance,moderately active,2,9.3,1.39,2288,High
22,male,168.7,81.8,81.8,maintenance,extremely active,6,9.0,1.39,3585,High
63,female,167.1,74.3,74.3,recomposition,very active,6,8.7,2.4,2196,High
33,female,171.5,103.4,103.4,recomposition,sedentary,1,7.0,1.54,1944,Low
50,male,171.1,81.7,71.9,fat loss,extremely active,3,7.4,1.9,2411,High
54,male,158.1,80.1,70.6,fat loss,very active,1,5.0,2.53,2001,Moderate
61,male,187.4,78.0,78.0,maintenance,extremely active,6,7.2,3.39,3303,High
49,male,169.4,74.6,82.1,muscle gain,sedentary,3,7.7,2.51,2219,Low
54,male,173.3,74.9,74.9,recomposition,extremely active,6,6.7,1.55,2918,High
61,female,148.7,84.3,84.3,endurance,sedentary,4,5.2,1.22,1671,Low
66,male,174.0,84.2,84.2,recomposition,sedentary,6,8.9,2.58,1898,Low
18,male,173.9,83.5,95.6,muscle gain,lightly active,4,7.5,2.06,2549,High
56,female,160.4,62.2,71.0,muscle gain,extremely active,1,9.1,2.58,2560,High
25,male,163.6,63.2,55.5,fat loss,extremely active,3,7.9,2.36,2482,High
64,female,174.4,47.2,43.5,fat loss,very active,4,8.6,2.45,1512,High
18,female,159.4,73.6,73.6,recomposition,sedentary,6,8.4,3.34,1694,Moderate
29,female,174.0,73.8,73.8,recomposition,extremely active,5,6.2,3.24,2638,High
26,male,171.6,74.7,72.1,fat loss,lightly active,4,6.4,2.76,1800,Moderate
48,male,175.1,71.4,71.4,recomposition,very active,5,6.5,1.87,2497,High
16,female,172.2,53.6,53.6,maintenance,lightly active,6,5.8,2.11,1911,Moderate
16,female,162.5,71.3,71.3,endurance,moderately active,6,9.1,3.03,2351,High
43,male,176.1,72.0,72.0,recomposition,sedentary,6,7.1,3.41,1635,Moderate
68,female,154.0,69.4,78.7,muscle gain,extremely active,3,7.6,1.61,2577,High
44,female,159.8,79.7,79.7,maintenance,sedentary,3,5.4,3.57,1751,Low
40,male,168.4,87.1,97.7,muscle gain,extremely active,1,8.0,1.95,3757,High
51,female,153.9,77.2,77.2,endurance,extremely active,1,6.5,2.97,2481,High
45,male,172.7,92.6,92.6,maintenance,sedentary,5,8.5,4.46,2079,Low
36,female,160.1,51.5,51.5,endurance,very active,2,6.2,1.39,2194,High
47,female,163.5,82.7,82.7,maintenance,lightly active,3,8.6,2.85,2001,Low
16,female,173.4,54.2,54.2,maintenance,lightly active,3,8.1,2.28,1824,Moderate
29,male,163.5,90.7,86.8,fat loss,lightly active,6,6.4,2.81,2121,High
52,male,176.8,72.2,72.2,endurance,lightly active,6,8.7,2.07,2154,High
34,female,182.2,72.6,72.6,recomposition,extremely active,5,8.4,0.76,2273,High
18,female,160.0,61.7,63.9,muscle gain,sedentary,6,7.6,1.97,1846,High
22,female,161.7,65.9,65.9,endurance,lightly active,4,5.8,2.74,2035,High
62,male,182.1,104.4,112.6,muscle gain,lightly active,2,8.0,3.44,2901,Low
33,male,176.9,80.5,73.3,fat loss,moderately active,4,7.1,2.78,2223,High
17,female,163.5,68.0,68.0,recomposition,lightly active,1,7.1,3.53,1838,Low
55,male,176.4,78.5,78.5,recomposition,very active,3,7.1,2.15,2814,High
44,female,165.8,76.8,76.8,maintenance,extremely active,5,7.0,2.1,2483,High
40,male,178.7,85.6,85.6,recomposition,very active,2,6.0,2.74,2910,High
64,male,180.2,110.0,123.6,muscle gain,lightly active,4,5.2,2.24,2833,Moderate
32,male,171.8,83.9,96.2,muscle gain,extremely active,5,4.9,3.29,3966,High
46,female,165.6,84.8,92.0,muscle gain,moderately active,5,7.4,1.52,2467,High
56,female,170.8,68.9,76.8,muscle gain,lightly active,4,4.1,3.1,2034,Moderate
48,male,174.6,80.9,92.9,muscle gain,very active,2,7.9,3.35,3234,High
27,male,183.2,51.4,46.0,fat loss,extremely active,2,7.6,2.76,2351,High
52,female,159.4,51.7,57.2,muscle gain,lightly active,1,6.6,3.14,1608,Low
56,male,175.2,73.7,73.7,maintenance,lightly active,5,8.2,2.05,2188,High
22,female,154.5,70.2,78.9,muscle gain,very active,2,6.7,1.92,2703,Moderate
24,male,165.4,107.2,107.2,maintenance,moderately active,4,7.5,2.75,3149,Moderate
52,male,179.7,80.8,80.8,endurance,very active,1,4.7,1.99,3323,High
22,male,169.9,53.1,47.6,fat loss,moderately active,2,4.3,2.71,1858,Moderate
63,female,159.0,53.2,53.2,endurance,sedentary,3,6.7,2.71,1244,Low
21,male,187.9,83.7,79.2,fat loss,lightly active,5,7.5,2.45,2350,High
68,female,164.5,74.8,74.8,maintenance,extremely active,1,8.1,2.7,2565,Moderate
52,male,179.0,102.7,95.4,fat loss,extremely active,3,6.8,2.94,2987,High
39,male,177.7,93.4,93.4,maintenance,lightly active,3,7.3,2.43,2522,Low
30,female,173.6,67.7,67.7,endurance,very active,2,7.9,2.17,2745,High
34,female,161.3,70.0,59.9,fat loss,sedentary,5,6.8,3.08,1159,Low
56,male,180.6,95.4,95.4,maintenance,lightly active,6,7.7,2.69,2716,Low
56,male,169.8,67.5,67.5,maintenance,very active,1,5.6,2.82,2656,Moderate
27,male,165.2,93.6,93.6,maintenance,sedentary,6,5.0,2.91,2183,Moderate
45,female,155.3,80.0,80.0,recomposition,very active,6,6.4,2.6,2388,High
69,male,174.6,59.7,68.4,muscle gain,extremely active,6,7.9,2.26,2976,High
29,male,165.0,88.3,88.3,recomposition,sedentary,1,6.1,2.07,1900,Low
53,male,178.0,99.6,111.0,muscle gain,moderately active,3,7.8,2.44,3243,High
25,female,161.5,68.3,71.5,muscle gain,lightly active,4,5.8,2.84,2215,High
61,male,178.7,101.9,101.9,maintenance,very active,2,6.3,2.87,3141,High
25,female,171.4,62.2,62.2,endurance,extremely active,2,7.3,2.6,2771,High
32,male,170.7,63.2,63.2,maintenance,sedentary,4,6.2,2.75,1953,Low
40,male,179.4,77.9,77.9,endurance,very active,6,6.4,1.73,3121,High
36,male,171.5,74.8,64.3,fat loss,sedentary,1,3.9,2.17,1757,Low
25,male,172.0,70.7,64.1,fat loss,moderately active,1,8.0,2.97,1980,Moderate
50,male,171.3,81.9,81.9,maintenance,moderately active,6,6.9,1.92,2612,Moderate
17,female,163.8,72.6,72.6,endurance,moderately active,3,5.9,2.6,2312,High
69,male,173.0,75.0,86.0,muscle gain,very active,1,9.2,2.54,2998,High
18,female,145.2,59.5,67.0,muscle gain,very active,6,6.1,2.42,2256,High
34,male,187.5,70.7,64.6,fat loss,lightly active,2,6.4,2.98,1918,Moderate
66,male,169.8,78.5,78.5,endurance,very active,1,5.8,2.66,2951,Moderate
24,male,154.6,71.0,68.5,fat loss,moderately active,5,8.3,1.66,1942,High
19,male,182.3,63.1,63.1,recomposition,sedentary,5,8.7,2.86,1802,Low
56,female,162.0,71.7,76.2,muscle gain,very active,1,8.6,2.15,2631,High
19,male,168.9,103.9,103.9,maintenance,lightly active,5,8.6,1.55,2816,Moderate
64,female,160.6,57.6,57.6,recomposition,sedentary,3,6.3,3.02,1246,Low
40,female,155.9,61.6,61.6,maintenance,moderately active,2,9.0,1.67,1795,Low
62,female,152.8,61.9,53.6,fat loss,moderately active,5,6.8,2.25,1236,High
29,male,176.1,76.0,76.0,maintenance,very active,1,5.1,2.71,3369,Moderate
23,male,184.0,94.8,89.8,fat loss,moderately active,2,6.5,2.45,2380,Moderate
67,female,164.6,65.4,65.4,endurance,very active,5,7.4,2.06,2021,High
57,male,172.8,74.9,74.9,endurance,lightly active,6,6.2,1.8,2279,Moderate
65,male,172.3,90.3,90.3,endurance,very active,6,7.2,1.97,2823,High
33,female,160.4,47.1,47.1,maintenance,extremely active,5,7.6,1.75,2245,High
37,female,168.2,78.4,78.4,maintenance,moderately active,1,7.5,2.41,2495,Low
47,female,166.5,95.0,95.0,maintenance,very active,2,7.8,2.12,2576,High
40,male,173.2,59.6,59.6,endurance,lightly active,6,6.8,1.53,2103,High
29,female,145.0,82.7,82.7,recomposition,very active,5,6.1,2.3,2399,High
36,male,179.1,71.4,71.4,maintenance,extremely active,5,5.2,2.05,2921,High
48,female,159.6,71.5,71.5,endurance,extremely active,3,6.9,2.69,2473,High
18,female,156.7,69.1,69.1,maintenance,extremely active,4,6.4,2.75,2678,High
34,female,160.1,56.1,56.1,recomposition,lightly active,5,6.9,3.44,1797,High
31,female,168.7,77.0,88.4,muscle gain,extremely active,5,4.5,2.95,3046,High
19,male,179.6,84.0,84.0,maintenance,lightly active,5,5.2,1.74,2531,Moderate
22,male,183.8,63.5,63.5,endurance,extremely active,1,7.6,0.98,3847,High
42,male,165.5,79.6,82.7,muscle gain,sedentary,2,5.0,1.44,2289,Low
21,male,170.8,68.8,68.8,recomposition,extremely active,3,6.8,2.15,2684,High
34,female,149.4,59.8,68.3,muscle gain,lightly active,5,6.0,1.37,1823,Moderate
46,male,180.6,89.6,89.6,maintenance,lightly active,6,5.9,2.07,2562,Moderate
63,female,155.7,73.6,83.2,muscle gain,moderately active,2,7.1,2.52,2327,Moderate
21,male,172.0,104.0,104.0,recomposition,moderately active,5,7.0,2.11,3215,High
39,male,165.1,75.4,75.4,recomposition,sedentary,4,7.7,2.7,1880,Low
21,male,178.4,72.3,72.3,endurance,moderately active,2,5.7,2.07,2950,High
39,female,160.0,44.1,46.9,muscle gain,extremely active,2,5.9,1.97,2129,High
41,female,155.9,58.1,55.7,fat loss,moderately active,4,8.3,3.7,1414,High
59,female,155.6,51.6,51.6,endurance,moderately active,2,6.7,2.48,1550,High
39,male,182.9,88.7,100.5,muscle gain,extremely active,2,7.4,2.58,4158,High
66,male,168.0,60.5,60.5,recomposition,sedentary,2,6.4,3.09,1550,Low
23,female,165.9,74.2,77.0,muscle gain,lightly active,2,7.5,3.11,2329,Moderate
18,female,160.4,61.4,61.4,endurance,extremely active,1,4.0,2.24,2976,High
16,male,175.5,74.2,66.5,fat loss,sedentary,2,8.4,3.23,1748,Low
35,female,162.8,58.2,50.6,fat loss,lightly active,6,6.5,2.19,1485,High
26,male,177.8,80.8,92.5,muscle gain,lightly active,2,5.5,3.21,2889,Moderate
20,male,174.8,68.8,68.8,maintenance,extremely active,3,5.7,1.64,3367,High
28,female,164.8,70.6,70.6,recomposition,sedentary,3,6.7,2.29,1534,Low
68,male,180.8,90.2,90.2,maintenance,lightly active,5,6.9,2.66,2470,Moderate
59,male,183.1,60.2,66.4,muscle gain,moderately active,2,7.2,2.75,2600,Moderate
17,female,166.5,67.4,59.3,fat loss,sedentary,5,5.6,1.91,1375,Low
65,female,160.1,61.5,61.5,endurance,sedentary,5,8.0,1.35,1482,Low
27,male,184.1,69.6,69.6,maintenance,lightly active,4,6.4,2.82,2542,Moderate
37,male,172.5,106.2,106.2,endurance,sedentary,6,6.3,2.36,2455,Moderate
33,female,163.2,75.8,82.8,muscle gain,extremely active,3,6.7,2.23,2951,High
37,female,169.6,43.7,50.2,muscle gain,moderately active,3,7.8,3.66,1914,High
57,female,174.5,53.6,55.4,muscle gain,sedentary,4,7.0,2.29,1454,Low
54,female,166.6,66.7,66.7,maintenance,very active,2,6.3,2.14,2181,Moderate
48,male,173.2,70.2,65.2,fat loss,very active,1,6.6,1.24,2214,High
49,female,185.4,64.0,54.9,fat loss,very active,6,8.5,1.74,2122,High
55,male,176.0,89.2,89.2,recomposition,moderately active,1,8.3,3.11,2413,Moderate
25,male,171.0,58.8,58.8,recomposition,sedentary,1,7.4,1.99,1790,Low
37,female,161.0,70.5,70.5,maintenance,very active,1,7.2,2.94,2358,High
21,male,177.9,57.5,57.5,maintenance,extremely active,4,9.8,1.6,3014,High
54,female,153.9,68.8,68.8,maintenance,lightly active,2,7.6,1.89,1522,Low
39,male,165.4,57.6,57.6,maintenance,sedentary,2,7.2,1.87,1600,Low
50,female,170.7,40.0,43.7,muscle gain,lightly active,6,6.8,2.83,1803,High
46,female,161.1,60.4,60.4,recomposition,very active,6,7.4,2.35,2120,High
30,male,186.1,94.6,90.5,fat loss,very active,6,3.3,1.72,2756,High
23,male,165.2,96.1,96.1,recomposition,extremely active,2,8.2,3.0,3494,High
68,female,158.0,55.0,55.0,recomposition,moderately active,1,5.5,2.85,1594,Low
31,male,170.1,65.3,65.3,maintenance,extremely active,6,6.1,2.74,2896,High
21,male,168.2,84.8,94.8,muscle gain,lightly active,4,5.3,2.71,2703,Low
32,male,171.6,90.0,90.0,endurance,moderately active,6,6.1,1.9,2849,High
64,female,164.8,92.0,92.0,endurance,very active,2,6.6,3.38,2688,High
30,male,176.0,71.9,71.9,endurance,lightly active,6,8.1,2.43,2250,High
69,female,154.9,56.3,52.9,fat loss,lightly active,2,8.5,2.69,1083,Low
40,male,162.2,103.2,103.2,recomposition,extremely active,5,9.3,2.77,3442,High
62,male,163.0,73.4,69.3,fat loss,moderately active,1,7.1,1.84,1757,Moderate
51,male,171.2,80.4,75.5,fat loss,very active,5,6.7,3.83,2006,High
18,female,158.4,96.0,83.1,fat loss,very active,3,7.9,2.48,2291,High
43,male,173.4,95.5,95.5,recomposition,very active,6,6.0,2.52,3095,High
38,male,159.1,66.7,66.7,recomposition,extremely active,1,5.8,2.21,2683,High
26,female,165.4,71.2,71.2,endurance,lightly active,2,6.6,3.3,1887,Moderate
45,male,182.2,62.1,62.1,recomposition,lightly active,4,7.0,3.33,2136,Moderate
21,male,186.4,96.3,96.3,maintenance,extremely active,5,4.5,2.61,3796,High
53,male,161.7,56.0,52.5,fat loss,moderately active,6,8.3,1.47,1658,High
60,male,169.4,78.5,78.5,recomposition,extremely active,1,7.3,2.38,2971,High
20,female,167.9,87.5,87.5,endurance,extremely active,1,8.0,2.45,3294,High
41,female,159.0,51.9,54.2,muscle gain,very active,3,5.1,2.18,1962,High
51,female,179.1,44.4,44.4,recomposition,very active,1,6.2,1.81,2078,High
19,female,162.8,70.2,70.2,maintenance,extremely active,3,6.1,1.41,2412,High
37,male,175.3,69.7,69.7,maintenance,lightly active,3,6.8,3.53,2173,Low
29,male,174.1,98.8,98.8,recomposition,moderately active,6,7.0,3.02,3073,High
18,male,186.1,86.6,89.4,muscle gain,moderately active,1,8.0,2.52,3234,Moderate
59,female,173.7,43.9,43.9,endurance,sedentary,2,7.1,2.05,1295,Moderate
40,male,177.8,81.0,81.0,endurance,moderately active,3,6.1,2.75,2773,High
56,female,168.5,65.1,60.0,fat loss,very active,4,9.6,2.64,1724,High
47,male,165.4,90.7,90.7,maintenance,moderately active,2,6.7,2.22,2515,Moderate
63,female,169.9,43.1,36.9,fat loss,very active,4,5.9,2.77,1350,High
69,male,190.3,77.6,85.7,muscle gain,sedentary,6,4.7,2.86,2325,Low
48,female,160.5,79.3,84.8,muscle gain,moderately active,5,7.1,2.98,2345,High
35,female,168.1,57.7,57.7,recomposition,extremely active,4,7.8,1.88,2402,High
38,female,165.5,65.6,71.3,muscle gain,lightly active,1,5.6,2.8,1950,Moderate
60,male,181.4,71.5,79.0,muscle gain,moderately active,6,7.7,3.32,2921,High
39,male,165.5,96.5,96.5,recomposition,very active,4,7.1,2.71,3132,High
44,female,168.1,74.4,74.4,recomposition,very active,1,4.9,4.05,2304,High
26,male,171.1,83.7,74.0,fat loss,sedentary,4,7.8,2.37,1776,Low
69,female,159.7,82.0,88.2,muscle gain,sedentary,3,6.7,1.3,1925,Low
51,female,165.5,81.7,81.7,recomposition,very active,6,5.6,1.91,2211,High
33,female,167.6,65.8,59.2,fat loss,moderately active,4,8.1,2.03,1602,High
47,female,151.8,104.9,104.9,maintenance,extremely active,6,8.1,2.89,3112,High
37,female,165.6,88.1,88.1,maintenance,extremely active,6,5.6,3.08,2752,High
24,male,175.5,69.7,69.7,recomposition,sedentary,2,7.4,2.6,1736,Low
63,male,176.1,90.4,90.4,recomposition,lightly active,2,7.2,2.7,2001,Low
63,male,180.5,78.8,78.8,maintenance,extremely active,2,6.9,3.84,3079,High
61,male,181.4,86.4,86.4,maintenance,lightly active,2,6.4,1.92,2049,Low
35,female,167.1,89.8,89.8,recomposition,sedentary,5,6.8,2.45,1787,Low
29,male,178.9,75.6,79.9,muscle gain,sedentary,6,8.1,2.18,1851,Moderate
18,male,170.1,88.4,88.4,maintenance,moderately active,3,7.5,1.68,2962,Moderate
55,female,155.7,72.4,72.4,maintenance,lightly active,5,4.7,1.08,1787,Moderate
33,female,150.4,75.9,80.3,muscle gain,extremely active,5,4.4,3.41,2885,High
64,male,178.2,97.6,97.6,recomposition,extremely active,2,4.8,1.97,3431,High
62,female,167.9,55.2,55.2,recomposition,sedentary,6,5.4,2.32,1350,Low
22,male,175.5,73.9,73.9,endurance,extremely active,3,6.1,2.8,3289,High
65,female,157.9,63.9,63.9,maintenance,sedentary,1,6.5,1.67,1296,Low
23,female,168.6,52.8,52.8,recomposition,very active,5,6.9,1.92,2253,High
42,female,152.5,63.9,67.3,muscle gain,extremely active,6,7.0,2.48,2705,High
41,female,156.9,57.5,57.5,endurance,lightly active,2,6.9,2.19,1690,Moderate
67,female,163.9,73.5,73.5,endurance,sedentary,2,8.4,1.61,1424,Low
51,female,167.6,46.5,46.5,maintenance,sedentary,5,5.0,2.93,1389,Moderate
63,female,174.8,69.8,69.8,recomposition,lightly active,6,7.4,2.18,1724,Moderate
48,male,184.2,88.3,88.3,maintenance,extremely active,2,7.4,2.6,3407,High
60,female,156.9,87.3,79.9,fat loss,moderately active,3,5.5,2.54,1433,Moderate
62,female,156.6,76.8,76.8,endurance,moderately active,5,7.6,3.18,2143,Moderate
62,female,158.2,86.5,86.5,recomposition,sedentary,6,7.4,2.75,1571,Low
38,female,178.5,60.1,60.1,maintenance,very active,1,6.9,1.9,2279,Moderate
36,female,168.3,73.1,81.6,muscle gain,sedentary,2,4.1,3.31,1841,Low
69,male,180.1,49.9,49.9,recomposition,very active,6,8.2,2.17,2119,High
56,male,183.4,100.9,100.9,maintenance,extremely active,4,7.3,1.93,3673,High
65,male,174.1,81.4,81.4,endurance,very active,5,7.5,1.83,2800,High
47,female,167.9,74.2,77.6,muscle gain,moderately active,1,3.0,0.86,2504,Moderate
66,female,159.5,47.5,47.5,maintenance,very active,1,6.4,2.07,1575,Low
54,male,172.7,57.1,49.8,fat loss,lightly active,5,5.3,2.78,1464,Moderate
56,male,158.6,85.4,85.4,recomposition,very active,3,8.6,1.55,2679,High
25,female,159.9,62.4,71.6,muscle gain,very active,6,5.7,3.7,2521,High
46,female,163.3,77.4,70.7,fat loss,sedentary,3,8.8,0.93,1486,Low
55,female,157.2,65.2,65.2,maintenance,lightly active,6,8.1,1.95,1675,Low
57,male,167.2,73.3,73.3,maintenance,very active,4,7.3,1.46,2403,High
67,male,182.2,87.1,89.8,muscle gain,moderately active,5,8.4,3.14,2642,High
33,male,167.2,88.7,88.7,endurance,lightly active,4,5.9,2.96,2679,High
32,male,167.9,96.0,92.7,fat loss,extremely active,1,6.1,2.31,2716,High
68,female,163.7,64.0,68.2,muscle gain,extremely active,5,8.1,1.5,2609,High
69,male,175.8,79.6,89.6,muscle gain,very active,6,5.9,1.66,2906,High
25,female,163.3,58.0,58.0,endurance,moderately active,3,5.4,2.67,2171,High
36,female,170.7,81.1,84.4,muscle gain,moderately active,3,6.6,2.03,2614,High
67,male,182.3,69.1,76.1,muscle gain,extremely active,4,5.9,2.11,3242,High
26,male,175.0,74.1,74.1,maintenance,moderately active,4,9.2,2.45,2766,Moderate
58,female,162.5,77.0,82.0,muscle gain,extremely active,3,7.9,2.21,2843,High
22,male,170.3,84.1,96.4,muscle gain,extremely active,2,6.3,1.28,3983,High
25,male,162.3,80.0,84.5,muscle gain,extremely active,6,5.8,1.57,3238,High
58,female,171.0,92.3,92.3,maintenance,very active,5,7.4,1.59,2724,High
48,female,162.1,57.4,57.4,recomposition,lightly active,4,8.4,1.99,1552,Moderate
45,female,160.2,73.2,73.2,maintenance,lightly active,3,7.3,2.56,1823,Low
62,male,168.3,82.7,82.7,endurance,extremely active,3,5.9,2.53,2689,High
32,male,171.8,67.2,69.7,muscle gain,moderately active,3,5.3,3.33,2485,Moderate
43,male,179.3,88.0,88.0,endurance,lightly active,4,6.5,1.52,2620,Moderate
48,male,187.0,76.0,76.0,recomposition,sedentary,1,7.4,2.71,1972,Low
55,male,162.9,82.9,74.0,fat loss,very active,4,6.4,1.95,2230,High
33,female,158.0,82.3,82.3,recomposition,extremely active,4,8.2,3.88,2678,High
50,male,169.5,102.4,102.4,endurance,lightly active,1,7.6,2.43,2463,Low
40,female,159.8,68.8,68.8,recomposition,very active,2,7.3,2.11,2039,High
45,female,166.2,72.8,80.4,muscle gain,lightly active,2,7.6,2.69,1857,Moderate
62,female,167.6,55.2,55.2,maintenance,lightly active,6,5.3,2.64,1563,Low
37,male,180.0,91.2,91.2,endurance,moderately active,6,6.4,2.23,3368,High
52,male,181.7,76.2,81.9,muscle gain,lightly active,5,5.8,2.92,2516,Moderate
66,female,165.7,63.3,63.3,maintenance,extremely active,5,7.5,3.56,2135,High
57,male,169.3,77.3,77.3,maintenance,extremely active,6,5.8,3.14,2952,High
69,female,150.8,71.2,71.2,endurance,lightly active,5,7.1,2.4,1645,High
47,male,173.4,68.5,68.5,endurance,lightly active,3,6.8,3.74,1990,High
31,male,173.3,78.3,78.3,recomposition,sedentary,3,7.7,2.84,1986,Low
69,female,155.7,76.1,76.1,maintenance,very active,4,5.6,1.73,2105,High
50,female,159.0,66.5,66.5,maintenance,very active,3,7.5,2.54,2130,High
29,male,176.7,97.3,97.3,recomposition,extremely active,3,5.7,2.35,3914,High
33,female,155.1,51.5,44.7,fat loss,moderately active,6,5.8,2.12,1428,High
30,male,184.4,108.5,108.5,maintenance,extremely active,6,6.8,2.72,4411,High
61,female,173.8,78.4,89.3,muscle gain,sedentary,4,8.4,1.18,1794,Low
20,female,151.8,76.1,76.1,endurance,lightly active,2,6.0,3.62,1902,Moderate
55,female,161.7,40.0,40.0,endurance,moderately active,3,4.9,2.93,1509,High
45,female,154.8,66.4,75.6,muscle gain,very active,2,5.9,1.21,2576,High
19,male,193.2,65.2,65.2,recomposition,lightly active,3,6.5,2.92,2206,Low
49,female,161.6,84.7,84.7,maintenance,lightly active,3,9.2,2.81,1824,Moderate
56,male,179.9,93.9,93.9,endurance,sedentary,3,7.5,3.53,2299,Moderate
55,male,177.0,60.6,60.6,maintenance,extremely active,3,6.1,3.71,2677,Moderate
44,male,174.3,68.0,68.0,recomposition,moderately active,4,6.8,3.82,2368,High
34,male,173.2,82.3,82.3,recomposition,sedentary,6,8.9,2.31,1904,High
24,female,170.2,68.1,68.1,endurance,lightly active,4,6.7,2.88,1996,High
16,male,178.6,86.2,86.2,recomposition,moderately active,2,6.7,2.16,3082,Moderate
35,male,183.1,66.2,74.5,muscle gain,moderately active,2,6.5,3.18,2699,High
50,male,177.2,57.6,57.6,recomposition,moderately active,4,7.8,0.99,2012,High
18,female,169.1,94.4,98.6,muscle gain,sedentary,6,6.4,1.61,2417,Moderate
69,female,175.3,71.7,71.7,recomposition,extremely active,2,8.0,2.2,1964,High
47,female,170.5,66.7,66.7,endurance,extremely active,1,8.3,2.46,2784,High
31,male,186.6,64.0,64.0,maintenance,lightly active,1,7.7,2.61,2522,Low
67,male,171.2,74.0,74.0,endurance,lightly active,2,6.7,3.39,2248,Low
25,female,163.7,40.0,36.2,fat loss,sedentary,6,5.3,2.04,1023,Moderate
67,female,161.0,68.0,68.0,maintenance,sedentary,5,6.7,1.6,1366,Low
31,female,164.2,70.9,70.9,endurance,extremely active,5,6.2,2.23,2842,High
36,female,156.6,66.0,66.0,recomposition,sedentary,2,6.1,2.08,1512,Moderate
38,female,163.5,48.1,53.3,muscle gain,lightly active,6,6.7,2.89,1946,High
69,female,150.9,66.1,66.1,maintenance,extremely active,3,7.6,3.57,2283,High
29,male,187.1,70.3,63.6,fat loss,lightly active,3,6.3,3.5,1881,Moderate
68,male,175.8,72.3,72.3,endurance,very active,6,5.4,3.26,2607,High
34,male,182.9,69.5,66.8,fat loss,sedentary,5,5.8,2.1,1531,Low
31,male,184.7,82.7,82.7,maintenance,extremely active,2,9.0,2.39,3614,High
50,male,172.1,83.0,83.0,maintenance,extremely active,4,7.7,2.8,3360,High
53,female,177.5,79.6,79.6,recomposition,extremely active,3,5.9,1.96,2681,High
34,male,175.3,91.3,91.3,maintenance,very active,4,8.5,2.03,3180,Moderate
23,male,166.9,80.2,72.6,fat loss,extremely active,1,6.7,2.76,2972,High
37,male,173.7,85.0,85.0,recomposition,very active,1,9.7,1.54,2994,High
45,male,179.1,90.4,90.4,endurance,lightly active,6,7.3,3.26,2283,High
18,male,171.5,69.3,69.3,recomposition,extremely active,1,7.7,2.22,3026,High
20,male,172.7,97.6,85.8,fat loss,lightly active,3,8.0,2.88,2182,Moderate
65,female,163.8,67.1,58.9,fat loss,extremely active,2,8.8,2.64,1808,High
17,female,164.6,50.7,52.7,muscle gain,extremely active,1,6.5,3.38,2952,High
37,male,162.2,67.5,69.7,muscle gain,moderately active,5,8.7,1.01,2567,High
57,female,162.3,81.9,70.0,fat loss,lightly active,2,6.3,3.38,1436,Low
33,female,172.9,55.0,55.0,endurance,sedentary,5,6.6,3.37,1574,High
42,female,170.6,58.7,58.7,recomposition,moderately active,4,7.0,2.7,1965,High
20,male,173.1,66.7,66.7,recomposition,very active,4,8.1,2.86,2490,High
58,female,173.9,67.6,67.6,endurance,moderately active,5,6.6,2.92,2072,High
50,male,180.1,74.9,74.9,endurance,very active,2,9.0,1.87,3102,High
61,male,176.3,90.0,84.5,fat loss,sedentary,3,8.6,2.54,1500,Low
62,male,182.6,79.4,70.1,fat loss,sedentary,5,7.0,3.12,1468,Low
34,female,167.0,88.2,88.2,recomposition,lightly active,2,5.8,1.25,1871,Moderate
18,male,180.7,40.8,40.8,endurance,extremely active,1,8.2,2.83,2742,High
34,male,171.2,115.1,115.1,recomposition,moderately active,3,4.5,2.56,2933,High
23,male,178.5,81.0,81.0,endurance,lightly active,6,7.9,2.94,2584,High
44,male,178.5,40.0,40.0,recomposition,very active,2,6.0,1.61,2014,Moderate
23,female,164.4,74.6,74.6,maintenance,moderately active,3,8.5,1.98,2268,Moderate
65,male,164.0,89.7,84.7,fat loss,sedentary,1,5.3,1.52,1628,Low
48,male,160.8,70.0,70.0,recomposition,moderately active,5,6.2,1.52,2208,High
29,male,175.5,70.1,73.8,muscle gain,very active,3,7.5,3.08,3613,High
65,male,177.1,79.7,86.8,muscle gain,extremely active,2,7.7,2.09,3234,High
57,male,166.7,96.8,96.8,endurance,lightly active,1,6.2,2.04,2430,Low
39,female,171.9,81.7,81.7,recomposition,sedentary,2,6.6,3.26,1767,Low
23,male,176.1,100.5,100.5,maintenance,extremely active,2,8.1,2.26,3675,High
34,male,184.4,95.8,95.8,recomposition,lightly active,3,8.2,3.17,2537,Low
47,female,167.6,46.0,46.0,recomposition,sedentary,3,6.6,1.77,1121,Low
57,female,161.1,64.9,64.9,maintenance,moderately active,3,6.3,2.26,1834,Moderate
30,male,178.2,76.8,76.8,endurance,sedentary,3,5.4,1.87,2304,Moderate
56,male,179.7,87.4,80.0,fat loss,extremely active,1,7.3,2.88,2917,High
31,male,171.2,80.8,80.8,maintenance,very active,5,8.0,2.36,3240,High
29,female,172.2,71.7,71.7,maintenance,moderately active,4,7.2,3.01,2323,High
40,male,175.7,92.1,86.1,fat loss,moderately active,2,5.9,2.61,2327,Moderate
24,male,168.0,87.4,87.4,recomposition,lightly active,1,9.1,1.14,2410,Low
37,female,168.6,82.0,71.7,fat loss,moderately active,6,4.5,2.32,1831,High
35,male,172.1,87.3,87.3,recomposition,extremely active,6,8.1,1.43,3026,High
31,male,187.1,111.3,111.3,recomposition,very active,2,7.3,2.74,3546,High
57,female,167.2,58.2,58.2,maintenance,very active,3,7.6,2.89,2024,Moderate
33,male,175.9,86.8,94.1,muscle gain,extremely active,4,6.1,2.96,4040,High
53,female,153.9,67.3,67.3,endurance,sedentary,3,6.8,2.41,1306,Low
54,female,153.4,78.6,78.6,recomposition,extremely active,6,7.4,1.36,2347,High
51,male,173.9,94.0,81.7,fat loss,sedentary,4,6.9,2.65,1830,Low
30,female,152.2,61.3,61.3,recomposition,lightly active,2,4.8,2.79,1694,Low
60,female,152.7,40.0,36.0,fat loss,very active,5,9.1,2.37,1160,High
28,female,156.2,59.3,59.3,recomposition,sedentary,6,7.8,2.56,1332,Moderate
30,male,165.9,76.2,85.6,muscle gain,moderately active,1,7.0,1.18,2863,Moderate
63,male,174.2,79.2,79.2,recomposition,lightly active,6,7.1,2.55,2148,Moderate
34,male,178.6,75.5,75.5,endurance,sedentary,5,9.0,2.42,2216,Moderate
53,female,156.3,60.4,60.4,recomposition,sedentary,6,6.1,1.65,1326,Low
18,male,168.0,78.4,78.4,recomposition,moderately active,6,5.8,2.87,2675,High
49,female,176.1,62.8,62.8,recomposition,sedentary,1,8.0,2.15,1531,Low
62,female,156.8,52.7,52.7,recomposition,extremely active,3,7.6,2.66,1937,High
54,female,175.1,73.7,73.7,endurance,moderately active,1,5.8,2.84,2407,Moderate
47,male,165.9,64.9,64.9,endurance,very active,1,8.3,2.73,2567,High
61,male,168.3,73.4,73.4,recomposition,lightly active,6,7.4,1.56,1838,Moderate
32,female,165.8,40.0,40.0,maintenance,moderately active,2,5.9,2.23,1804,Moderate
36,male,176.9,85.7,93.6,muscle gain,sedentary,1,7.6,3.99,2329,Low
19,male,180.5,96.9,102.8,muscle gain,sedentary,6,7.4,3.48,2383,Moderate
53,female,166.6,82.4,82.4,recomposition,very active,3,6.9,3.08,2561,High
55,female,166.8,76.1,76.1,recomposition,lightly active,1,7.5,2.69,1814,Low
56,female,160.0,82.4,82.4,maintenance,extremely active,2,7.8,1.81,2661,High
56,female,168.9,60.7,60.7,maintenance,extremely active,1,8.1,2.39,2295,High
22,male,176.3,78.4,78.4,recomposition,sedentary,5,7.1,2.2,2132,Low
51,male,164.2,78.8,78.8,maintenance,very active,6,6.7,2.44,2491,High
57,male,171.0,83.7,74.7,fat loss,very active,3,7.3,1.49,2244,High
27,male,182.1,87.3,79.5,fat loss,lightly active,6,8.4,3.17,2104,Moderate
41,female,164.6,77.7,81.3,muscle gain,extremely active,3,7.8,0.62,3165,High
65,male,180.7,77.6,85.2,muscle gain,very active,3,6.6,3.1,2749,High
38,female,161.4,76.3,76.3,recomposition,lightly active,2,7.1,3.11,1922,Moderate
56,female,161.6,54.7,54.7,maintenance,sedentary,1,9.0,4.13,1306,Low
44,female,163.6,80.7,80.7,maintenance,moderately active,1,7.9,2.33,2157,Moderate
51,male,187.2,74.1,69.6,fat loss,lightly active,4,7.2,2.14,1656,Moderate
49,male,166.8,61.2,58.7,fat loss,moderately active,1,8.4,2.58,1989,Moderate
51,female,159.6,80.6,80.6,endurance,lightly active,5,6.3,2.89,1988,Moderate
58,female,177.2,76.9,76.9,endurance,lightly active,6,7.4,2.44,2088,High
64,male,169.9,80.5,74.2,fat loss,extremely active,2,9.3,1.67,2210,High
31,male,172.4,86.9,86.9,maintenance,extremely active,2,7.8,2.89,3100,High
66,female,158.3,82.4,82.4,endurance,very active,2,8.9,2.5,2512,High
49,female,169.5,75.9,75.9,recomposition,lightly active,3,6.9,1.79,1695,Low
48,male,171.8,85.5,75.0,fat loss,moderately active,6,6.4,1.36,2265,High
33,male,183.9,98.6,98.6,maintenance,lightly active,3,8.4,4.23,3010,Low
38,female,155.8,61.2,61.2,endurance,moderately active,5,4.8,3.08,1916,High
51,female,157.7,87.7,97.4,muscle gain,moderately active,2,7.2,2.89,2442,Moderate
35,female,174.8,46.1,46.1,maintenance,extremely active,3,8.2,2.42,1960,High
31,male,179.1,61.4,64.9,muscle gain,very active,3,7.7,2.98,2739,High
60,male,180.4,64.9,57.5,fat loss,sedentary,6,4.5,1.76,1476,Low
38,female,156.4,59.7,59.7,endurance,extremely active,3,5.4,2.64,2625,High
50,female,170.1,72.0,79.6,muscle gain,sedentary,4,6.9,2.67,1758,Low
17,female,158.2,53.4,53.4,maintenance,sedentary,6,7.6,1.78,1474,Moderate
20,male,179.7,72.0,81.6,muscle gain,extremely active,6,7.6,2.43,3367,High
61,male,169.1,98.6,98.6,recomposition,lightly active,6,7.0,2.21,2122,Moderate
23,male,167.9,79.4,79.4,recomposition,extremely active,1,7.9,1.97,3378,High
58,male,172.7,58.1,58.1,maintenance,sedentary,1,7.5,2.12,1681,Low
64,female,163.5,70.6,67.7,fat loss,lightly active,3,6.8,1.31,1224,Low
41,male,162.6,83.1,88.0,muscle gain,extremely active,3,7.6,3.24,3624,High
63,female,162.8,74.8,84.4,muscle gain,sedentary,5,6.2,3.59,1980,Moderate
39,female,155.0,87.1,87.1,recomposition,moderately active,3,7.8,1.85,2133,High
67,female,167.5,57.2,57.2,recomposition,very active,3,6.0,3.28,1767,Moderate
28,female,168.8,76.6,67.0,fat loss,lightly active,1,7.6,2.48,1730,Low
39,male,169.4,80.2,80.2,recomposition,sedentary,3,7.6,2.49,2020,Low
37,female,164.9,71.0,71.0,maintenance,extremely active,4,6.6,1.59,2780,High
58,male,173.9,75.7,75.7,maintenance,very active,5,7.8,2.11,2638,High
18,male,178.1,91.2,91.2,endurance,extremely active,2,8.9,2.87,3773,High
60,male,179.2,40.0,34.5,fat loss,very active,4,5.8,1.82,1516,High
17,male,182.6,79.0,79.0,recomposition,very active,4,8.1,1.98,2810,High
33,female,155.1,47.1,47.1,maintenance,very active,2,8.3,2.14,1964,High
48,male,176.6,78.1,89.3,muscle gain,very active,6,6.8,0.5,3085,High
23,male,172.5,67.7,77.4,muscle gain,moderately active,3,8.0,2.73,2898,High
42,male,174.3,92.7,89.0,fat loss,extremely active,2,6.7,2.95,2714,High
69,male,181.1,72.9,72.9,recomposition,extremely active,5,8.5,2.76,2755,High
60,female,169.3,69.3,69.3,recomposition,lightly active,2,3.7,3.16,1687,Low
17,male,184.8,79.5,83.2,muscle gain,extremely active,4,8.7,2.19,4158,High
47,female,169.5,76.5,79.2,muscle gain,lightly active,5,5.7,3.77,2312,High
48,male,174.2,100.0,100.0,endurance,very active,3,7.1,1.91,3354,High
19,female,161.2,97.4,97.4,recomposition,extremely active,2,6.0,2.34,3076,High
51,male,162.9,91.8,91.8,maintenance,moderately active,2,8.8,2.27,2608,Low
44,male,184.4,82.0,70.0,fat loss,sedentary,2,6.7,2.63,1608,Low
52,male,172.7,72.9,72.9,maintenance,extremely active,1,6.3,2.33,3144,High
32,female,149.5,44.3,49.5,muscle gain,very active,6,8.3,2.43,1972,High
29,female,161.9,61.5,61.5,endurance,moderately active,6,7.9,2.03,2129,High
55,male,166.3,88.0,82.7,fat loss,extremely active,4,6.6,2.19,2534,High
54,female,159.8,63.8,63.8,endurance,sedentary,5,5.8,0.94,1548,Low
24,female,173.7,67.2,67.2,endurance,moderately active,4,5.6,3.06,2442,High
27,male,177.0,76.9,76.9,recomposition,sedentary,4,8.5,1.78,1973,Moderate
47,male,170.9,58.6,58.6,maintenance,sedentary,5,7.5,2.16,1878,Low
60,female,172.7,64.8,64.8,maintenance,lightly active,4,7.2,1.76,1749,Low
26,female,174.0,51.7,51.7,endurance,moderately active,4,7.6,2.9,2105,High
27,female,166.6,101.5,101.5,endurance,sedentary,1,4.7,2.12,2457,Low
59,male,164.7,98.9,98.9,endurance,moderately active,4,6.6,0.79,2682,High
53,male,186.4,65.5,56.8,fat loss,very active,3,6.6,2.7,2385,High
64,male,181.8,82.8,82.8,maintenance,sedentary,2,8.2,1.98,1742,Low
58,male,173.9,83.1,83.1,recomposition,sedentary,3,5.2,2.48,1817,Low
67,female,155.6,54.2,50.4,fat loss,very active,6,8.3,3.08,1265,High
26,male,182.4,77.7,77.7,recomposition,moderately active,3,9.2,1.81,2423,High
30,male,178.3,75.0,80.7,muscle gain,sedentary,3,4.9,2.46,2374,Low
28,male,164.8,106.2,106.2,maintenance,extremely active,2,7.0,1.96,3782,High
18,male,173.4,74.2,74.2,endurance,moderately active,5,7.6,3.19,2730,High
58,female,159.5,82.1,82.1,endurance,sedentary,1,8.0,2.56,1891,Low
51,male,175.1,44.6,46.9,muscle gain,lightly active,6,4.4,2.48,2122,Moderate
20,female,159.5,69.6,69.6,recomposition,moderately active,6,7.4,1.63,2102,High
26,male,167.9,96.6,84.3,fat loss,lightly active,2,6.7,3.03,1854,Low
26,male,187.4,65.3,65.3,recomposition,extremely active,4,6.7,3.11,3244,High
37,male,180.9,72.8,69.7,fat loss,very active,4,9.5,1.96,2249,High
40,female,159.3,77.5,77.5,endurance,sedentary,6,6.7,2.61,1807,Moderate
31,male,176.7,80.3,87.0,muscle gain,lightly active,2,7.5,2.91,2836,Moderate
66,male,183.8,86.5,86.5,recomposition,lightly active,5,6.9,4.05,2153,Moderate
27,female,163.8,60.0,60.0,recomposition,sedentary,1,7.3,2.77,1630,Low
46,female,165.9,77.2,84.5,muscle gain,sedentary,5,7.7,2.5,1862,Moderate
39,male,177.0,70.6,70.6,endurance,sedentary,5,8.1,2.39,2110,Moderate
36,female,158.6,46.0,39.4,fat loss,very active,2,6.1,2.43,1602,High
60,female,152.0,66.5,66.5,endurance,lightly active,1,7.2,3.04,1757,Moderate
68,male,170.6,91.6,91.6,maintenance,moderately active,1,7.2,1.88,2820,Low
16,female,165.7,75.0,75.0,maintenance,sedentary,5,5.0,3.15,1762,Moderate
41,male,163.3,92.7,97.3,muscle gain,extremely active,4,5.9,1.42,3466,High
22,male,158.8,88.5,78.4,fat loss,extremely active,3,8.1,2.97,2642,High
39,female,170.5,62.8,62.8,recomposition,very active,4,6.4,3.16,2592,High
49,male,172.4,60.3,60.3,recomposition,lightly active,4,10.0,3.06,2034,Moderate
38,female,164.8,60.5,60.5,endurance,very active,1,8.2,2.69,2249,High
32,female,170.4,63.9,63.9,endurance,lightly active,3,7.5,2.78,1955,High
32,male,184.8,72.8,75.3,muscle gain,extremely active,4,8.8,2.22,3674,High
32,male,178.7,95.1,95.1,maintenance,very active,4,7.9,1.71,3354,High
33,male,188.5,67.6,67.6,endurance,sedentary,2,7.2,2.67,2217,Low
36,female,165.4,64.7,64.7,maintenance,sedentary,6,5.3,2.55,1674,Low
53,male,177.1,70.9,70.9,recomposition,very active,1,7.8,3.15,2733,Moderate
21,male,176.7,87.1,87.1,recomposition,very active,6,8.7,2.4,3443,High
18,female,156.4,70.0,70.0,endurance,very active,6,6.3,2.61,2563,High
43,female,154.2,53.7,60.4,muscle gain,lightly active,5,4.8,2.7,1710,Moderate
52,female,174.5,73.4,69.3,fat loss,very active,4,5.7,2.9,1895,High
29,male,170.9,75.6,75.6,endurance,lightly active,2,9.1,3.16,2391,High
26,female,166.1,70.6,70.6,maintenance,very active,2,7.1,1.83,2562,High
49,female,160.6,59.4,54.5,fat loss,lightly active,4,8.8,2.99,1361,High
36,female,164.9,81.7,81.7,recomposition,sedentary,1,7.0,2.37,1895,Low
55,male,187.9,87.5,87.5,endurance,extremely active,5,6.4,2.95,3399,High
23,female,165.7,54.4,54.4,recomposition,extremely active,6,9.6,3.53,2404,High
22,male,170.2,99.1,107.4,muscle gain,very active,5,6.6,1.02,3577,High
45,female,160.5,86.8,86.8,endurance,very active,6,6.7,3.35,2755,High
37,male,166.1,40.0,36.0,fat loss,very active,3,7.6,2.42,2015,High
55,male,179.9,92.5,92.5,endurance,very active,2,6.7,1.9,3196,High
43,female,160.6,77.6,70.0,fat loss,moderately active,1,7.9,2.19,1997,Moderate
35,female,156.7,51.0,54.0,muscle gain,extremely active,3,7.5,1.78,2331,High
24,female,161.5,57.9,66.3,muscle gain,very active,1,7.6,2.86,2456,High
24,male,178.1,60.1,60.1,maintenance,moderately active,4,6.3,1.78,2428,High
56,female,175.4,77.7,70.7,fat loss,moderately active,5,5.0,3.34,1795,Moderate
28,male,174.5,87.5,87.5,recomposition,extremely active,1,6.0,2.98,3274,High
43,female,165.3,64.3,62.3,fat loss,moderately active,4,6.1,2.66,1686,High
60,female,166.5,58.3,54.2,fat loss,sedentary,4,7.4,1.07,932,Low
64,female,169.1,82.9,75.3,fat loss,extremely active,2,6.0,1.57,2010,High
30,female,166.2,56.8,56.8,endurance,sedentary,2,5.2,2.44,1818,Low
21,female,165.0,49.7,44.2,fat loss,lightly active,5,5.6,2.48,1271,Moderate
57,female,168.0,49.2,49.2,recomposition,lightly active,2,7.5,3.16,1401,Low
53,male,164.8,84.1,84.1,recomposition,sedentary,1,7.8,0.5,1904,Low
33,male,171.8,75.5,75.5,endurance,lightly active,4,6.4,1.97,2403,High
48,male,166.5,97.2,97.2,maintenance,sedentary,1,6.5,3.09,2024,Low
26,female,164.5,51.6,51.6,endurance,moderately active,2,7.7,2.26,2094,High
53,female,153.1,65.0,65.0,maintenance,extremely active,1,7.2,2.17,2356,High
55,male,170.7,83.6,76.2,fat loss,lightly active,4,8.4,1.37,1732,Low
32,male,180.0,90.3,90.3,endurance,lightly active,2,6.8,3.24,2770,Moderate
41,male,185.6,83.4,83.4,maintenance,very active,2,6.0,2.16,3254,High
34,male,174.8,54.7,52.5,fat loss,very active,3,8.3,3.27,2167,High
17,male,182.0,95.3,95.3,recomposition,extremely active,3,6.6,3.53,3710,High
22,female,152.9,74.7,83.7,muscle gain,moderately active,5,6.1,3.42,2740,High
67,female,163.5,60.0,60.0,endurance,very active,6,8.1,2.48,2045,High
40,male,180.3,74.3,65.1,fat loss,extremely active,4,8.7,2.16,2396,High
23,male,187.9,54.4,54.4,recomposition,moderately active,3,7.2,2.11,2337,High
18,female,160.0,58.5,58.5,endurance,extremely active,4,5.8,3.88,2855,High
35,female,171.0,51.9,46.3,fat loss,extremely active,4,8.8,2.35,1801,High
69,female,160.0,91.5,91.5,maintenance,sedentary,1,7.5,3.24,1463,Low
36,male,182.0,98.2,98.2,recomposition,very active,3,7.3,2.84,3274,High
69,male,182.9,84.2,84.2,endurance,very active,5,6.5,2.21,2900,High
42,male,171.2,65.3,70.4,muscle gain,extremely active,6,8.4,2.32,3666,High
57,female,161.2,67.0,67.0,maintenance,moderately active,1,5.7,3.33,1939,Low
58,female,166.5,73.7,73.7,maintenance,lightly active,5,5.6,2.52,1960,Moderate
17,female,165.6,62.0,65.8,muscle gain,moderately active,1,9.3,2.18,2374,Moderate
16,male,174.5,109.4,109.4,endurance,very active,1,6.0,1.94,3957,High
65,male,176.3,106.3,106.3,recomposition,extremely active,1,8.2,2.72,3404,High
66,female,167.6,65.5,56.2,fat loss,sedentary,1,8.7,2.14,1259,Low
23,female,156.7,59.3,59.3,endurance,sedentary,1,7.3,2.92,1652,Moderate
50,female,165.7,82.1,76.0,fat loss,lightly active,4,5.9,4.28,1540,Moderate
65,male,179.1,85.0,85.0,endurance,moderately active,6,7.8,2.86,2852,Moderate
67,male,176.1,92.7,92.7,maintenance,sedentary,5,8.7,3.76,1950,Low
32,male,178.7,70.9,70.9,recomposition,extremely active,5,7.4,2.0,2868,High
60,female,167.7,58.6,58.6,endurance,very active,1,6.1,2.98,2119,High
50,female,173.2,79.3,79.3,endurance,extremely active,6,7.4,3.38,2865,High
66,female,168.1,40.0,37.7,fat loss,sedentary,4,5.3,3.47,922,Low
23,male,180.5,97.4,97.4,maintenance,lightly active,1,5.8,3.4,2629,Low
48,female,166.0,83.1,76.9,fat loss,moderately active,4,6.7,2.51,1942,High
17,male,177.9,81.3,81.3,recomposition,very active,5,7.1,3.12,3224,High
35,female,160.3,75.8,75.8,maintenance,very active,3,5.6,1.79,2579,High
16,female,153.7,56.3,56.3,endurance,moderately active,5,7.3,3.62,2179,High
39,female,173.4,72.5,72.5,recomposition,lightly active,5,7.6,1.83,1687,Moderate
59,female,166.2,68.0,68.0,maintenance,lightly active,4,6.7,3.38,1748,Moderate
51,female,156.6,71.2,67.4,fat loss,lightly active,3,4.4,3.23,1474,Moderate
33,male,167.1,94.3,105.4,muscle gain,very active,6,7.1,3.23,3814,High
39,male,167.1,97.7,97.7,endurance,extremely active,4,9.2,3.95,3609,High
35,female,169.9,78.3,73.8,fat loss,moderately active,3,7.5,3.24,2017,High
55,female,156.5,78.5,78.5,endurance,extremely active,5,7.0,1.57,2696,High
30,male,174.1,70.2,70.2,recomposition,lightly active,2,6.6,2.91,1816,Low
20,female,165.8,61.9,61.9,maintenance,extremely active,6,7.7,1.18,2633,High
43,male,187.6,81.1,81.1,maintenance,sedentary,5,7.3,2.44,2021,Low
60,female,167.4,51.5,49.8,fat loss,very active,4,7.8,2.2,1463,High
41,male,176.0,77.1,86.1,muscle gain,extremely active,2,5.7,2.95,3780,High
27,female,170.8,67.6,67.6,maintenance,lightly active,3,7.1,1.92,2026,Moderate
18,male,165.8,87.3,87.3,maintenance,very active,6,6.4,1.94,3049,High
66,male,166.6,76.0,86.3,muscle gain,sedentary,5,7.4,2.85,1904,Low
57,female,175.2,66.0,66.0,endurance,extremely active,1,4.7,3.32,2680,High
24,female,172.7,53.3,53.3,maintenance,moderately active,5,6.5,2.5,2041,High
19,male,176.8,61.9,63.9,muscle gain,moderately active,1,7.7,4.13,2955,High
22,female,162.7,50.8,50.8,recomposition,extremely active,3,7.8,2.26,2151,High
36,male,172.6,86.8,78.5,fat loss,extremely active,3,7.0,2.98,2632,High
59,male,175.3,70.0,60.2,fat loss,lightly active,3,4.4,2.74,1545,Low
24,male,167.3,93.7,103.5,muscle gain,extremely active,3,7.8,2.26,3842,High
60,male,165.6,78.3,71.6,fat loss,lightly active,1,8.9,3.42,1894,Low
16,female,159.1,59.5,63.3,muscle gain,extremely active,4,6.0,1.88,2743,High
55,female,169.7,91.5,86.3,fat loss,very active,5,6.5,1.05,2064,Moderate
31,male,172.6,99.5,99.5,recomposition,moderately active,6,8.0,2.41,2693,High
67,male,161.9,60.8,54.7,fat loss,moderately active,3,8.0,2.32,1582,Low
41,female,162.3,74.3,85.3,muscle gain,lightly active,4,8.3,3.24,2133,Moderate
30,female,166.2,63.4,65.5,muscle gain,moderately active,1,8.2,1.63,2537,High
29,male,186.6,79.7,79.7,maintenance,moderately active,3,5.2,2.87,2757,Moderate
60,male,170.9,96.6,96.6,maintenance,extremely active,4,6.4,2.78,3327,High
37,male,179.8,75.5,75.5,recomposition,moderately active,3,7.8,2.73,2220,High
35,male,182.6,84.0,84.0,recomposition,moderately active,6,6.9,3.23,2529,High
55,female,179.4,78.4,85.3,muscle gain,very active,2,7.4,2.48,3024,High
45,female,167.9,65.1,58.8,fat loss,extremely active,1,6.8,2.54,1895,High
51,female,159.8,54.4,54.4,endurance,extremely active,6,6.5,2.82,2351,High
40,female,154.1,70.1,78.2,muscle gain,lightly active,4,6.7,2.43,1895,Moderate
19,male,177.5,89.5,89.5,maintenance,extremely active,1,5.7,1.55,3600,High
16,female,168.2,75.5,75.5,endurance,moderately active,6,6.1,2.21,2810,High
18,female,162.8,61.7,61.7,recomposition,sedentary,2,6.9,2.32,1648,Low
47,female,151.7,67.0,67.0,maintenance,sedentary,6,6.9,2.11,1295,Low
43,male,177.4,66.3,74.2,muscle gain,lightly active,3,7.7,2.28,2870,Moderate
56,female,167.4,54.9,54.9,endurance,lightly active,3,6.7,2.63,1563,Low
64,male,179.7,69.5,65.3,fat loss,moderately active,2,9.0,2.31,2073,Moderate
25,female,149.4,68.2,68.2,maintenance,sedentary,2,8.5,3.1,1553,Low
67,female,167.4,53.7,59.4,muscle gain,sedentary,5,6.4,3.11,1354,Low
66,female,152.0,53.6,45.7,fat loss,sedentary,3,7.2,0.83,929,Low
49,female,172.5,66.7,72.5,muscle gain,extremely active,4,8.5,1.5,2738,High
44,female,164.5,60.8,56.5,fat loss,lightly active,2,6.2,0.82,1335,Low
25,male,176.1,88.7,82.9,fat loss,very active,3,6.1,2.31,2587,High
25,female,169.9,64.3,64.3,recomposition,moderately active,3,8.6,2.26,2149,High
17,female,165.5,71.9,71.9,recomposition,lightly active,2,7.8,2.61,2137,Low
50,male,165.7,81.7,81.7,endurance,lightly active,4,8.3,3.09,2351,Moderate
39,male,178.5,60.9,58.8,fat loss,sedentary,3,7.4,2.47,1480,Low
26,male,173.6,60.7,60.7,maintenance,sedentary,5,6.7,2.08,1799,Moderate
23,female,161.0,66.1,66.1,recomposition,very active,5,5.4,2.5,2242,High
19,female,164.8,60.8,60.8,maintenance,moderately active,4,7.2,2.15,2077,Moderate
50,female,174.9,56.8,53.2,fat loss,extremely active,1,8.5,1.47,1744,High
53,female,159.5,67.8,67.8,maintenance,sedentary,6,8.5,3.17,1728,Moderate
50,female,167.5,86.3,74.7,fat loss,extremely active,5,8.3,2.8,2311,High
21,female,156.8,50.3,45.7,fat loss,sedentary,5,7.9,3.51,1186,Low
18,male,172.2,84.2,84.2,recomposition,very active,4,9.7,1.63,3224,High
21,male,187.9,97.4,87.6,fat loss,extremely active,4,5.1,1.37,2631,High
56,male,172.7,48.9,55.7,muscle gain,sedentary,4,7.3,1.84,1972,Low
55,female,162.2,71.4,71.4,endurance,moderately active,1,5.9,2.78,1994,High
31,male,180.3,78.4,78.4,endurance,extremely active,6,8.9,3.1,3327,High
18,male,163.0,87.4,78.5,fat loss,extremely active,5,6.3,2.7,2658,High
33,male,175.5,96.6,96.6,maintenance,lightly active,6,8.2,2.6,2771,High
59,female,156.8,69.7,76.6,muscle gain,sedentary,5,6.5,3.1,1852,Low
23,female,153.5,72.4,72.4,recomposition,lightly active,2,7.5,2.18,2019,Low
58,female,161.2,55.3,55.3,recomposition,moderately active,3,6.9,3.24,1586,Moderate
41,male,172.3,81.8,77.2,fat loss,lightly active,6,7.0,3.89,1663,High
23,female,165.9,60.2,60.2,maintenance,sedentary,2,7.4,1.76,1595,Low
66,female,156.8,77.3,84.4,muscle gain,moderately active,4,8.1,2.32,2107,High
43,female,164.0,40.0,40.0,endurance,moderately active,4,6.9,1.53,1539,High
52,male,175.2,86.1,97.6,muscle gain,lightly active,2,8.1,1.82,2711,Low
21,male,171.1,102.2,94.0,fat loss,extremely active,1,8.2,2.77,3028,High
36,female,163.4,85.5,85.5,recomposition,lightly active,1,6.5,1.32,2066,Moderate
50,male,171.1,82.7,82.7,endurance,extremely active,5,9.3,1.95,3439,High
50,female,154.1,70.4,70.4,endurance,sedentary,2,7.9,3.24,1648,Low
19,female,171.1,72.9,68.3,fat loss,moderately active,2,6.5,2.66,1905,Moderate
48,male,173.2,99.0,99.0,recomposition,extremely active,6,7.7,3.04,3643,High
67,female,161.4,63.0,68.3,muscle gain,lightly active,4,8.2,1.59,1708,Moderate
58,male,169.7,78.4,73.6,fat loss,very active,1,7.7,2.55,2070,Moderate
27,female,170.2,47.3,47.3,maintenance,very active,2,7.2,3.82,2111,High
65,male,176.7,81.8,81.8,endurance,lightly active,3,3.0,2.04,2388,Low
52,male,171.1,80.0,80.0,endurance,very active,3,5.8,2.16,3044,High
19,male,174.0,88.9,88.9,recomposition,very active,5,7.8,2.91,3028,High
22,male,190.1,71.1,71.1,maintenance,moderately active,5,5.8,1.87,2728,High
65,female,168.2,70.4,70.4,maintenance,lightly active,1,7.6,3.0,1882,Low
27,male,167.6,86.5,95.4,muscle gain,moderately active,2,8.1,1.24,2852,Moderate
21,male,168.6,99.6,92.9,fat loss,sedentary,4,6.9,0.8,2180,Low
40,male,167.6,88.8,88.8,maintenance,moderately active,1,4.9,2.72,2649,Moderate
44,male,182.4,105.9,99.6,fat loss,lightly active,4,6.1,1.81,2156,Moderate
46,male,172.2,87.8,76.9,fat loss,lightly active,1,7.8,2.1,1944,Low
51,female,171.7,50.4,50.4,recomposition,lightly active,4,8.5,3.11,1565,Low
69,female,161.5,49.8,49.8,endurance,moderately active,1,4.5,2.94,1566,Moderate
56,male,174.9,100.8,100.8,recomposition,sedentary,5,7.1,1.64,2124,Moderate
17,female,153.2,40.0,40.0,endurance,sedentary,3,5.2,2.86,1322,Low
20,female,162.2,74.1,74.1,maintenance,lightly active,6,7.1,2.29,1980,Moderate
16,male,170.9,91.2,91.2,recomposition,moderately active,1,6.8,2.79,2535,Moderate
37,female,162.4,80.8,86.5,muscle gain,lightly active,6,9.8,2.49,2294,High
34,male,169.1,77.3,77.3,maintenance,moderately active,3,6.4,1.45,2553,Moderate
66,male,184.4,55.2,47.6,fat loss,sedentary,3,8.3,2.0,1164,Low
35,male,170.9,58.4,58.4,recomposition,moderately active,5,8.2,0.81,2093,Moderate
17,male,171.7,74.9,74.9,maintenance,moderately active,4,6.8,2.63,2696,High
63,female,171.2,73.8,73.8,maintenance,lightly active,6,7.1,2.78,1926,Low
30,female,169.5,84.6,84.6,endurance,sedentary,5,7.0,2.01,1854,High
65,male,172.0,90.0,78.2,fat loss,very active,2,6.1,2.42,2243,Moderate
57,female,160.8,64.8,64.8,maintenance,lightly active,2,6.0,1.82,1550,Low
63,female,166.4,59.9,63.2,muscle gain,moderately active,6,6.5,3.38,2107,High
60,female,173.0,74.0,74.0,recomposition,very active,5,5.6,1.6,2140,High
23,female,163.6,43.3,43.3,recomposition,sedentary,6,6.4,2.28,1386,Moderate
49,female,176.3,86.7,86.7,recomposition,very active,6,6.8,1.59,2506,High
38,male,170.0,60.1,60.1,endurance,lightly active,4,7.2,2.66,1916,Moderate
49,female,151.8,75.7,82.1,muscle gain,moderately active,6,7.5,3.23,2247,High
56,female,169.9,40.0,42.8,muscle gain,sedentary,5,6.8,1.05,1275,Moderate
43,female,157.3,54.5,56.4,muscle gain,moderately active,6,6.1,2.96,2134,High
32,female,177.3,87.4,87.4,endurance,lightly active,3,7.5,3.64,2660,Moderate
65,male,170.0,79.3,79.3,maintenance,sedentary,6,7.9,2.59,1913,Low
51,male,167.1,78.2,78.2,recomposition,moderately active,1,6.4,2.03,2232,Moderate
63,male,164.6,84.5,92.0,muscle gain,very active,6,5.8,2.47,3025,High
28,male,177.1,84.8,84.8,endurance,lightly active,6,6.5,2.12,2673,High
61,female,151.4,74.9,74.9,maintenance,very active,5,6.8,3.88,2258,High
33,female,173.5,66.0,66.0,endurance,lightly active,6,8.4,3.08,2025,High
40,female,152.5,82.8,82.8,maintenance,extremely active,3,7.8,3.13,2764,High
62,female,174.1,58.9,55.8,fat loss,lightly active,2,7.0,4.01,1193,Low
35,female,167.7,75.0,83.2,muscle gain,very active,1,9.3,3.44,2866,High
29,female,162.5,69.8,69.8,maintenance,lightly active,2,7.0,2.42,1836,Low
65,female,166.1,66.3,63.9,fat loss,moderately active,6,8.7,2.52,1511,Moderate
68,female,166.3,63.1,63.1,recomposition,sedentary,1,8.5,4.15,1250,Low
32,female,161.6,63.5,65.8,muscle gain,sedentary,2,8.4,1.98,1823,Low
32,male,179.6,68.6,68.6,endurance,extremely active,3,7.4,2.38,3425,High
28,female,172.7,64.2,64.2,endurance,sedentary,3,7.1,1.79,1765,Low
17,female,164.1,77.5,74.6,fat loss,moderately active,6,7.0,1.23,1828,High
45,female,158.8,61.0,67.0,muscle gain,moderately active,1,8.0,1.88,2185,High
29,male,176.0,85.1,85.1,recomposition,very active,1,6.1,1.9,3245,Moderate
61,male,170.2,62.8,62.8,endurance,sedentary,2,6.7,2.06,1956,Low
25,male,183.3,77.2,77.2,endurance,sedentary,4,9.0,2.93,2319,Moderate
50,female,168.2,80.5,68.6,fat loss,lightly active,3,7.7,2.49,1616,Moderate
43,female,157.2,70.2,74.9,muscle gain,extremely active,6,8.1,3.21,2565,High
49,female,169.8,69.0,66.9,fat loss,lightly active,1,5.5,2.61,1596,Low
22,female,162.8,58.5,60.6,muscle gain,moderately active,3,6.5,2.63,1989,High
41,male,179.7,75.2,75.2,recomposition,moderately active,4,7.4,2.3,2643,Moderate
49,female,169.7,70.9,73.8,muscle gain,moderately active,4,7.0,3.86,2371,High
34,female,155.4,67.4,67.4,recomposition,extremely active,4,5.5,2.2,2026,High
63,male,165.8,104.2,116.3,muscle gain,very active,3,7.9,3.14,3485,High
44,female,149.1,62.1,62.1,maintenance,moderately active,1,8.3,1.67,1799,Low
35,male,180.9,82.4,82.4,maintenance,lightly active,1,6.7,2.33,2388,Low
17,female,163.3,46.4,50.7,muscle gain,lightly active,1,8.0,3.91,1877,Low
25,female,159.2,76.4,73.0,fat loss,extremely active,4,9.4,2.98,2236,High
41,female,165.7,75.2,86.1,muscle gain,sedentary,6,8.8,1.52,1908,Moderate
37,female,162.4,80.7,80.7,recomposition,sedentary,1,6.7,1.78,1534,Low
63,male,178.0,87.3,87.3,recomposition,lightly active,1,5.7,3.62,2242,Low
58,female,166.9,78.3,68.4,fat loss,extremely active,5,7.3,2.56,2043,High
24,female,166.2,78.8,87.6,muscle gain,very active,4,9.8,2.31,3271,High
47,female,165.0,75.9,75.9,endurance,extremely active,2,8.6,1.95,2925,High
40,female,159.7,77.9,77.9,endurance,very active,1,7.0,2.28,2715,High
21,male,168.6,88.8,81.5,fat loss,moderately active,5,8.9,3.49,2539,High
51,female,164.7,53.7,53.7,recomposition,sedentary,4,8.4,2.01,1369,Moderate
45,male,173.4,76.5,76.5,recomposition,extremely active,4,4.7,2.08,2914,High
20,female,170.8,84.5,81.8,fat loss,very active,2,8.3,2.92,1929,Moderate
41,male,163.0,64.1,73.4,muscle gain,sedentary,6,7.1,1.77,1990,Moderate
55,male,170.3,68.4,62.0,fat loss,extremely active,1,6.0,1.85,2480,High
33,male,184.7,76.4,76.4,recomposition,very active,5,7.1,2.5,3036,High
35,female,169.6,51.8,51.8,endurance,very active,5,7.5,2.52,2181,High
21,male,174.3,90.0,86.8,fat loss,lightly active,5,6.0,1.93,2086,Moderate
27,male,176.0,75.7,80.6,muscle gain,lightly active,4,6.9,2.83,2571,Moderate
68,female,174.5,52.7,52.7,maintenance,lightly active,2,6.6,2.65,1564,Low
49,male,175.1,72.2,66.1,fat loss,sedentary,3,8.0,1.12,1467,Low
25,male,182.7,81.4,89.6,muscle gain,moderately active,3,6.6,3.05,3462,High
42,male,170.8,73.8,80.9,muscle gain,sedentary,6,5.0,2.1,2167,Moderate
26,male,173.2,85.6,76.3,fat loss,moderately active,5,6.5,3.06,2283,High
39,female,161.0,82.7,82.7,recomposition,lightly active,3,5.9,3.96,1834,Moderate
23,female,168.5,72.7,72.7,recomposition,very active,5,5.4,2.45,2403,High
49,female,170.9,67.8,59.0,fat loss,lightly active,6,8.4,2.05,1372,Moderate
46,male,181.2,57.1,49.2,fat loss,lightly active,5,8.0,3.47,1765,Moderate
50,male,169.4,75.0,70.1,fat loss,sedentary,3,5.8,1.91,1455,Low
39,male,175.0,76.3,76.3,endurance,lightly active,1,5.5,3.82,2429,Low
31,male,180.0,88.1,88.1,maintenance,sedentary,6,6.9,2.18,2020,Low
29,female,150.9,78.8,78.8,maintenance,lightly active,1,5.4,2.06,1815,Low
27,female,151.2,62.8,55.9,fat loss,moderately active,4,6.7,4.16,1560,High
39,male,175.5,62.6,56.3,fat loss,very active,1,7.1,2.75,2076,High
40,female,161.4,73.5,73.5,endurance,moderately active,6,7.4,3.64,2283,High
52,female,167.8,83.1,83.1,endurance,sedentary,1,7.4,2.48,2060,Low
18,male,172.4,75.6,75.6,maintenance,very active,5,6.1,2.43,2651,High
31,female,168.9,65.9,63.4,fat loss,moderately active,5,7.1,0.5,1836,High
62,male,187.2,93.7,81.9,fat loss,very active,5,8.5,3.21,2561,High
65,male,179.0,86.6,86.6,endurance,extremely active,4,4.5,2.77,3198,High
66,female,159.0,53.2,53.2,maintenance,sedentary,4,7.4,2.42,1209,Low
32,female,173.0,60.3,65.9,muscle gain,extremely active,4,5.6,2.91,3096,High
23,male,174.1,58.1,52.0,fat loss,extremely active,5,8.7,2.53,2361,High
26,female,165.1,87.8,87.8,maintenance,moderately active,1,8.0,1.84,2461,Moderate
23,female,161.7,80.5,80.5,endurance,sedentary,6,7.9,2.75,1818,High
67,female,168.5,84.0,84.0,endurance,lightly active,5,6.0,2.37,1916,Moderate
63,male,180.1,68.1,68.1,recomposition,lightly active,6,7.3,3.02,1812,Moderate
59,female,163.1,48.3,46.3,fat loss,moderately active,1,7.5,2.3,1366,Moderate
55,female,161.1,54.9,54.9,recomposition,very active,2,4.2,2.17,1749,Moderate
34,female,172.8,41.5,41.5,recomposition,moderately active,2,7.2,2.12,1591,High
41,female,163.0,53.5,53.5,endurance,lightly active,3,7.7,1.88,1733,High
61,female,176.8,61.4,59.1,fat loss,sedentary,5,5.3,2.13,1144,Low
59,female,164.9,70.2,70.2,endurance,extremely active,5,7.7,2.8,2783,High
44,female,163.2,69.8,69.8,recomposition,extremely active,5,7.1,1.98,2419,High
61,female,162.0,59.0,59.0,recomposition,sedentary,3,8.7,1.68,1312,Low
34,male,176.2,69.2,65.5,fat loss,lightly active,1,6.5,3.05,1813,Low
38,male,177.8,80.9,80.9,endurance,extremely active,5,7.2,2.4,3580,High
61,female,164.0,68.1,61.0,fat loss,lightly active,1,7.4,3.04,1422,Low
36,female,163.1,53.6,60.9,muscle gain,very active,2,3.6,2.35,2350,High
56,female,165.3,82.2,71.1,fat loss,moderately active,3,6.6,2.1,1647,Moderate
40,male,175.6,87.6,95.8,muscle gain,very active,5,7.1,1.28,3404,High
32,female,165.8,76.8,76.8,recomposition,extremely active,4,4.2,1.71,2687,High
27,male,172.7,53.9,53.9,endurance,lightly active,1,7.8,1.89,1938,Moderate
48,male,171.4,98.7,98.7,endurance,very active,2,7.1,2.7,2885,High
41,male,178.4,58.1,54.8,fat loss,moderately active,6,7.1,2.42,1720,High
35,male,188.9,77.9,77.9,endurance,lightly active,4,7.9,1.78,2281,High
56,female,163.3,83.2,79.1,fat loss,sedentary,4,6.5,0.55,1316,Low
16,female,169.7,51.8,51.8,recomposition,very active,3,7.1,2.82,2090,High
20,male,173.4,62.1,58.1,fat loss,very active,5,8.0,3.11,2233,High
67,female,172.8,91.2,91.2,endurance,extremely active,4,7.1,3.18,3112,High
51,male,165.1,84.0,89.2,muscle gain,lightly active,1,4.8,1.82,2541,Low
45,male,182.0,87.2,87.2,endurance,very active,5,7.1,3.22,3326,High
16,female,161.1,65.7,65.7,maintenance,sedentary,2,7.1,2.9,1804,Low
48,male,174.6,85.5,85.5,maintenance,sedentary,6,8.1,2.89,2013,Low
39,female,161.4,57.4,57.4,maintenance,moderately active,4,6.6,2.07,1604,Moderate
48,male,175.5,88.7,98.9,muscle gain,moderately active,2,5.8,2.41,2718,Moderate
18,male,180.9,67.6,67.6,maintenance,moderately active,1,5.8,3.78,2748,Moderate
45,female,173.8,75.4,75.4,recomposition,extremely active,1,8.7,3.67,2656,High
47,female,166.3,48.0,42.8,fat loss,extremely active,2,7.3,2.47,1779,High
31,male,182.9,96.2,89.3,fat loss,sedentary,1,8.7,2.63,2197,Low
18,male,170.5,83.4,83.4,maintenance,lightly active,4,8.8,0.96,2528,Moderate
68,female,156.8,67.9,67.9,endurance,moderately active,1,6.1,3.34,1874,Moderate
54,male,175.3,85.0,90.3,muscle gain,extremely active,3,6.0,3.02,3651,High
49,male,175.3,110.0,110.0,maintenance,very active,2,6.8,2.74,3133,High
57,female,167.3,67.7,67.7,endurance,sedentary,4,7.7,2.08,1681,Low
52,male,175.5,79.2,82.3,muscle gain,very active,1,5.3,2.55,3124,High
23,female,157.2,80.9,89.0,muscle gain,lightly active,3,7.5,3.53,2570,High
40,male,173.7,71.4,71.4,endurance,sedentary,5,7.5,2.75,1828,Moderate
63,female,171.8,85.7,85.7,maintenance,very active,2,5.6,4.34,2510,Moderate
31,female,158.5,72.2,67.4,fat loss,lightly active,6,5.7,3.07,1478,High
68,male,186.1,80.0,83.8,muscle gain,very active,2,7.5,1.86,2944,Moderate
19,male,181.0,100.1,100.1,endurance,moderately active,5,9.5,2.21,3448,High
33,male,173.3,82.1,82.1,endurance,moderately active,2,6.6,2.0,2784,Moderate
34,female,153.1,50.1,50.1,endurance,lightly active,3,7.4,3.1,1757,High
49,female,166.9,68.3,68.3,maintenance,lightly active,4,6.3,3.31,1757,Low
25,female,153.1,60.1,60.1,recomposition,lightly active,5,7.3,3.7,1622,Moderate
28,male,170.2,87.0,83.2,fat loss,very active,4,6.2,2.27,2782,High
51,male,158.5,97.9,97.9,recomposition,moderately active,4,6.7,2.83,2327,Moderate
31,female,176.4,68.5,68.5,maintenance,sedentary,2,9.9,3.4,1683,Low
63,female,167.7,70.5,61.1,fat loss,sedentary,4,7.1,3.58,999,Low
62,female,160.9,84.0,84.0,endurance,lightly active,1,5.1,1.64,1931,Low
32,male,182.3,61.0,61.0,maintenance,moderately active,1,7.8,2.93,2574,Moderate
46,male,183.4,116.3,116.3,endurance,lightly active,1,8.4,1.66,3083,Moderate
33,male,175.4,60.3,60.3,endurance,extremely active,6,7.8,2.08,3097,High
34,male,160.5,84.2,84.2,maintenance,lightly active,4,6.8,1.59,2189,Moderate
52,male,175.2,84.0,74.1,fat loss,moderately active,3,5.9,2.07,2059,Moderate
31,female,177.1,79.1,71.1,fat loss,lightly active,4,5.9,1.49,1699,Moderate
24,male,174.1,78.7,87.9,muscle gain,lightly active,2,6.8,1.67,2710,Low
29,female,161.6,63.1,68.3,muscle gain,extremely active,5,6.6,1.87,2871,High
66,female,175.6,59.6,67.5,muscle gain,lightly active,3,6.3,2.71,1813,Moderate
30,female,157.5,42.0,42.0,endurance,sedentary,4,8.5,2.52,1380,Moderate
35,female,164.4,55.1,55.1,recomposition,moderately active,2,8.1,1.35,1819,Moderate
49,male,188.1,79.0,74.9,fat loss,very active,1,8.5,4.42,2285,Moderate
21,female,175.9,58.9,58.9,recomposition,moderately active,6,6.1,2.16,2104,High
30,male,177.0,108.2,103.6,fat loss,moderately active,4,5.9,1.57,2339,High
25,female,152.9,68.7,60.7,fat loss,extremely active,4,7.1,2.91,2085,High
65,female,158.6,85.5,85.5,recomposition,lightly active,4,7.5,2.5,1658,Moderate
66,female,172.3,67.3,72.6,muscle gain,very active,6,7.1,1.93,2428,High
56,male,164.3,65.9,65.9,maintenance,extremely active,1,7.4,2.77,2756,High
29,male,178.2,92.0,92.0,endurance,lightly active,6,8.9,2.03,2582,High
49,male,178.8,77.8,83.8,muscle gain,moderately active,3,6.7,2.29,3052,Moderate
51,male,178.7,88.7,80.8,fat loss,lightly active,4,8.0,3.53,2136,Moderate
62,female,166.0,64.6,64.6,endurance,very active,6,7.6,2.59,2110,High
24,male,189.3,101.7,109.9,muscle gain,moderately active,5,7.1,2.93,3588,High
55,male,173.4,92.6,92.6,recomposition,extremely active,3,7.9,2.13,3369,High
26,female,157.6,50.4,46.5,fat loss,lightly active,6,6.1,2.61,1176,Moderate
46,male,175.6,86.5,75.3,fat loss,sedentary,1,5.8,1.96,1671,Low
63,female,168.2,63.8,63.8,recomposition,moderately active,1,7.5,1.93,1754,Moderate
19,male,176.9,61.3,61.3,endurance,very active,2,5.0,2.21,3109,High
23,male,179.7,103.5,97.8,fat loss,lightly active,2,7.6,2.01,2220,Moderate
59,female,161.6,56.5,56.5,endurance,extremely active,5,5.6,3.23,2293,High
17,female,163.9,51.0,56.9,muscle gain,moderately active,3,8.8,2.91,2126,High
52,female,165.6,55.8,55.8,endurance,extremely active,6,6.5,0.9,2472,High
43,female,165.0,71.0,71.0,maintenance,moderately active,4,8.7,3.71,1974,Moderate
34,male,169.1,83.0,83.0,recomposition,lightly active,4,6.7,2.95,2367,Moderate
62,female,165.6,58.8,53.3,fat loss,extremely active,5,6.7,3.3,1759,High
61,male,177.9,80.4,76.9,fat loss,sedentary,3,8.0,2.38,1332,Low
33,female,166.7,93.3,93.3,endurance,lightly active,3,7.4,1.45,2390,Moderate
16,male,169.0,87.1,79.8,fat loss,very active,1,6.9,1.57,2649,Moderate
22,female,168.4,72.2,72.2,endurance,extremely active,6,6.5,3.7,2778,High
21,male,185.9,79.7,75.7,fat loss,lightly active,2,6.5,1.36,1941,Moderate
69,female,152.5,58.9,58.9,recomposition,moderately active,4,9.8,1.49,1534,Moderate
48,female,145.6,58.1,60.9,muscle gain,moderately active,5,5.0,2.2,1834,High
52,female,171.9,61.9,61.9,maintenance,very active,3,5.6,1.53,2238,High
28,female,166.1,61.1,61.1,recomposition,moderately active,1,8.4,2.87,1960,Moderate
61,male,183.2,85.4,73.1,fat loss,very active,5,8.3,2.93,2159,High
55,male,182.8,81.7,87.5,muscle gain,very active,2,5.9,2.79,3720,High
56,female,176.5,70.8,70.8,maintenance,extremely active,6,4.9,2.07,2550,High
41,male,168.9,73.7,78.2,muscle gain,sedentary,3,8.5,2.7,2156,Moderate
53,male,188.5,51.3,55.3,muscle gain,very active,3,5.7,3.75,3059,High
45,male,181.0,91.1,82.2,fat loss,sedentary,5,6.4,1.5,1840,Low
36,female,157.7,50.9,50.9,recomposition,sedentary,3,7.1,3.28,1358,Moderate
48,male,185.0,92.6,83.4,fat loss,very active,5,5.7,3.07,2711,High
33,male,171.3,79.4,69.3,fat loss,lightly active,5,8.1,2.43,1937,High
67,female,170.8,47.2,53.8,muscle gain,very active,6,7.0,2.62,2083,High
54,male,185.3,79.4,79.4,recomposition,extremely active,3,5.9,2.75,3149,High
55,male,168.5,99.4,91.2,fat loss,sedentary,1,6.0,1.82,1689,Low
54,male,179.1,96.9,107.2,muscle gain,moderately active,2,8.6,1.36,3370,Moderate
40,female,159.1,70.6,66.4,fat loss,sedentary,1,6.7,3.13,1338,Low
67,male,193.3,67.4,67.4,maintenance,extremely active,6,7.7,1.63,2542,High
27,female,161.9,78.1,71.0,fat loss,extremely active,2,7.0,1.73,2391,High
46,male,185.0,66.4,63.0,fat loss,extremely active,2,4.9,2.14,2309,High
19,male,175.1,58.2,63.5,muscle gain,extremely active,4,7.9,2.7,3425,High
31,male,166.3,87.0,90.9,muscle gain,lightly active,2,8.3,2.15,2438,Moderate
47,male,174.2,97.1,85.9,fat loss,lightly active,6,9.2,1.99,1942,High
42,male,175.0,74.3,74.3,maintenance,extremely active,6,4.7,3.17,3033,High
66,male,167.6,85.7,85.7,maintenance,very active,3,3.2,2.27,2812,Low
49,male,177.2,74.2,74.2,maintenance,lightly active,4,7.8,1.94,2135,Low
38,female,160.5,63.5,63.5,maintenance,lightly active,3,6.3,2.78,1540,Low
39,female,156.5,43.9,43.9,endurance,sedentary,3,5.3,2.54,1298,Low
49,female,163.0,78.8,86.6,muscle gain,sedentary,3,7.1,2.52,1840,Low
58,female,159.2,71.9,80.9,muscle gain,very active,3,6.5,2.81,2533,High
30,female,162.0,40.0,40.0,maintenance,lightly active,3,5.5,2.4,1528,Moderate
47,female,176.7,78.3,69.4,fat loss,extremely active,2,6.9,3.09,2163,High
47,female,164.2,67.3,67.3,endurance,extremely active,4,7.7,1.5,2643,High
16,male,176.9,85.2,85.2,maintenance,moderately active,1,7.2,3.37,3239,Moderate
65,female,159.7,54.7,54.7,recomposition,lightly active,6,7.2,1.86,1481,Moderate
46,male,171.1,73.0,78.3,muscle gain,sedentary,6,7.5,1.35,1874,Moderate
29,female,162.8,55.9,55.9,recomposition,lightly active,2,5.0,1.95,1906,Low
50,female,180.5,57.6,57.6,endurance,very active,1,6.9,2.26,2509,High
52,male,184.1,68.7,68.7,maintenance,very active,3,7.3,1.99,2990,High
65,male,187.4,67.3,76.6,muscle gain,very active,1,6.5,1.82,2676,Moderate
17,male,175.9,76.7,76.7,recomposition,extremely active,3,6.0,3.21,3144,High
38,male,180.3,97.9,97.9,endurance,very active,5,6.1,1.89,3602,High
25,female,157.5,75.5,75.5,recomposition,moderately active,2,6.6,0.92,1996,High
47,female,179.7,56.6,56.6,recomposition,lightly active,6,8.1,2.25,1743,Moderate
43,female,167.2,65.8,65.8,maintenance,lightly active,1,8.8,3.93,2003,Low
41,female,174.5,66.9,58.2,fat loss,lightly active,5,8.6,1.76,1502,Moderate
69,male,196.2,56.6,56.6,recomposition,extremely active,4,5.1,1.87,2889,High
44,male,177.1,83.5,83.5,maintenance,moderately active,2,5.9,2.22,2789,Moderate
38,female,155.2,72.6,77.8,muscle gain,lightly active,3,7.8,3.58,1840,Moderate
19,female,165.8,72.1,72.1,maintenance,sedentary,2,8.6,2.25,1708,Low
31,female,164.7,64.1,60.5,fat loss,sedentary,4,5.8,1.78,1387,Moderate
64,male,168.3,66.8,66.8,maintenance,extremely active,6,7.2,2.75,2504,High
40,female,159.3,59.3,59.3,maintenance,lightly active,4,5.6,2.7,1797,Moderate
65,female,169.6,82.1,86.1,muscle gain,sedentary,5,7.3,2.84,1944,Low
44,male,177.4,75.9,75.9,recomposition,lightly active,4,6.2,1.76,2199,Moderate
45,male,172.3,88.6,88.6,maintenance,moderately active,5,7.2,2.1,2608,Moderate
39,male,172.8,75.3,85.1,muscle gain,extremely active,4,5.5,3.29,3559,High
46,male,185.8,82.7,82.7,recomposition,extremely active,3,5.0,2.79,3504,High
19,male,177.1,93.4,81.1,fat loss,sedentary,1,10.0,3.07,1829,Low
19,female,160.0,71.9,71.9,maintenance,moderately active,5,7.1,2.46,2351,High
41,female,176.1,51.7,44.9,fat loss,extremely active,6,9.6,3.24,2131,High
48,male,176.3,81.6,81.6,recomposition,very active,6,8.8,2.71,2801,High
45,female,170.1,66.1,56.2,fat loss,moderately active,5,5.0,2.13,1610,High
39,female,157.5,48.8,48.8,endurance,lightly active,3,7.4,3.02,1563,High
31,male,178.3,86.9,77.9,fat loss,very active,5,5.4,1.89,2214,High
54,male,180.2,81.9,81.9,maintenance,moderately active,2,6.6,3.58,2415,Low
48,male,172.0,81.2,81.2,recomposition,lightly active,6,4.7,3.21,2202,High
18,female,164.0,66.6,66.6,maintenance,very active,1,5.1,2.3,2629,High
40,female,160.4,70.1,77.0,muscle gain,extremely active,6,6.0,2.37,2784,High
54,female,152.8,83.3,91.0,muscle gain,extremely active,5,6.3,2.59,3054,High
58,female,169.1,63.9,63.9,endurance,extremely active,6,7.0,2.38,2617,High
31,male,169.9,83.4,75.3,fat loss,very active,2,5.8,3.42,2298,Moderate
65,male,183.5,104.6,104.6,recomposition,very active,4,7.2,2.12,2959,High
51,female,157.7,84.8,96.8,muscle gain,lightly active,2,8.4,1.45,2007,Moderate
39,male,172.1,79.2,71.6,fat loss,lightly active,5,7.3,2.32,1928,High
49,male,172.4,56.7,56.7,maintenance,sedentary,4,6.9,3.03,1686,Low
63,male,174.5,81.2,76.5,fat loss,sedentary,5,7.4,3.21,1610,Low
28,male,164.0,101.8,101.8,recomposition,extremely active,5,5.3,2.58,3432,High
24,male,171.2,69.1,69.1,recomposition,moderately active,1,8.1,2.06,2287,Low
39,male,176.6,81.2,91.6,muscle gain,moderately active,3,5.6,2.47,3136,Moderate
20,male,176.6,82.3,82.3,recomposition,sedentary,2,8.9,2.04,1840,Low
61,female,170.9,59.0,59.0,recomposition,sedentary,6,7.9,0.89,1332,Low
68,female,169.2,75.6,75.6,recomposition,sedentary,4,7.7,1.9,1427,Low
48,female,170.6,83.4,75.1,fat loss,moderately active,1,7.7,2.86,2029,Moderate
68,female,164.3,77.5,65.9,fat loss,moderately active,3,7.0,2.31,1782,Moderate
19,female,159.8,81.8,75.5,fat loss,sedentary,4,6.1,2.28,1536,Low
50,male,170.6,54.3,54.3,endurance,very active,2,5.9,3.27,2385,High
39,female,160.0,67.1,77.2,muscle gain,sedentary,4,9.1,1.83,1950,Low
30,female,173.3,94.2,94.2,maintenance,extremely active,5,7.1,1.89,3120,High
32,female,170.0,90.0,90.0,maintenance,extremely active,4,5.7,2.73,2860,High
45,male,179.4,92.2,92.2,endurance,very active,4,7.6,2.0,2909,High
50,male,174.2,89.5,77.9,fat loss,moderately active,4,7.4,2.0,2169,Moderate
24,female,173.8,79.2,79.2,recomposition,very active,2,6.6,3.58,2348,High
49,female,164.0,52.3,44.6,fat loss,lightly active,4,5.9,1.75,1363,Moderate
66,female,162.1,67.5,67.5,endurance,extremely active,1,7.9,1.99,2305,High
16,female,173.8,87.5,87.5,maintenance,extremely active,5,8.1,2.81,3016,High
63,male,169.2,65.0,72.4,muscle gain,very active,3,7.4,2.47,2881,High
48,male,169.0,75.3,75.3,maintenance,extremely active,5,7.1,1.54,3148,High
34,female,161.4,87.6,87.6,recomposition,lightly active,2,6.1,3.75,2232,Low
55,female,153.8,72.8,72.8,maintenance,extremely active,6,7.6,1.94,2138,High
49,male,178.6,63.0,59.4,fat loss,sedentary,4,6.2,2.33,1280,Low
57,male,165.1,88.3,97.1,muscle gain,very active,6,5.5,2.81,3454,High
20,male,171.5,74.2,74.2,endurance,lightly active,2,8.4,4.01,2064,Moderate
19,male,176.7,86.8,95.0,muscle gain,extremely active,4,5.8,2.21,3714,High
50,female,158.9,84.9,84.9,maintenance,moderately active,5,4.7,1.86,2226,Moderate
32,male,178.0,86.5,76.0,fat loss,sedentary,5,8.6,2.85,1610,Moderate
28,female,164.7,62.1,58.4,fat loss,lightly active,2,4.9,3.96,1503,Low
38,male,169.9,98.0,105.1,muscle gain,extremely active,3,6.5,2.6,3679,High
55,female,163.3,84.5,84.5,endurance,extremely active,2,5.7,2.3,3073,High
25,male,177.7,80.4,80.4,maintenance,lightly active,4,6.1,2.77,2574,Moderate
68,female,161.9,51.0,53.6,muscle gain,lightly active,3,9.7,1.05,1598,Moderate
38,female,167.2,56.2,56.2,maintenance,sedentary,1,6.9,2.07,1475,Low
24,female,168.0,57.1,57.1,endurance,sedentary,2,7.4,1.22,1584,Low
19,female,162.6,62.0,62.0,endurance,sedentary,3,7.9,2.25,1725,Moderate
62,female,164.9,58.3,65.8,muscle gain,lightly active,4,6.2,2.14,1630,High
22,female,163.1,81.4,81.4,endurance,sedentary,6,8.3,0.65,2195,Moderate
38,male,172.1,47.8,47.8,endurance,sedentary,6,7.5,2.63,1758,Moderate
52,male,165.8,87.1,80.8,fat loss,very active,5,7.9,2.93,2161,High
43,male,172.6,104.6,104.6,endurance,extremely active,6,6.1,2.36,4179,High
30,male,186.7,64.2,66.2,muscle gain,extremely active,1,7.5,1.43,3531,High
21,female,149.2,69.4,69.4,recomposition,extremely active,6,7.0,3.39,2662,High
54,male,173.0,77.5,77.5,endurance,sedentary,4,8.4,3.83,2170,Moderate
42,male,189.9,103.2,103.2,maintenance,sedentary,3,6.4,2.78,2480,Low
18,female,164.2,61.0,69.3,muscle gain,extremely active,3,9.4,2.25,2723,High
25,male,172.4,67.7,67.7,endurance,sedentary,3,7.4,2.26,1988,Low
46,male,173.9,84.8,84.8,maintenance,very active,5,6.8,2.8,3585,High
25,female,153.7,79.3,79.3,recomposition,sedentary,3,6.7,2.56,1618,Low
37,female,169.5,50.6,50.6,recomposition,sedentary,1,7.0,2.8,1369,Low
22,female,160.0,73.8,78.3,muscle gain,very active,6,6.2,2.81,2754,High
59,female,179.0,82.7,82.7,maintenance,very active,4,7.8,1.98,2425,High
50,female,161.7,79.5,84.2,muscle gain,sedentary,3,7.0,1.92,1954,Low
58,female,169.4,46.7,44.6,fat loss,sedentary,5,9.3,2.3,949,Low
18,male,165.2,73.4,73.4,recomposition,extremely active,3,6.5,2.83,2884,High
36,female,178.4,77.3,79.7,muscle gain,lightly active,4,6.9,1.41,2427,High
30,male,168.6,72.7,72.7,maintenance,extremely active,1,6.5,2.34,3061,High
49,male,182.5,89.1,79.6,fat loss,moderately active,2,9.2,2.47,2243,High
60,female,167.4,40.0,40.0,recomposition,extremely active,3,5.3,2.16,1775,High
28,female,165.8,83.6,77.6,fat loss,extremely active,5,7.1,3.48,2220,High
57,male,163.8,87.9,94.3,muscle gain,very active,5,7.4,3.36,3411,High
47,female,158.3,70.1,64.4,fat loss,sedentary,5,5.6,2.79,1328,Low
60,female,145.0,71.0,71.0,endurance,extremely active,3,10.0,3.74,2173,High
20,female,170.5,74.5,74.5,recomposition,lightly active,3,5.9,3.11,2082,High
69,male,190.5,89.8,89.8,recomposition,lightly active,4,7.0,2.59,2217,Low
39,female,171.2,71.3,71.3,maintenance,moderately active,2,9.0,2.17,2356,Moderate
31,male,174.1,82.1,82.1,endurance,lightly active,4,6.5,2.22,2671,High
25,female,171.4,73.0,68.9,fat loss,very active,4,7.2,2.77,2249,High
69,male,168.6,90.2,90.2,maintenance,lightly active,6,6.6,2.24,2095,Low
63,female,145.7,68.0,60.5,fat loss,extremely active,3,6.9,1.44,1557,High
23,male,164.3,74.8,74.8,recomposition,sedentary,1,8.3,2.23,1686,Low
40,male,173.3,86.7,86.7,endurance,moderately active,3,6.5,3.22,3315,High
55,male,165.6,74.2,74.2,recomposition,extremely active,5,3.8,0.7,2868,High
47,female,167.1,81.3,74.9,fat loss,extremely active,3,7.0,3.48,2387,High
26,male,175.4,86.6,86.6,recomposition,extremely active,3,7.1,2.9,3031,High
35,female,161.1,67.3,70.0,muscle gain,very active,3,7.2,2.34,2695,High
35,male,182.6,75.3,79.2,muscle gain,moderately active,2,6.8,2.7,2684,High
31,male,171.0,78.0,78.0,maintenance,lightly active,5,6.0,3.17,2400,Moderate
67,female,150.4,79.3,79.3,maintenance,lightly active,5,6.7,2.52,1703,Moderate
26,female,158.9,87.3,79.9,fat loss,moderately active,6,9.1,3.16,1918,High
54,male,164.6,73.6,73.6,maintenance,lightly active,1,6.9,3.1,1995,Low
65,male,169.8,89.3,76.4,fat loss,lightly active,5,7.8,2.62,1924,Moderate
58,male,175.4,90.3,90.3,recomposition,very active,1,5.8,1.72,2721,Moderate
59,female,166.7,55.7,47.6,fat loss,very active,1,6.7,2.43,1705,High
24,female,162.8,50.8,50.8,endurance,moderately active,6,5.8,1.07,2020,High
23,male,173.5,73.1,73.1,endurance,lightly active,3,8.6,2.81,2517,Moderate
58,female,156.4,73.2,73.2,recomposition,sedentary,2,5.1,2.21,1482,Low
56,male,168.9,72.2,72.2,recomposition,lightly active,2,7.4,2.07,2017,Low
56,male,177.3,61.9,61.9,maintenance,lightly active,1,7.4,2.96,2024,Low
38,female,162.6,49.0,49.0,maintenance,extremely active,4,7.3,1.61,2478,High
44,female,152.3,61.8,61.8,maintenance,lightly active,4,4.2,2.58,1745,Low
16,male,174.3,52.9,52.9,endurance,extremely active,4,4.6,2.26,2607,High
31,female,159.0,68.6,65.8,fat loss,moderately active,1,7.1,2.37,1670,Moderate
44,male,171.1,83.8,83.8,maintenance,moderately active,6,5.9,2.7,2857,High
22,female,169.2,55.9,55.9,maintenance,lightly active,1,6.2,3.78,1760,Low
23,male,178.0,71.7,79.8,muscle gain,very active,3,6.5,2.78,3323,High
18,male,153.8,94.3,94.3,maintenance,extremely active,4,5.7,3.45,3473,High
27,male,170.8,85.7,85.7,maintenance,extremely active,1,5.5,3.48,3735,High
69,female,159.6,81.3,75.3,fat loss,extremely active,4,7.0,3.04,1858,High
53,female,170.7,66.4,66.4,maintenance,sedentary,4,4.7,1.21,1481,Low
67,male,171.9,60.6,56.0,fat loss,extremely active,4,6.4,2.33,2115,High
29,female,175.9,74.5,80.4,muscle gain,very active,3,6.2,1.74,3034,High
48,female,174.9,65.7,67.8,muscle gain,moderately active,6,7.0,4.5,2415,High
64,male,170.8,94.8,94.8,recomposition,lightly active,2,9.9,1.8,2264,Low
35,female,161.2,48.6,48.6,endurance,moderately active,5,5.8,1.45,1870,High
51,female,156.3,60.2,56.6,fat loss,extremely active,3,7.5,0.56,1827,High
53,male,172.0,71.4,76.2,muscle gain,moderately active,3,7.3,1.77,2687,Moderate
60,male,172.0,75.3,64.2,fat loss,sedentary,2,7.7,2.59,1450,Low
68,male,167.9,83.7,83.7,maintenance,very active,5,6.7,3.26,2666,High
49,female,156.6,45.5,46.9,muscle gain,very active,2,8.7,1.75,1921,High
47,female,165.8,80.0,80.0,maintenance,very active,3,7.8,3.32,2379,Moderate
62,male,177.1,90.6,79.5,fat loss,lightly active,3,7.8,2.46,1942,Moderate
52,male,165.0,77.6,77.6,endurance,lightly active,1,5.3,2.16,2065,Low
35,male,180.3,109.5,109.5,endurance,moderately active,5,7.1,2.62,3477,High
50,male,180.3,99.4,99.4,endurance,extremely active,2,6.4,3.49,3683,High
45,male,181.8,75.6,75.6,maintenance,extremely active,6,6.0,2.54,3158,High
28,male,177.1,78.1,78.1,recomposition,sedentary,4,6.2,1.72,1977,Low
43,female,162.3,77.0,71.5,fat loss,sedentary,2,6.9,2.8,1393,Low
49,male,190.3,85.1,85.1,recomposition,sedentary,4,7.5,2.79,2235,Low
64,female,167.6,68.2,68.2,recomposition,extremely active,3,8.2,2.37,2497,High
47,male,167.7,68.9,68.9,recomposition,extremely active,3,8.1,3.22,2891,High
24,male,164.3,49.7,49.7,recomposition,lightly active,6,7.4,0.9,1849,High
69,female,157.6,66.5,62.3,fat loss,extremely active,4,7.1,2.75,1822,High
47,female,165.1,66.8,66.8,maintenance,moderately active,6,6.6,3.05,1776,High
31,female,166.0,76.7,76.7,maintenance,lightly active,6,6.7,1.49,2121,High
56,female,160.8,75.1,75.1,maintenance,very active,6,6.1,1.46,2321,High
36,male,172.7,83.9,83.9,maintenance,sedentary,3,6.5,3.2,1898,Low
35,male,183.6,66.0,66.0,recomposition,sedentary,3,7.4,3.32,1802,Low
61,female,170.3,59.3,59.3,maintenance,lightly active,6,8.8,3.45,1665,Low
62,female,149.1,64.3,73.3,muscle gain,very active,6,6.8,2.01,2182,High
44,female,172.4,91.7,91.7,recomposition,extremely active,3,6.0,2.64,3080,High
36,female,161.5,76.0,76.0,maintenance,moderately active,5,8.2,2.73,2436,High
62,male,178.2,97.7,90.4,fat loss,moderately active,4,4.6,1.3,2195,Moderate
25,male,173.6,89.3,89.3,recomposition,moderately active,1,8.3,2.61,2549,High
56,male,178.3,70.0,70.0,maintenance,sedentary,1,5.3,2.6,1938,Low
47,female,170.0,46.7,46.7,endurance,very active,1,7.8,3.02,2212,High
62,female,164.7,89.6,101.6,muscle gain,extremely active,2,6.4,2.1,3330,High
38,male,175.7,84.4,84.4,endurance,moderately active,6,7.4,3.38,2940,High
60,female,148.8,40.0,40.0,maintenance,very active,2,9.5,2.56,1679,Moderate
16,female,169.1,47.2,47.2,endurance,lightly active,6,6.0,3.7,1829,High
56,male,172.5,78.7,70.8,fat loss,extremely active,3,5.8,3.02,2649,High
19,male,172.9,90.0,82.9,fat loss,sedentary,3,7.1,2.69,1689,Low
50,female,161.1,85.5,91.7,muscle gain,sedentary,2,8.8,1.67,1685,Low
26,female,159.1,69.1,69.1,endurance,extremely active,4,7.2,1.58,2585,High
68,male,162.2,76.0,76.0,maintenance,moderately active,4,7.1,3.62,2153,Moderate
57,male,176.0,96.7,96.7,recomposition,moderately active,2,7.2,3.11,2631,Moderate
21,male,172.9,89.3,83.5,fat loss,extremely active,5,5.8,2.3,2689,High
64,female,161.4,72.1,76.4,muscle gain,lightly active,5,7.2,2.21,1938,High
29,male,175.4,86.2,89.9,muscle gain,lightly active,5,6.5,2.66,2909,High
45,female,153.0,54.1,54.1,endurance,sedentary,3,8.6,1.56,1430,Moderate
20,male,171.8,83.8,75.3,fat loss,moderately active,4,8.0,2.17,2234,High
21,male,159.9,95.0,95.0,endurance,very active,3,5.4,2.93,3591,High
29,male,179.8,76.3,85.1,muscle gain,extremely active,6,6.7,3.02,3539,High
44,female,164.0,70.6,70.6,recomposition,moderately active,3,7.6,2.24,1959,Moderate
45,male,175.4,87.6,91.5,muscle gain,sedentary,2,5.8,3.62,2277,Low
62,female,161.2,40.0,36.7,fat loss,sedentary,3,5.7,3.23,934,Low
24,male,172.3,80.7,80.7,recomposition,lightly active,6,6.4,1.96,2252,Moderate
56,female,161.0,61.4,52.8,fat loss,extremely active,6,7.4,1.61,1835,High
16,male,178.7,59.5,51.8,fat loss,moderately active,3,8.2,2.92,2129,High
31,male,182.9,80.5,80.5,endurance,extremely active,6,7.3,2.18,3478,High
25,female,165.0,101.1,112.3,muscle gain,extremely active,2,10.0,2.05,3379,High
22,female,166.0,64.6,64.6,endurance,extremely active,2,6.2,2.66,2780,High
47,female,162.5,54.8,58.1,muscle gain,lightly active,2,7.9,3.0,1712,High
64,male,172.8,77.8,86.9,muscle gain,moderately active,2,5.7,3.05,2575,Moderate
52,female,171.2,55.6,55.6,maintenance,sedentary,2,8.9,2.54,1232,Low
62,male,183.6,57.1,61.5,muscle gain,lightly active,2,8.6,0.89,1965,Low
47,female,172.9,81.1,81.1,endurance,lightly active,3,7.9,3.17,2263,High
18,female,165.6,74.7,74.7,recomposition,sedentary,1,4.9,1.94,1647,Low
34,female,172.5,74.7,74.7,recomposition,sedentary,3,7.8,2.72,1821,Low
60,female,160.1,84.6,79.8,fat loss,lightly active,4,6.0,2.41,1459,Low
18,female,161.6,74.3,77.8,muscle gain,sedentary,3,7.5,4.07,2078,Low
21,female,171.4,54.1,54.1,maintenance,very active,3,5.3,3.94,2287,Moderate
61,male,163.1,78.3,78.3,maintenance,lightly active,2,7.3,2.18,2146,Low
19,male,163.7,72.0,72.0,endurance,lightly active,1,6.6,1.56,2350,Moderate
67,female,155.7,61.8,61.8,recomposition,sedentary,6,6.1,1.61,1264,Low
56,female,161.6,67.4,71.7,muscle gain,moderately active,6,7.7,2.69,2317,High
51,female,158.2,66.1,66.1,maintenance,sedentary,3,6.9,2.12,1522,Low
44,female,175.1,44.7,44.7,recomposition,moderately active,5,6.8,1.72,1638,High
20,male,170.3,85.6,85.6,maintenance,extremely active,1,7.9,2.13,3078,Moderate
38,male,171.1,71.9,71.9,maintenance,very active,2,9.3,2.82,2748,High
59,female,155.7,60.1,60.1,recomposition,sedentary,4,7.3,2.45,1308,Low
64,female,157.6,82.6,92.0,muscle gain,sedentary,5,4.8,2.16,1804,Low
40,male,186.9,89.2,79.9,fat loss,extremely active,5,5.1,2.25,2686,High
61,male,180.6,93.2,93.2,maintenance,extremely active,3,7.1,2.39,3376,High
57,male,177.3,57.7,64.2,muscle gain,lightly active,6,8.2,2.66,2250,High
19,male,184.3,85.4,85.4,maintenance,moderately active,4,7.2,2.7,3218,High
49,female,179.0,66.3,66.3,endurance,lightly active,2,7.6,1.35,1959,Moderate
49,female,156.4,62.7,62.7,recomposition,moderately active,3,6.9,2.62,2025,Moderate
45,female,153.1,79.2,79.2,recomposition,lightly active,2,8.2,2.25,1935,Moderate
57,female,174.8,64.4,64.4,maintenance,extremely active,1,7.7,1.79,2477,High
64,male,173.8,71.3,71.3,endurance,moderately active,1,5.8,2.24,2454,Moderate
45,male,167.2,82.6,82.6,endurance,sedentary,3,7.5,3.31,2254,Moderate
33,male,182.2,77.6,77.6,recomposition,lightly active,1,5.1,3.07,2160,Low
69,male,178.8,89.8,84.7,fat loss,extremely active,6,7.5,2.57,2424,High
68,female,164.0,69.3,76.4,muscle gain,lightly active,6,6.7,1.87,1729,High
53,male,163.6,85.3,85.3,endurance,extremely active,5,7.2,1.55,3174,High
50,male,188.3,93.7,87.2,fat loss,very active,5,7.4,1.84,2446,High
21,female,157.1,63.4,63.4,maintenance,extremely active,4,7.3,2.51,2510,High
37,female,175.7,79.2,79.2,recomposition,sedentary,5,8.7,2.52,1757,Moderate
26,male,170.7,50.8,54.3,muscle gain,lightly active,6,7.0,2.04,2048,High
43,male,184.2,87.2,87.2,recomposition,extremely active,4,7.2,3.11,3541,High
60,female,156.3,71.5,63.9,fat loss,sedentary,5,8.6,2.77,1266,Low
28,female,164.9,65.4,72.4,muscle gain,sedentary,2,9.3,0.64,1808,Moderate
69,female,166.1,85.7,88.7,muscle gain,sedentary,6,7.0,2.58,2033,Low
22,male,165.4,98.7,93.0,fat loss,sedentary,5,6.4,3.03,1882,Moderate
21,male,182.9,105.8,105.8,maintenance,very active,1,6.4,2.64,3863,Moderate
68,male,180.6,67.1,67.1,maintenance,lightly active,2,7.5,2.91,1850,Low
21,female,170.9,69.0,69.0,endurance,sedentary,1,6.8,2.32,1842,Low
55,female,161.6,78.0,78.0,maintenance,very active,2,4.9,2.45,2424,Moderate
57,female,158.0,48.9,48.9,recomposition,lightly active,5,8.3,2.47,1333,Moderate
33,female,169.9,79.3,68.6,fat loss,sedentary,5,8.0,2.63,1452,High
19,female,166.5,68.9,59.9,fat loss,extremely active,6,8.4,2.09,2225,High
32,male,172.4,88.4,97.4,muscle gain,moderately active,1,8.6,3.26,3206,High
19,male,171.1,62.8,70.5,muscle gain,moderately active,4,7.2,3.5,2809,High
52,female,162.2,61.3,61.3,endurance,extremely active,5,7.3,2.13,2630,High
63,male,181.6,71.0,71.0,maintenance,lightly active,6,8.2,1.68,1985,Low
69,male,178.2,77.0,77.0,maintenance,moderately active,1,5.5,1.56,2406,Low
59,male,178.5,89.7,89.7,endurance,very active,4,6.6,2.78,3252,High
57,male,170.6,75.4,75.4,endurance,sedentary,1,6.9,2.91,1796,Low
63,female,172.8,61.0,61.0,recomposition,lightly active,1,8.1,2.79,1553,Low
57,female,151.8,57.2,57.2,maintenance,sedentary,6,6.4,2.85,1303,Low
51,female,157.4,48.1,50.3,muscle gain,moderately active,6,6.1,2.1,1985,High
69,male,157.3,70.9,63.7,fat loss,very active,2,6.5,1.11,1881,High
33,male,164.0,89.5,83.1,fat loss,sedentary,6,7.6,2.15,1766,Moderate
38,male,172.7,93.8,93.8,endurance,sedentary,6,6.9,3.66,2423,Moderate
64,male,191.6,85.8,76.0,fat loss,moderately active,4,5.3,2.69,1801,Moderate
32,female,162.0,46.0,46.0,maintenance,lightly active,2,5.5,2.8,1591,Moderate
32,female,150.2,72.4,72.4,maintenance,sedentary,5,7.2,3.13,1568,Low
24,female,160.0,58.6,58.6,maintenance,very active,4,7.2,1.91,2454,High
30,male,187.4,81.4,72.3,fat loss,very active,3,7.0,2.66,2646,High
48,female,163.3,60.8,60.8,maintenance,moderately active,6,6.4,2.86,2003,Moderate
63,male,179.9,99.4,112.1,muscle gain,lightly active,4,7.9,1.85,2872,Moderate
23,male,172.6,93.5,106.5,muscle gain,sedentary,2,7.4,2.75,2575,Moderate
52,female,162.0,66.5,66.5,endurance,lightly active,3,7.4,3.41,1905,Moderate
57,male,175.6,98.9,98.9,maintenance,moderately active,2,7.4,2.22,2796,Moderate
64,male,170.4,93.2,93.2,maintenance,extremely active,4,8.9,1.29,3442,High
56,female,158.6,86.1,82.1,fat loss,sedentary,2,5.8,2.62,1268,Low
24,male,163.8,78.9,78.9,endurance,extremely active,4,6.5,2.04,3598,High
42,female,167.8,80.4,80.4,maintenance,moderately active,3,6.6,2.63,2247,Moderate
67,male,175.3,52.4,52.4,recomposition,moderately active,1,8.5,1.91,1976,Low
65,female,168.8,56.7,56.7,maintenance,lightly active,1,6.6,2.54,1415,Low
49,male,163.5,95.3,109.1,muscle gain,extremely active,1,6.0,3.36,3752,High
68,male,168.1,78.8,81.4,muscle gain,sedentary,1,6.9,2.48,2003,Low
52,female,167.7,62.3,59.7,fat loss,lightly active,1,7.1,1.35,1371,Moderate
19,male,173.5,81.4,81.4,endurance,lightly active,4,8.4,2.76,2334,High
65,female,167.2,57.0,57.0,maintenance,moderately active,4,6.5,2.51,1753,Moderate
25,male,168.8,68.7,78.1,muscle gain,moderately active,1,6.2,2.65,2838,High
36,female,148.2,59.3,59.3,recomposition,extremely active,3,5.9,3.18,1899,High
28,female,158.8,71.9,69.0,fat loss,sedentary,2,6.6,2.13,1261,Low
54,male,175.7,58.7,58.7,maintenance,moderately active,4,10.0,2.3,2222,Moderate
17,male,177.6,81.7,81.7,maintenance,moderately active,4,7.5,1.78,2933,Moderate
50,female,162.0,57.7,57.7,endurance,lightly active,4,7.7,2.64,1696,Moderate
62,female,157.1,82.1,82.1,recomposition,sedentary,3,7.0,2.62,1522,Low
58,male,172.6,81.0,81.0,recomposition,extremely active,1,7.2,2.32,2899,High
32,male,178.8,90.7,94.2,muscle gain,lightly active,5,7.9,3.02,2785,High
64,female,161.5,46.6,46.6,maintenance,sedentary,5,7.7,1.77,1180,Low
35,female,160.0,83.5,83.5,endurance,moderately active,6,7.4,2.59,2234,High
52,male,188.3,86.7,74.0,fat loss,sedentary,5,7.0,2.92,1657,Low
43,male,168.3,94.5,94.5,recomposition,very active,2,6.6,2.12,2921,High
19,female,169.2,82.1,88.3,muscle gain,very active,5,7.5,1.54,3367,High
16,male,166.9,100.2,100.2,recomposition,lightly active,6,7.1,1.31,2555,Moderate
25,male,179.6,65.9,65.9,maintenance,sedentary,1,9.6,2.61,2240,Low
66,female,162.0,69.4,69.4,recomposition,sedentary,4,8.3,3.69,1546,Low
67,male,171.4,83.6,91.6,muscle gain,sedentary,4,6.2,2.07,2129,Low
38,female,160.9,83.0,83.0,endurance,moderately active,6,5.6,2.82,2356,High
68,male,161.2,84.0,84.0,endurance,lightly active,4,6.5,0.8,2481,Moderate
18,female,153.8,48.4,48.4,recomposition,very active,6,5.7,2.76,2045,High
68,male,178.7,96.7,96.7,maintenance,lightly active,5,6.5,1.74,2468,Low
28,female,161.5,69.2,65.5,fat loss,very active,5,5.8,2.22,1849,High
17,male,175.7,80.2,84.7,muscle gain,moderately active,1,6.6,2.56,3079,High
56,male,164.7,86.9,93.1,muscle gain,moderately active,4,6.6,1.34,2649,High
36,female,166.8,60.1,60.1,recomposition,very active,5,7.2,4.7,2325,High
31,female,148.7,48.1,48.1,endurance,moderately active,1,6.8,2.08,1835,Moderate
57,female,156.9,50.2,50.2,recomposition,moderately active,6,5.9,2.92,1498,High
33,male,171.5,82.3,82.3,endurance,moderately active,5,8.5,3.54,2744,High
56,male,166.7,54.3,51.1,fat loss,very active,6,7.5,2.71,1700,High
26,female,165.6,40.0,40.0,recomposition,lightly active,4,6.3,1.64,1488,Moderate
20,female,153.3,65.9,65.9,maintenance,sedentary,6,5.9,2.57,1644,Low
33,male,165.8,76.9,67.8,fat loss,moderately active,6,5.2,1.21,1762,Moderate
48,female,174.3,44.5,44.5,recomposition,lightly active,1,5.2,2.27,1395,Moderate
28,female,168.4,74.9,74.9,endurance,extremely active,6,8.3,3.67,2872,High
23,female,150.0,88.4,88.4,maintenance,extremely active,4,8.1,1.51,3128,High
56,female,168.9,67.4,76.7,muscle gain,lightly active,3,6.3,1.92,1919,Moderate
42,female,175.8,93.1,97.8,muscle gain,moderately active,2,8.6,3.8,2570,High
39,female,182.6,59.4,59.4,recomposition,moderately active,3,7.7,2.38,1897,High
28,female,166.3,86.8,86.8,recomposition,lightly active,4,7.2,1.87,2315,High
16,female,153.4,83.7,91.7,muscle gain,sedentary,4,8.0,2.77,2043,Low
18,female,166.0,67.6,67.6,recomposition,extremely active,5,7.7,2.17,2475,High
52,male,182.3,64.5,64.5,recomposition,very active,5,7.2,0.6,2255,High
20,female,161.7,55.0,48.2,fat loss,moderately active,5,6.7,1.55,1614,High
29,female,170.3,40.0,45.2,muscle gain,sedentary,4,6.9,3.94,1569,Low
65,female,157.1,75.7,80.2,muscle gain,moderately active,6,5.1,2.73,2233,High
34,female,165.6,74.2,74.2,recomposition,lightly active,6,6.0,3.52,2198,High
56,male,169.4,99.4,99.4,recomposition,lightly active,6,9.2,1.78,2150,Moderate
34,female,156.3,66.4,66.4,maintenance,extremely active,5,6.0,2.46,2434,High
66,male,172.0,82.5,94.3,muscle gain,very active,2,4.8,2.38,3096,Moderate
60,male,176.0,97.5,97.5,maintenance,lightly active,6,8.1,2.12,2383,Moderate
41,male,165.3,72.7,72.7,endurance,lightly active,6,7.3,2.65,1973,High
52,female,159.5,69.9,69.9,endurance,very active,2,7.4,1.72,2380,High
38,female,165.3,94.6,80.8,fat loss,very active,6,6.8,3.35,2162,High
66,female,162.4,76.1,76.1,maintenance,extremely active,4,8.1,2.83,2286,High
35,male,175.7,74.9,74.9,recomposition,very active,5,8.8,2.38,2601,High
61,male,178.2,87.0,99.8,muscle gain,moderately active,3,6.4,2.59,3195,Moderate
49,female,160.6,74.0,74.0,endurance,very active,2,7.8,2.29,2612,High
50,male,168.5,67.0,67.0,maintenance,lightly active,3,8.3,1.29,1899,Moderate
34,female,156.1,61.4,65.2,muscle gain,sedentary,2,6.3,1.81,1516,Low
60,female,176.5,67.9,67.9,endurance,sedentary,1,8.8,2.37,1754,Low
56,female,170.8,87.7,87.7,recomposition,sedentary,3,8.3,2.25,1926,Low
60,male,174.2,54.4,51.6,fat loss,extremely active,6,5.5,2.95,2318,High
59,male,172.7,74.9,69.1,fat loss,extremely active,1,8.9,2.89,2140,High
24,male,178.2,98.3,98.3,endurance,lightly active,2,5.6,2.11,3094,Moderate
63,female,167.2,68.1,68.1,recomposition,extremely active,2,6.2,1.83,2256,High
61,male,163.4,97.6,97.6,endurance,very active,2,7.8,3.03,2718,High
29,female,153.6,71.3,71.3,endurance,sedentary,1,8.2,2.63,1634,Low
69,male,182.4,67.2,67.2,recomposition,lightly active,2,7.1,2.06,1832,Low
44,male,175.6,77.9,77.9,endurance,lightly active,4,6.2,1.7,2467,Moderate
33,male,163.2,106.2,106.2,endurance,extremely active,3,6.7,2.03,3520,High
28,female,173.2,56.9,56.9,maintenance,very active,4,6.5,2.77,2462,High
35,female,153.1,46.7,46.7,recomposition,lightly active,6,8.0,3.68,1462,High
18,male,168.9,60.4,60.4,endurance,extremely active,1,6.5,2.35,3334,High
53,female,164.5,80.0,80.0,endurance,lightly active,2,6.2,1.92,1944,Moderate
54,female,172.7,72.7,72.7,endurance,extremely active,6,5.2,4.01,2809,High
52,female,165.3,78.0,78.0,endurance,very active,2,6.3,2.24,2365,High
45,female,149.7,73.9,80.3,muscle gain,very active,1,6.9,1.94,2591,High
35,male,175.8,79.5,79.5,maintenance,sedentary,2,5.6,2.21,2039,Low
55,male,186.0,84.2,84.2,endurance,sedentary,3,4.9,2.18,2167,Low
63,female,154.7,75.6,64.4,fat loss,extremely active,2,8.2,3.39,1892,High
20,male,169.1,81.9,71.9,fat loss,very active,4,5.8,1.33,2201,High
36,male,185.7,63.3,63.3,recomposition,lightly active,2,5.4,2.92,2265,Moderate
69,male,165.5,98.9,98.9,endurance,extremely active,4,8.9,2.49,3375,High
62,female,175.7,58.3,58.3,maintenance,lightly active,6,8.0,2.11,1783,Moderate
69,male,178.4,86.1,86.1,endurance,lightly active,2,8.2,2.26,2521,Low
25,male,168.8,65.5,67.6,muscle gain,lightly active,4,7.6,2.32,2329,High
41,female,169.4,68.0,68.0,maintenance,moderately active,5,8.6,2.56,2093,High
23,male,171.4,74.8,74.8,endurance,very active,1,8.1,2.18,2808,High
62,male,179.9,121.7,139.4,muscle gain,sedentary,3,6.6,2.45,2938,Low
44,male,162.1,79.8,79.8,endurance,extremely active,4,5.7,1.96,3246,High
29,male,177.3,68.5,68.5,endurance,lightly active,2,5.5,4.03,2416,Moderate
20,female,158.4,72.7,72.7,recomposition,extremely active,3,6.8,3.21,2585,High
55,female,175.1,83.4,79.2,fat loss,extremely active,3,5.7,2.84,2136,High
59,male,174.7,77.7,77.7,endurance,moderately active,6,6.0,2.19,2767,High
63,female,164.5,111.0,111.0,maintenance,sedentary,1,6.8,3.08,2235,Low
68,female,161.4,59.4,62.1,muscle gain,moderately active,4,8.7,2.71,2064,Moderate
59,female,159.8,72.7,72.7,maintenance,very active,6,5.2,2.58,2168,High
58,female,178.2,68.0,68.0,maintenance,extremely active,6,7.0,2.13,2611,High
59,female,159.9,68.6,74.2,muscle gain,sedentary,4,5.5,2.69,1758,Low
69,male,178.3,82.9,82.9,recomposition,very active,3,6.3,3.68,2642,High
41,male,159.0,69.8,64.4,fat loss,lightly active,1,8.1,2.56,1832,Low
56,female,163.3,56.9,56.9,recomposition,very active,2,6.0,2.32,2023,High
60,female,162.3,45.0,50.0,muscle gain,moderately active,5,6.7,2.57,2033,High
22,female,155.2,53.4,53.4,recomposition,extremely active,1,7.2,2.53,2252,High
53,male,181.2,77.9,77.9,endurance,sedentary,5,7.8,2.12,1779,Moderate
34,male,179.9,95.3,95.3,maintenance,moderately active,6,6.3,1.98,2977,High
23,female,170.2,41.9,41.9,endurance,very active,3,8.5,3.06,2136,High
25,male,161.0,75.1,83.2,muscle gain,lightly active,5,6.5,3.34,2547,High
22,female,163.4,42.2,42.2,endurance,lightly active,6,7.6,4.09,1873,High
64,female,160.5,67.6,67.6,maintenance,lightly active,5,6.8,2.82,1594,Moderate
57,female,159.5,52.3,52.3,maintenance,very active,4,7.9,2.58,1760,High
21,male,169.4,67.9,64.6,fat loss,lightly active,4,9.4,3.13,1732,Moderate
49,female,152.1,75.2,75.2,recomposition,extremely active,2,6.7,1.86,2643,High
51,female,158.1,80.7,80.7,recomposition,lightly active,1,7.0,2.95,1752,Low
44,female,169.3,64.2,64.2,maintenance,moderately active,5,6.5,3.23,2076,High
48,female,160.0,65.5,56.8,fat loss,extremely active,4,6.3,3.22,2117,High
64,male,184.9,80.4,80.4,recomposition,sedentary,6,6.2,3.67,1950,Low
44,female,160.4,54.6,54.6,recomposition,lightly active,5,7.0,2.08,1319,Moderate
51,female,171.7,80.3,80.3,endurance,extremely active,2,6.1,2.16,2829,High
46,female,156.5,72.8,72.8,endurance,lightly active,6,6.1,2.35,1824,High
37,female,164.9,69.4,76.9,muscle gain,lightly active,1,3.2,1.72,1901,Moderate
64,male,175.1,61.4,63.3,muscle gain,sedentary,1,8.7,2.88,1819,Low
38,female,163.5,51.1,51.1,endurance,sedentary,4,9.0,2.97,1246,Moderate
59,male,162.5,85.5,82.5,fat loss,sedentary,4,7.8,2.89,1547,Low
48,male,167.2,91.2,91.2,endurance,extremely active,5,6.0,2.6,3437,High
52,female,168.6,87.2,76.3,fat loss,moderately active,4,5.5,3.2,1787,Moderate
57,male,160.7,88.6,88.6,maintenance,lightly active,2,5.1,2.9,1974,Low
55,male,167.3,93.6,83.0,fat loss,extremely active,1,7.8,2.08,2819,High
46,female,163.3,58.9,58.9,endurance,very active,6,8.5,0.5,2132,High
49,female,151.1,96.4,96.4,maintenance,lightly active,3,7.2,2.27,2202,Moderate
43,male,186.9,79.5,79.5,endurance,lightly active,2,8.0,2.53,2512,Low
34,male,173.1,79.7,76.6,fat loss,lightly active,1,7.5,2.53,2050,Moderate
55,male,173.8,81.7,72.5,fat loss,very active,5,6.1,2.37,2333,High
63,female,161.2,64.1,64.1,maintenance,very active,6,8.2,2.12,2036,High
54,male,173.3,87.1,80.2,fat loss,very active,6,8.1,1.91,2214,High
57,female,149.4,78.3,78.3,maintenance,moderately active,6,5.8,1.78,2123,Moderate
60,female,174.5,56.0,56.0,recomposition,moderately active,2,8.0,2.8,1730,Moderate
35,female,158.9,85.0,85.0,maintenance,extremely active,1,6.8,3.26,2724,High
19,male,194.4,108.0,108.0,recomposition,moderately active,4,6.7,1.62,3216,High
34,female,151.8,71.1,63.3,fat loss,very active,4,7.5,2.46,1829,High
56,male,167.4,77.1,86.2,muscle gain,lightly active,1,7.4,3.05,2500,Low
60,male,177.6,86.3,81.1,fat loss,moderately active,6,8.1,2.37,1846,High
43,male,169.5,99.8,99.8,maintenance,sedentary,4,6.0,3.0,2534,Low
58,male,178.1,66.7,74.7,muscle gain,moderately active,5,7.7,3.25,2668,High
20,female,162.9,48.3,48.3,maintenance,extremely active,4,5.6,2.78,2354,High
50,male,167.2,69.2,61.4,fat loss,very active,6,6.8,2.15,2114,High
52,female,158.2,72.8,72.8,maintenance,extremely active,5,6.9,3.42,2236,High
43,male,182.0,80.1,80.1,recomposition,lightly active,4,8.2,2.31,2275,Low
54,male,178.5,79.3,71.6,fat loss,very active,4,7.0,2.31,2357,High
42,male,181.0,61.8,61.8,recomposition,very active,6,6.7,2.86,2486,High
44,male,177.6,92.7,101.6,muscle gain,very active,3,8.7,2.29,3631,High
48,male,176.2,62.0,62.0,endurance,very active,6,6.5,2.34,2820,High
58,female,160.6,55.4,55.4,endurance,moderately active,1,6.4,2.24,1723,Moderate
29,female,165.4,67.0,67.0,maintenance,lightly active,1,4.7,2.37,2066,Low
32,male,182.2,105.1,90.4,fat loss,moderately active,1,6.7,2.64,2514,Moderate
38,female,166.5,63.7,71.2,muscle gain,lightly active,3,5.9,1.12,2277,Moderate
26,female,162.7,78.3,78.3,recomposition,very active,4,6.7,2.43,2667,High
34,male,186.1,91.2,93.9,muscle gain,extremely active,6,7.3,1.26,4164,High
34,male,174.9,78.7,78.7,recomposition,sedentary,6,5.7,2.22,1860,Moderate
32,male,175.5,98.7,98.7,endurance,very active,1,6.0,2.74,3470,High
38,female,174.5,65.0,65.0,endurance,moderately active,5,5.1,2.27,2398,High
43,female,173.1,49.1,51.6,muscle gain,sedentary,2,6.4,2.99,1555,Low
53,male,169.3,62.4,62.4,endurance,lightly active,3,5.9,2.74,2107,Moderate
32,female,149.5,57.3,59.5,muscle gain,extremely active,6,9.6,0.99,2607,High
61,female,163.2,40.4,40.4,endurance,lightly active,6,8.8,3.34,1374,High
41,female,159.4,66.6,64.0,fat loss,sedentary,5,8.6,2.67,1183,Moderate
54,male,180.5,78.0,78.0,maintenance,very active,2,5.4,2.1,3106,Moderate
22,female,155.6,81.3,81.3,recomposition,lightly active,1,6.8,2.17,2035,Low
25,female,168.3,53.2,51.0,fat loss,lightly active,6,5.6,1.04,1402,High
40,female,169.9,69.2,69.2,maintenance,sedentary,2,9.2,2.65,1592,Low
35,female,171.2,82.7,88.2,muscle gain,very active,2,8.0,2.96,3178,High
42,female,160.3,60.5,60.5,endurance,extremely active,4,5.7,2.02,2455,High
24,female,155.6,75.0,75.0,maintenance,extremely active,2,7.4,1.87,2899,High
41,male,174.3,81.3,76.9,fat loss,sedentary,4,5.2,2.6,1544,Low
53,male,175.4,66.9,63.9,fat loss,extremely active,6,6.8,3.34,2330,High
55,male,168.8,63.3,58.3,fat loss,very active,3,6.8,3.26,1901,High
29,male,179.0,48.3,41.6,fat loss,extremely active,3,7.9,3.08,2454,High
34,female,161.4,63.4,63.4,maintenance,sedentary,6,8.2,3.91,1609,Moderate
44,female,159.5,86.0,90.7,muscle gain,extremely active,6,7.0,3.15,2953,High
43,female,167.6,76.2,80.2,muscle gain,lightly active,1,6.7,3.31,2331,Low
58,female,162.3,91.0,98.3,muscle gain,lightly active,5,3.1,2.56,2437,Moderate
37,male,180.5,69.9,69.9,maintenance,extremely active,1,8.9,2.26,3066,High
52,male,169.4,64.8,64.8,maintenance,very active,1,6.2,3.29,2383,High
63,female,165.4,71.9,71.9,maintenance,moderately active,4,7.1,1.81,1717,Moderate
32,male,182.6,68.4,68.4,endurance,very active,1,9.7,2.8,3225,High
60,female,157.0,59.8,66.1,muscle gain,lightly active,2,5.6,2.07,1541,Low
33,male,177.6,65.5,71.8,muscle gain,extremely active,3,7.0,2.74,3406,High
34,male,171.6,78.5,78.5,maintenance,sedentary,3,7.6,2.69,1821,Low
51,female,162.9,64.0,54.9,fat loss,moderately active,4,8.3,2.61,1707,High
49,female,159.3,91.5,91.5,recomposition,sedentary,6,7.0,2.49,1853,Low
45,female,164.7,63.4,63.4,maintenance,moderately active,3,8.4,2.87,2016,Moderate
28,male,184.3,82.8,93.6,muscle gain,moderately active,2,6.5,2.98,3404,High
21,female,171.3,73.6,79.3,muscle gain,extremely active,2,7.7,1.52,3252,High
65,female,172.9,50.7,50.7,maintenance,extremely active,6,7.5,2.47,1990,High
63,female,153.8,66.6,66.6,endurance,very active,2,6.9,2.21,1875,High
63,male,175.7,76.2,82.2,muscle gain,extremely active,1,7.4,2.64,3455,High
43,male,167.3,80.4,80.4,maintenance,sedentary,4,6.0,2.21,1848,Low
63,female,163.6,76.1,71.9,fat loss,moderately active,5,6.6,3.39,1867,Moderate
41,male,185.4,73.0,75.3,muscle gain,moderately active,1,5.5,2.45,2736,Moderate
20,female,159.1,55.9,55.9,recomposition,sedentary,4,6.5,3.19,1563,Moderate
26,male,182.1,73.2,73.2,recomposition,moderately active,3,8.4,1.83,2766,High
30,male,184.2,72.9,72.9,endurance,sedentary,5,7.5,2.3,2011,Moderate
36,female,153.7,56.7,56.7,maintenance,very active,1,7.4,2.07,1992,Moderate
66,male,178.9,74.9,74.9,endurance,lightly active,6,5.1,2.78,2196,Moderate
33,male,177.3,101.0,101.0,maintenance,extremely active,6,7.4,1.67,4498,High
49,female,170.4,69.7,63.5,fat loss,lightly active,5,6.9,1.3,1470,Moderate
30,male,180.2,72.0,63.6,fat loss,very active,4,7.6,2.06,2187,High
50,female,167.0,47.0,47.0,maintenance,very active,5,8.7,2.89,1958,High
46,male,180.1,94.5,106.0,muscle gain,extremely active,1,6.5,1.93,3681,High
24,female,169.0,72.5,62.0,fat loss,lightly active,6,6.6,2.69,1644,High
40,male,173.6,66.1,64.0,fat loss,lightly active,5,8.1,2.05,1660,High
21,male,172.8,104.3,104.3,recomposition,very active,5,6.3,1.27,3418,High
64,female,152.6,57.4,57.4,recomposition,sedentary,3,7.1,3.1,1153,Low
54,female,169.6,76.6,84.4,muscle gain,moderately active,1,4.6,2.95,2321,High
66,male,165.8,100.3,104.8,muscle gain,lightly active,4,6.6,2.47,2811,Moderate
63,female,155.9,60.3,60.3,maintenance,extremely active,4,8.6,2.53,2129,High
27,male,171.8,79.3,68.4,fat loss,moderately active,2,7.4,2.35,2157,Moderate
54,male,175.1,66.3,66.3,endurance,very active,6,8.1,1.78,2391,High
21,female,148.5,54.8,54.8,maintenance,extremely active,3,8.1,3.41,2385,High
67,female,164.2,73.2,77.0,muscle gain,sedentary,6,8.6,2.43,1649,Moderate
58,male,181.0,89.5,89.5,maintenance,very active,6,6.6,2.75,3054,High
52,female,166.1,80.6,72.1,fat loss,very active,1,8.1,2.15,1747,Moderate
69,male,166.7,104.7,110.0,muscle gain,moderately active,1,9.7,2.81,3087,Low
61,male,172.6,77.8,77.8,maintenance,sedentary,3,7.0,3.3,1890,Low
62,male,179.0,93.8,93.8,endurance,moderately active,4,5.4,2.62,2812,Low
21,male,176.3,83.1,83.1,endurance,sedentary,1,6.3,2.75,2187,Low
17,female,169.6,84.8,84.8,recomposition,extremely active,2,7.6,3.11,3210,High
67,male,176.5,90.5,97.7,muscle gain,sedentary,6,5.0,3.0,2154,Low
29,male,180.3,80.6,80.6,endurance,sedentary,3,6.1,3.23,2382,Low
39,female,171.7,65.4,60.9,fat loss,sedentary,4,6.6,2.72,1399,Moderate
18,female,157.4,71.2,73.6,muscle gain,lightly active,4,7.1,2.72,2114,Moderate
49,male,168.1,69.8,69.8,maintenance,sedentary,6,9.2,2.67,1892,Moderate
60,female,161.3,74.1,74.1,maintenance,very active,1,7.8,3.11,2165,Moderate
61,male,173.0,84.3,84.3,recomposition,sedentary,4,5.7,2.2,1923,Low
47,female,161.6,71.6,71.6,maintenance,very active,1,10.0,2.87,2165,Moderate
51,female,153.8,85.5,85.5,endurance,moderately active,1,7.0,4.11,2263,Moderate
43,male,172.1,78.8,78.8,maintenance,lightly active,3,5.0,2.75,2284,Low
40,male,175.1,80.7,80.7,recomposition,moderately active,6,5.8,1.66,2508,Moderate
45,female,177.1,78.4,72.5,fat loss,sedentary,3,5.8,2.3,1478,Low
66,male,168.6,104.3,90.3,fat loss,moderately active,5,5.4,2.93,2090,Moderate
29,male,178.1,89.3,100.3,muscle gain,moderately active,6,7.6,2.03,3132,High
41,female,167.4,66.8,61.8,fat loss,very active,1,3.8,1.82,1940,High
48,male,187.3,73.9,73.9,endurance,sedentary,5,8.2,1.53,2058,Low
46,female,167.0,60.4,60.4,recomposition,sedentary,6,8.0,2.35,1390,Moderate
17,female,164.6,61.0,61.0,endurance,sedentary,6,6.5,3.63,1666,Moderate
31,male,162.8,72.1,77.1,muscle gain,extremely active,5,8.1,2.13,3287,High
50,male,169.5,110.0,98.0,fat loss,lightly active,6,5.7,3.11,1976,Moderate
53,female,161.1,63.1,72.0,muscle gain,lightly active,4,6.0,2.3,1948,Moderate
55,male,204.1,48.8,42.4,fat loss,sedentary,1,7.7,2.23,1395,Low
69,male,183.4,70.1,74.5,muscle gain,lightly active,6,6.7,2.86,2170,Moderate
52,male,182.3,51.9,47.9,fat loss,moderately active,6,6.2,1.43,1719,High
47,female,163.3,54.4,58.4,muscle gain,extremely active,2,6.9,3.67,2278,High
33,male,169.1,68.0,68.0,recomposition,very active,6,8.6,2.88,2451,High
36,female,161.6,73.4,73.4,endurance,extremely active,4,8.5,3.24,3026,High
60,male,167.3,51.3,58.5,muscle gain,sedentary,3,7.5,2.32,1587,Low
41,female,157.6,75.0,75.0,endurance,moderately active,5,6.6,2.85,2209,High
54,female,169.4,49.2,49.2,recomposition,moderately active,4,7.6,3.15,1867,Moderate
22,male,181.8,78.2,74.9,fat loss,sedentary,5,6.0,2.44,1767,Moderate
22,female,161.7,90.1,84.7,fat loss,moderately active,3,8.4,1.89,1972,High
27,male,175.7,91.6,79.6,fat loss,moderately active,3,8.1,1.84,2058,High
26,male,174.9,84.9,84.9,recomposition,sedentary,1,9.3,2.2,2092,Low
48,female,165.9,79.2,79.2,recomposition,extremely active,6,6.0,2.66,2459,High
50,female,170.1,65.2,65.2,endurance,very active,2,5.9,2.39,2441,High
46,female,164.4,40.0,40.0,maintenance,extremely active,1,7.7,2.16,1889,High
31,male,165.2,85.8,74.7,fat loss,sedentary,1,6.7,2.97,1699,Low
47,male,171.5,94.4,94.4,endurance,sedentary,3,8.2,2.18,2445,Moderate
22,male,167.4,91.6,91.6,endurance,extremely active,3,8.6,2.08,3854,High
41,male,179.0,84.5,84.5,recomposition,extremely active,6,9.0,3.16,2932,High
24,male,179.6,83.3,83.3,endurance,very active,4,7.1,2.89,3351,High
20,female,169.6,60.4,63.4,muscle gain,lightly active,5,8.1,1.64,2286,High
24,male,172.9,85.7,85.7,maintenance,lightly active,1,6.4,1.57,2278,Low
22,female,169.8,68.7,68.7,maintenance,very active,1,7.3,1.72,2806,High
41,male,168.1,76.6,86.7,muscle gain,extremely active,2,6.9,2.48,3469,High
45,male,178.0,74.9,74.9,endurance,very active,3,6.9,3.32,3076,High
48,male,175.7,73.8,73.8,maintenance,moderately active,1,9.2,3.51,2431,Moderate
39,male,182.7,85.5,85.5,endurance,extremely active,6,5.4,3.03,3615,High
25,male,177.1,50.3,52.7,muscle gain,lightly active,6,7.0,3.84,2171,High
17,male,172.0,78.1,78.1,maintenance,sedentary,3,7.1,2.64,2329,Low
54,female,167.6,70.6,70.6,endurance,lightly active,5,7.8,3.28,2115,High
69,female,161.7,62.2,56.4,fat loss,moderately active,2,5.7,2.1,1577,Moderate
31,male,174.4,82.6,82.6,maintenance,very active,1,6.6,1.41,2724,High
27,male,165.8,109.5,109.5,recomposition,very active,6,6.3,2.28,3344,High
32,male,183.7,84.6,84.6,recomposition,very active,5,4.3,2.41,3092,High
27,male,182.5,48.7,48.7,recomposition,lightly active,5,8.4,4.31,1873,Moderate
28,male,167.7,60.3,60.3,recomposition,very active,5,5.2,2.5,2540,High
42,male,172.9,76.5,65.2,fat loss,sedentary,5,5.1,1.79,1439,Low
58,female,149.6,68.3,74.4,muscle gain,extremely active,5,8.1,3.18,2703,High
54,male,166.9,81.4,81.4,recomposition,moderately active,6,6.6,1.97,2129,High
67,male,161.9,75.9,75.9,maintenance,extremely active,6,6.6,2.6,2779,High
35,male,170.3,96.3,109.3,muscle gain,extremely active,6,6.7,3.11,4140,High
42,female,168.7,49.9,49.9,endurance,sedentary,3,8.3,1.85,1436,Moderate
36,male,164.9,77.1,80.9,muscle gain,sedentary,5,6.3,3.56,2366,Moderate
18,male,176.2,83.0,85.9,muscle gain,extremely active,2,7.7,3.29,3499,High
36,male,183.1,84.8,84.8,maintenance,moderately active,2,5.6,2.75,2812,Moderate
30,male,180.9,82.1,86.9,muscle gain,sedentary,6,7.4,3.73,2182,Low
41,male,174.1,46.2,46.2,maintenance,very active,3,8.1,2.23,2221,High
24,female,166.6,66.7,66.7,endurance,extremely active,6,8.7,3.06,2763,High
56,male,180.0,77.9,77.9,endurance,very active,3,5.1,2.7,2852,High
61,male,176.0,92.1,97.8,muscle gain,lightly active,2,6.6,2.05,2852,Moderate
67,female,165.0,66.7,72.0,muscle gain,lightly active,3,8.9,2.07,1721,Moderate
20,male,188.6,83.4,83.4,endurance,lightly active,4,8.1,3.92,2511,Moderate
22,male,169.2,84.4,84.4,maintenance,moderately active,1,6.8,3.24,2713,Moderate
68,male,154.9,98.9,84.3,fat loss,moderately active,4,7.0,3.12,2025,Low
61,female,162.6,64.0,64.0,maintenance,lightly active,1,7.4,2.06,1686,Low
47,female,155.8,62.1,62.1,recomposition,sedentary,3,6.6,3.0,1461,Low
33,female,161.4,54.5,54.5,maintenance,sedentary,2,7.7,2.24,1283,Low
43,female,166.1,80.7,80.7,recomposition,extremely active,4,7.6,3.69,2920,High
44,female,163.0,52.1,52.1,recomposition,extremely active,6,5.7,3.35,1989,High
61,female,153.1,70.1,61.7,fat loss,sedentary,1,6.4,3.14,1125,Low
44,female,161.1,91.6,91.6,endurance,lightly active,1,6.5,3.07,2229,Moderate
17,female,159.7,82.3,71.0,fat loss,moderately active,3,6.7,2.44,1699,High
53,female,164.4,74.6,68.3,fat loss,moderately active,5,7.3,2.84,1628,High
57,male,170.6,84.8,94.9,muscle gain,extremely active,2,7.2,3.58,3685,High
32,male,169.7,79.2,67.7,fat loss,very active,5,6.1,2.83,2431,High
22,female,159.8,56.3,56.3,recomposition,very active,1,8.6,1.91,2052,High
23,male,175.3,80.6,80.6,maintenance,very active,2,7.0,3.38,3130,High
61,male,176.4,81.7,84.6,muscle gain,very active,4,8.8,2.02,3216,High
40,female,165.0,73.1,73.1,endurance,extremely active,4,8.7,2.48,2752,High
44,female,173.0,78.3,86.0,muscle gain,extremely active,3,5.7,2.17,3250,High
67,female,170.9,83.9,83.9,endurance,moderately active,6,6.4,0.67,2186,High
19,male,169.9,64.7,64.7,maintenance,sedentary,3,6.5,2.62,1832,Low
27,male,172.2,73.0,73.0,recomposition,extremely active,4,7.4,4.02,2972,High
60,male,189.5,103.8,103.8,endurance,lightly active,1,7.9,2.72,2380,Low
45,male,165.6,65.7,73.4,muscle gain,lightly active,6,7.2,4.57,2361,High
17,female,167.5,62.6,55.1,fat loss,sedentary,4,6.3,2.39,1377,Moderate
53,male,175.7,62.5,62.5,recomposition,very active,3,9.0,2.66,2366,High
23,male,172.9,68.4,68.4,recomposition,sedentary,2,6.5,2.43,1976,Low
58,male,182.5,81.9,70.2,fat loss,extremely active,4,7.9,2.54,2605,High
59,female,167.6,64.9,64.9,endurance,lightly active,1,7.0,2.76,1905,Moderate
60,male,173.4,79.7,79.7,recomposition,sedentary,3,6.9,3.56,1979,Low
41,male,180.7,75.5,75.5,maintenance,very active,5,7.8,1.91,2963,High
30,female,153.3,83.1,75.9,fat loss,lightly active,5,8.9,2.51,1556,Low
63,female,157.6,75.1,75.1,endurance,lightly active,4,7.4,2.93,1898,Moderate
46,male,174.0,58.4,58.4,maintenance,sedentary,3,6.4,3.4,1661,Low
50,female,164.0,73.9,73.9,maintenance,very active,4,8.8,0.99,2227,High
23,female,178.8,78.7,70.2,fat loss,lightly active,2,7.6,1.52,1760,Moderate
49,male,176.0,79.4,79.4,recomposition,very active,4,7.2,2.53,2899,High
47,male,169.1,86.2,86.2,endurance,lightly active,2,8.2,3.28,2548,High
31,female,166.9,81.1,81.1,recomposition,moderately active,2,7.4,2.16,2385,Moderate
57,male,176.4,81.4,91.7,muscle gain,moderately active,5,9.9,2.97,2862,High
23,female,165.6,74.9,64.4,fat loss,moderately active,1,7.0,3.88,1934,Moderate
54,female,165.7,72.7,72.7,maintenance,extremely active,2,8.4,2.51,2621,High
67,female,157.1,92.4,92.4,maintenance,sedentary,3,7.5,2.34,1622,Low
46,female,162.3,75.2,86.2,muscle gain,lightly active,6,7.5,2.83,2193,High
21,male,170.9,89.1,89.1,recomposition,very active,5,6.6,2.63,3046,High
45,female,169.5,64.2,64.2,endurance,extremely active,3,6.6,2.68,2560,High
44,female,172.1,94.3,84.2,fat loss,moderately active,4,7.6,2.37,1987,High
45,male,188.2,87.9,99.2,muscle gain,sedentary,2,6.0,2.32,2385,Low
30,female,165.5,75.6,75.6,maintenance,extremely active,5,6.3,1.8,2763,High
49,male,185.1,79.4,67.5,fat loss,very active,3,7.0,2.93,2360,High
30,male,179.5,72.3,72.3,recomposition,moderately active,6,8.5,1.77,2603,High
46,male,182.9,89.2,84.7,fat loss,lightly active,6,7.1,1.93,2171,Moderate
48,male,188.0,94.4,84.4,fat loss,very active,2,7.1,1.66,2689,High
50,female,154.1,62.7,65.4,muscle gain,lightly active,3,5.7,2.27,1829,Moderate
59,male,169.4,52.0,52.0,maintenance,lightly active,6,9.0,2.52,1559,Moderate
63,male,179.7,54.4,54.4,recomposition,very active,1,8.3,1.73,2547,High
57,female,158.0,69.3,64.4,fat loss,lightly active,4,8.5,2.31,1300,Moderate
58,female,166.0,69.0,69.0,recomposition,extremely active,4,5.3,2.61,2211,High
62,male,173.3,61.8,57.8,fat loss,moderately active,4,7.4,1.4,1863,Moderate
29,male,170.8,76.2,76.2,endurance,moderately active,4,5.9,1.97,2568,High
31,female,177.4,70.7,70.7,maintenance,very active,4,7.9,3.76,2645,High
44,female,156.0,72.3,72.3,recomposition,very active,3,7.4,2.0,2098,High
41,female,154.0,73.1,67.0,fat loss,moderately active,3,7.6,3.0,1621,High
53,female,164.5,55.1,55.1,recomposition,lightly active,6,6.1,2.14,1511,High
16,male,163.9,92.6,92.6,maintenance,extremely active,1,5.8,2.64,3308,High
23,female,167.7,65.7,65.7,maintenance,very active,1,6.2,1.94,2447,High
56,male,170.4,62.1,57.2,fat loss,sedentary,1,7.4,1.17,1438,Low
60,male,179.0,89.8,89.8,recomposition,very active,4,6.7,2.19,2809,High
32,female,159.0,83.0,83.0,endurance,extremely active,2,7.3,2.81,3627,High
32,female,174.3,87.6,87.6,endurance,moderately active,1,5.8,2.97,2691,High
46,male,164.8,96.0,96.0,endurance,extremely active,2,7.0,2.6,3268,High
41,male,191.3,81.1,81.1,recomposition,lightly active,2,8.7,1.96,2286,Low
25,female,158.9,78.2,82.2,muscle gain,lightly active,1,7.4,3.14,2027,Moderate
43,male,178.5,98.2,109.6,muscle gain,moderately active,5,7.5,1.99,3489,High
60,female,168.6,61.7,55.6,fat loss,sedentary,1,7.5,2.04,1273,Low
55,male,170.4,49.5,52.3,muscle gain,sedentary,6,6.4,1.81,1821,Moderate
60,female,158.9,94.3,100.0,muscle gain,moderately active,6,9.0,2.2,2432,High
50,male,161.6,96.8,96.8,recomposition,sedentary,6,7.4,2.29,1872,Moderate
63,male,177.0,83.6,75.1,fat loss,sedentary,2,7.2,2.71,1636,Low
29,male,166.5,85.5,85.5,endurance,moderately active,2,7.8,1.55,2768,High
18,female,157.4,67.6,67.6,recomposition,lightly active,6,8.1,2.18,1745,Moderate
22,female,158.6,83.8,83.8,recomposition,sedentary,4,5.5,1.94,1673,Moderate
69,female,160.1,94.3,94.3,maintenance,moderately active,4,7.1,2.8,2478,Moderate
50,female,162.9,73.5,83.2,muscle gain,lightly active,6,9.7,2.71,2009,Moderate
29,male,157.0,75.1,75.1,maintenance,very active,2,9.0,1.78,2884,Moderate
62,female,166.2,56.0,56.0,recomposition,moderately active,3,6.9,2.84,1715,Low
32,female,163.4,61.1,61.1,endurance,sedentary,1,7.9,2.46,1568,Low
48,female,164.9,50.4,50.4,recomposition,very active,5,6.6,3.06,1862,High
29,female,167.4,61.3,61.3,endurance,extremely active,2,7.4,2.05,2538,High
21,female,151.2,75.3,75.3,maintenance,very active,1,6.5,2.91,2685,High
30,female,170.5,70.8,70.8,maintenance,sedentary,3,6.4,3.11,1659,Low
28,female,157.2,90.5,90.5,recomposition,moderately active,4,6.3,2.55,2387,High
45,male,174.4,88.1,88.1,recomposition,sedentary,2,9.0,3.97,1937,Low
17,female,165.4,66.2,71.9,muscle gain,sedentary,6,6.4,2.84,1840,High
28,male,192.3,89.4,89.4,maintenance,sedentary,5,8.4,3.73,2505,Moderate
46,female,166.4,83.1,83.1,maintenance,extremely active,6,6.5,4.27,2724,High
37,male,182.6,67.8,67.8,recomposition,extremely active,3,6.3,1.33,2634,High
50,female,161.0,73.7,79.5,muscle gain,moderately active,3,7.5,3.31,2372,High
51,male,176.7,72.4,64.2,fat loss,extremely active,4,5.4,2.86,2297,High
68,female,168.0,75.1,75.1,endurance,moderately active,6,7.8,2.67,2136,High
61,male,180.5,86.0,93.4,muscle gain,sedentary,4,6.8,2.04,2385,Low
28,male,176.0,70.2,60.3,fat loss,extremely active,3,6.3,1.88,2588,High
53,female,158.1,67.3,71.4,muscle gain,very active,4,6.1,1.76,2514,High
49,female,178.2,65.4,65.4,endurance,very active,1,9.4,4.06,2274,High
48,male,177.0,83.6,74.6,fat loss,sedentary,6,7.0,2.84,1757,Low
59,male,164.2,76.8,76.8,recomposition,extremely active,5,6.9,1.55,2667,High
23,female,161.0,45.9,45.9,maintenance,sedentary,3,8.0,1.76,1305,Low
36,female,160.7,40.5,40.5,recomposition,sedentary,1,6.0,1.08,1039,Low
60,male,167.2,114.1,114.1,recomposition,sedentary,2,8.4,3.33,2116,Low
64,female,157.6,59.4,61.8,muscle gain,extremely active,4,7.0,2.53,2226,High
18,male,176.0,74.0,84.8,muscle gain,extremely active,6,5.3,2.86,3562,High
41,female,154.6,60.7,60.7,recomposition,sedentary,3,6.4,2.5,1404,Low
30,male,168.7,86.6,86.6,endurance,moderately active,6,5.7,3.16,3188,High
25,male,181.3,71.1,71.1,endurance,moderately active,4,7.1,2.22,2654,High
19,male,174.4,64.7,68.9,muscle gain,moderately active,5,6.0,2.71,2875,High
45,female,166.7,64.9,70.8,muscle gain,lightly active,1,5.9,2.69,1941,Low
52,female,161.9,76.3,76.3,endurance,sedentary,5,7.4,1.69,1605,Moderate
44,male,173.8,74.2,74.2,recomposition,sedentary,2,7.1,1.99,1727,Low
35,female,155.4,72.1,65.3,fat loss,extremely active,3,8.5,2.29,2265,High
57,female,167.6,78.4,78.4,recomposition,very active,2,8.4,2.72,2272,Moderate
51,female,167.2,68.2,70.7,muscle gain,extremely active,4,7.1,3.47,2758,High
65,female,164.7,85.7,74.2,fat loss,extremely active,4,7.6,2.58,2041,High
34,male,168.1,83.9,80.4,fat loss,lightly active,3,5.3,2.44,1905,Moderate
28,male,170.4,111.2,116.5,muscle gain,sedentary,1,7.8,2.72,2639,Low
40,female,160.7,55.8,58.2,muscle gain,very active,4,7.5,2.39,2590,High
43,male,174.0,107.2,107.2,recomposition,lightly active,3,8.1,2.48,2585,Low
40,male,179.4,72.1,61.3,fat loss,very active,5,6.6,3.56,2292,High
60,male,169.5,103.4,90.7,fat loss,extremely active,5,6.6,2.34,2753,High
18,female,163.5,59.9,59.9,recomposition,extremely active,3,6.7,2.68,2667,High
44,female,175.4,61.7,61.7,maintenance,lightly active,1,8.7,2.05,1829,Low
39,female,156.0,50.2,52.0,muscle gain,moderately active,4,7.3,3.38,1890,High
27,male,170.7,75.2,70.0,fat loss,very active,5,5.2,1.86,2353,High
50,male,171.0,90.1,85.5,fat loss,lightly active,5,7.8,2.45,1987,Moderate
59,female,164.7,91.7,101.6,muscle gain,moderately active,3,6.4,3.19,2771,Moderate
45,male,167.0,55.2,57.0,muscle gain,lightly active,2,8.3,1.89,2146,Moderate
20,female,167.2,61.3,61.3,maintenance,moderately active,1,7.6,3.11,2195,Moderate
20,male,174.1,92.2,92.2,recomposition,very active,4,8.5,1.07,3325,High
38,male,175.4,83.9,76.1,fat loss,extremely active,2,8.2,1.74,2224,High
52,male,183.9,86.6,86.6,maintenance,moderately active,5,8.1,2.43,2743,Low
32,female,157.3,50.7,50.7,maintenance,lightly active,4,8.4,4.19,1551,Moderate
32,female,159.8,72.5,66.8,fat loss,sedentary,1,8.0,2.6,1351,Low
62,male,179.5,78.7,78.7,maintenance,very active,5,6.2,2.62,2826,Moderate
16,female,165.9,68.2,60.2,fat loss,extremely active,2,5.6,3.3,2414,High
20,female,175.3,55.7,60.4,muscle gain,moderately active,6,6.0,1.74,2215,High
24,female,164.9,70.0,70.0,recomposition,extremely active,1,7.9,0.5,2504,High
69,female,147.9,49.5,55.0,muscle gain,moderately active,3,4.3,3.71,1501,Moderate
42,male,185.2,83.4,83.4,recomposition,moderately active,1,7.0,2.92,2535,Moderate
24,female,161.6,78.8,76.0,fat loss,sedentary,4,6.7,2.19,1337,Moderate
32,female,155.3,63.2,63.2,maintenance,moderately active,3,8.5,2.54,2241,Moderate
68,male,170.9,96.8,96.8,endurance,moderately active,4,6.9,3.24,2913,High
53,male,163.1,83.8,83.8,maintenance,moderately active,5,6.6,2.41,2361,High
28,female,158.3,41.3,41.3,endurance,moderately active,6,8.6,2.6,1794,High
28,female,151.5,72.3,77.6,muscle gain,moderately active,3,6.9,3.92,2314,High
20,male,165.7,83.4,77.3,fat loss,very active,4,6.7,1.63,2472,High
57,male,180.4,42.7,42.7,maintenance,sedentary,4,6.4,2.86,1459,Low
23,female,161.9,95.9,100.5,muscle gain,moderately active,6,7.3,1.64,2673,High
31,male,174.8,84.4,84.4,recomposition,moderately active,2,6.6,3.59,2540,Moderate
34,male,172.9,77.0,81.3,muscle gain,lightly active,4,6.6,2.71,2811,Moderate
49,female,167.0,69.8,69.8,recomposition,moderately active,6,8.7,2.02,1792,High
48,female,166.2,74.0,64.1,fat loss,very active,2,7.1,1.45,2026,High
59,male,167.4,99.4,104.2,muscle gain,extremely active,3,6.5,2.25,3850,High
32,male,170.4,75.3,80.2,muscle gain,lightly active,3,5.8,2.63,2500,High
36,male,172.9,66.4,66.4,recomposition,sedentary,5,7.2,3.31,1870,Moderate
36,male,176.7,87.6,94.0,muscle gain,lightly active,5,6.3,1.73,2815,High
18,female,159.3,63.5,63.5,maintenance,lightly active,1,6.6,1.92,1654,Moderate
55,male,176.5,75.0,80.8,muscle gain,sedentary,2,6.0,2.15,2076,Low
44,male,164.3,73.5,73.5,recomposition,moderately active,5,7.2,1.96,2226,Moderate
41,male,179.7,79.9,84.5,muscle gain,moderately active,5,5.4,2.14,3249,High
69,female,170.7,65.7,65.7,recomposition,extremely active,4,7.5,1.84,2145,High
25,female,168.6,57.3,53.8,fat loss,very active,3,6.3,2.79,1827,High
68,female,166.7,56.0,56.0,recomposition,moderately active,6,7.9,2.16,1508,Moderate
52,male,177.3,91.9,91.9,recomposition,very active,6,7.6,2.51,2893,High
27,female,173.1,68.4,59.2,fat loss,lightly active,3,7.1,2.71,1502,Low
52,male,176.4,85.6,76.9,fat loss,sedentary,3,8.0,1.53,1742,Low
56,female,156.2,80.3,84.9,muscle gain,moderately active,6,8.9,2.92,2265,High
35,female,170.9,68.2,68.2,endurance,moderately active,3,8.5,2.65,2137,High
34,female,163.2,54.2,59.9,muscle gain,lightly active,3,5.4,2.65,2035,Moderate
61,male,166.9,64.0,64.0,maintenance,extremely active,6,6.3,2.41,2422,High
24,female,166.9,68.5,68.5,maintenance,moderately active,1,6.4,2.31,2277,Low
16,female,159.9,50.6,52.3,muscle gain,moderately active,5,7.8,2.54,1999,High
51,female,157.1,88.4,88.4,maintenance,very active,5,6.4,2.57,2545,High
64,male,165.0,82.5,75.0,fat loss,lightly active,3,6.3,1.67,1804,Low
43,female,165.3,56.2,56.2,recomposition,moderately active,2,6.1,3.6,1725,Moderate
23,female,164.4,63.8,59.8,fat loss,extremely active,6,7.4,2.01,1963,High
45,male,166.5,83.5,83.5,maintenance,very active,5,7.8,2.55,2659,High
29,female,161.0,43.4,47.0,muscle gain,extremely active,6,5.5,3.32,2406,High
60,male,171.5,75.8,75.8,maintenance,sedentary,3,6.4,2.26,2055,Low
49,female,173.1,79.0,79.0,maintenance,very active,6,4.7,2.67,2691,High
34,female,169.9,76.5,76.5,recomposition,very active,5,4.1,0.97,2624,High
49,male,178.3,87.5,87.5,recomposition,extremely active,2,7.6,1.11,2955,High
52,male,159.6,80.5,91.9,muscle gain,extremely active,3,7.4,2.48,3510,High
52,female,157.3,53.2,53.2,maintenance,sedentary,2,7.2,2.63,1391,Low
35,male,174.3,80.1,89.9,muscle gain,moderately active,4,8.9,3.27,3041,High
46,male,172.7,95.9,102.6,muscle gain,extremely active,2,5.0,3.06,3713,High
18,male,174.2,67.8,74.3,muscle gain,extremely active,5,4.5,1.39,3788,High
37,female,174.2,60.5,60.5,maintenance,sedentary,3,5.7,3.39,1552,Low
36,female,152.0,59.6,59.6,recomposition,moderately active,4,4.5,1.67,1844,High
44,female,154.9,65.5,65.5,recomposition,lightly active,4,6.3,3.1,1585,High
67,male,173.0,92.0,89.2,fat loss,very active,4,7.7,2.18,2170,High
67,male,176.1,94.9,84.9,fat loss,moderately active,5,7.4,4.4,2080,Moderate
42,female,145.0,57.4,65.8,muscle gain,lightly active,4,8.2,2.09,1910,High
50,female,150.9,70.2,70.2,maintenance,moderately active,4,7.4,2.45,1779,Moderate
21,female,161.2,53.8,60.1,muscle gain,extremely active,4,6.5,2.61,2885,High
42,female,172.5,77.5,77.5,endurance,lightly active,4,6.4,2.33,2248,High
53,female,176.2,77.4,77.4,maintenance,lightly active,5,7.5,1.8,1971,Moderate
52,male,167.2,81.2,81.2,endurance,sedentary,3,5.2,4.04,1952,Low
68,male,164.9,81.2,81.2,endurance,sedentary,2,3.2,2.07,1757,Low
41,female,157.1,72.0,67.1,fat loss,sedentary,2,7.5,2.05,1382,Low
65,female,167.4,56.5,56.5,endurance,sedentary,2,7.3,2.42,1317,Low
68,female,173.7,68.4,63.7,fat loss,moderately active,4,8.9,2.64,1310,Moderate
46,female,171.8,66.0,57.6,fat loss,moderately active,5,7.8,2.02,1696,High
20,male,168.7,71.9,71.9,maintenance,very active,2,7.4,3.17,2661,High
36,male,176.6,111.6,111.6,maintenance,very active,4,6.6,2.61,3504,High
57,female,163.1,40.0,40.0,recomposition,sedentary,3,6.0,2.51,1020,Low
47,female,172.7,59.7,55.4,fat loss,very active,6,6.7,2.89,1705,High
66,male,181.9,88.0,84.1,fat loss,moderately active,6,8.1,1.91,2107,High
60,male,175.8,75.9,75.9,recomposition,sedentary,6,7.6,2.09,1811,Low
19,female,160.5,51.1,51.1,maintenance,very active,6,8.1,2.48,2345,High
62,female,161.0,56.2,61.9,muscle gain,very active,6,7.1,3.15,2120,High
35,female,150.3,54.2,49.6,fat loss,moderately active,4,5.9,2.33,1429,High
60,male,177.7,99.2,108.8,muscle gain,sedentary,4,8.4,2.28,2394,Low
